pl_name,pl_rade,pl_bmasse,pl_orbper,pl_eqt,st_teff,st_rad,st_mass
"HD 2039 b",12.70000000,1999.15070000,1120.00000000000,210.84,5945.00,1.190000,1.230000
"KOI-142 b",3.43800000,9.50000000,10.91647000000,758.00,5466.00,0.897000,0.990000
"HAT-P-8 b",15.69260000,406.82240000,3.07634000000,1713.00,6200.00,1.570000,1.270000
"K2-43 b",4.51000000,18.50000000,3.47114900000,939.30,3840.60,0.542000,0.571000
"Kepler-1753 b",2.22678077,5.59000000,16.00460052000,583.00,5180.00,0.769000,0.860000
"Kepler-1176 b",2.45000000,6.57000000,24.17385790000,595.00,5844.00,1.020000,1.010000
"K2-126 b",1.97000000,4.54000000,7.38565500000,601.00,4339.00,0.650000,0.690000
"Kepler-1263 b",1.14000000,1.55000000,4.55139967000,907.00,5213.00,0.800000,0.840000
"Kepler-1416 b",0.88000000,0.61500000,1.49514952000,1870.00,6019.00,1.150000,1.090000
"Kepler-1542 c",0.65000000,0.20800000,2.89223021000,1287.00,5564.00,0.990000,0.940000
"K2-85 b",1.40000000,3.20000000,0.68453862616,1355.00,4232.00,0.710000,0.700000
"Kepler-368 c",3.88000000,14.30000000,72.37933400000,575.00,5502.00,2.019000,1.165000
"K2-123 b",2.76000000,8.05000000,30.95152400000,338.00,4035.00,0.590000,0.620000
"Kepler-770 b",2.30000000,5.90000000,18.92540274000,1171.00,5598.00,0.920000,0.940000
"Kepler-1399 b",1.25000000,2.10000000,1.63865305800,1610.00,5735.00,0.960000,0.970000
"Kepler-723 b",12.19000000,,4.08227506800,1016.00,5539.00,0.890000,0.920000
"K2-107 b",15.98000000,266.97720000,3.31395900000,1649.00,6061.00,1.810000,1.300000
"K2-45 b",6.71000000,36.40000000,1.72926840000,1073.56,4103.00,0.445000,0.503000
"K2-365 b",2.90600000,8.78000000,23.44817200000,,5561.00,1.051000,0.823000
"K2-127 b",8.37000000,52.90000000,3.58816300000,809.00,4575.00,0.660000,0.720000
"K2-195 b",3.13000000,9.96000000,15.85297500000,720.00,5713.00,0.990000,0.940000
"K2-80 c",1.47000000,2.76000000,5.60500000000,1002.42,5441.00,0.870000,0.900000
"K2-229 c",2.03000000,7.00000000,8.32727000000,750.00,5315.00,0.790000,0.870000
"HAT-P-3 b",10.53646000,206.58950000,2.89970000000,1189.00,5185.00,0.870000,1.060000
"WASP-32 b",10.76064000,835.89290000,2.71866000000,1388.00,6140.00,0.950000,0.720000
"WASP-24 b",15.46842000,394.10920000,2.34121000000,1772.00,6075.00,1.420000,1.430000
"Kepler-65 c",2.58000000,5.40000000,5.85994400000,1246.00,6211.00,1.410000,1.250000
"TrES-2 b",15.24424000,473.56670000,2.47063000000,1466.00,5850.00,1.120000,1.360000
"Kepler-939 b",1.75000000,3.71000000,14.87829600000,692.00,5471.00,0.850000,0.880000
"Kepler-1028 b",1.33000000,2.33000000,2.51462432000,1217.00,5522.00,0.870000,0.900000
"HAT-P-67 b",23.98721870,143.02278315,4.81010690000,1903.00,6640.00,2.620000,1.730000
"Kepler-1101 b",2.47000000,6.66000000,81.31510590000,393.00,5614.00,0.910000,0.940000
"Kepler-1388 b",2.59000000,7.22000000,12.28546030000,434.00,4098.00,0.610000,0.630000
"Kepler-768 b",1.79000000,3.86000000,11.39100250000,618.00,5108.00,0.780000,0.820000
"Kepler-796 b",1.30000000,2.24000000,6.40087618000,1109.00,5475.00,1.090000,0.930000
"Kepler-110 b",1.83000000,4.01000000,12.69111200000,1008.00,5960.00,1.149000,0.989000
"Kepler-1042 b",2.19000000,5.43000000,10.13202575000,574.00,4815.00,0.720000,0.750000
"Kepler-334 c",1.43000000,2.63000000,12.75800500000,822.00,5828.00,1.068000,1.022000
"Kepler-937 b",3.72000000,13.40000000,67.66882700000,495.00,6095.00,1.220000,1.150000
"Kepler-1117 b",1.11000000,1.41000000,4.79028459000,938.00,5612.00,0.930000,0.950000
"Kepler-1789 b",2.83137505,8.40000000,80.23190308000,380.00,5436.00,0.888000,0.920000
"Kepler-1831 b",1.97019818,4.54000000,5.78387022000,1051.00,6063.00,1.012000,1.117000
"Kepler-1245 b",1.44000000,2.67000000,4.35409304000,1043.00,5306.00,0.830000,0.860000
"Kepler-114 b",1.26000000,1.09000000,5.18854900000,586.00,4605.00,0.667000,0.770000
"Kepler-1105 b",2.01000000,4.70000000,4.42157218200,729.00,4299.00,0.680000,0.710000
"Kepler-187 b",1.41000000,2.57000000,4.93886400000,1244.00,6105.00,1.287000,1.081000
"Kepler-1379 b",1.30000000,2.24000000,0.88184114600,1564.00,5188.00,0.790000,0.830000
"Kepler-304 c",2.17000000,5.35000000,5.31594600000,746.00,4731.00,0.687000,0.737000
"Kepler-1291 b",1.66000000,3.39000000,8.63043276000,739.00,5216.00,0.800000,0.840000
"Kepler-304 e",1.20000000,1.87000000,1.49914695300,1137.00,4817.00,0.730000,0.800000
"Kepler-461 b",2.58000000,7.18000000,8.31378305900,886.00,5634.00,0.910000,0.980000
"Kepler-1894 b",1.20117759,1.87000000,2.76266002700,1231.00,5772.00,0.901000,0.999000
"Kepler-576 b",3.27000000,10.70000000,29.91136794000,541.00,5672.00,0.970000,0.990000
"Kepler-1893 b",1.70557445,3.55000000,4.17936992600,1194.00,5633.00,1.162000,0.973000
"Kepler-1601 b",0.82000000,0.47700000,2.20921951000,1507.00,5869.00,1.070000,1.040000
"Kepler-1922 b",2.29064904,5.86000000,13.22259998000,740.00,5931.00,0.863000,0.953000
"HD 80653 b",1.62100000,5.61000000,0.71957926000,2438.00,5959.00,1.199000,1.150000
"Kepler-1542 d",0.87000000,0.59000000,5.99273738000,1010.00,5564.00,0.990000,0.940000
"Kepler-666 b",2.40000000,6.35000000,4.49876092000,1133.00,5887.00,1.050000,1.030000
"Kepler-211 c",1.29000000,18.30000000,6.04045000000,841.00,5123.00,0.816000,0.867000
"Kepler-203 c",2.47000000,749.90000000,5.37064700000,1096.00,5821.00,1.114000,1.060000
"GJ 674 b",3.33000000,11.09000000,4.69380000000,530.80,3600.00,0.364630,0.350000
"OGLE-TR-182 b",12.66600000,320.99500000,3.97910000000,1550.00,5924.00,1.140000,1.140000
"HD 69830 c",3.46000000,11.80000000,31.56000000000,567.04,5385.00,0.886947,0.860000
"GJ 3021 b",13.10000000,1071.04000000,133.71000000000,350.00,5540.00,0.900000,0.900000
"HD 221287 b",13.10000000,982.05000000,456.10000000000,290.13,6304.00,1.138640,1.250000
"HD 47536 b",12.60000000,2330.00000000,712.13000000000,736.52,4380.00,23.470000,2.100000
"HD 107148 b",9.60000000,66.74100000,48.05600000000,582.78,5797.00,1.169193,1.120000
"HD 179949 b",13.90000000,291.12000000,3.09251400000,1590.53,6168.00,1.266865,1.210000
"HD 188015 b",13.60000000,476.72000000,461.20000000000,267.98,5746.00,1.125296,1.090000
"HD 27442 b",13.50000000,495.80000000,428.10000000000,369.62,4846.00,3.180000,1.230000
"HD 46375 b",10.00000000,71.80000000,3.02357300000,1221.40,5285.00,0.914196,0.920000
"HAT-P-2 b",10.65975900,2866.81223114,5.63351580000,1540.00,6380.00,1.390000,1.330000
"HD 109749 b",11.10000000,85.81410000,5.23989100000,1250.83,5824.00,1.220000,1.130000
"HD 149143 b",13.60000000,422.71390000,4.07182000000,1471.90,5856.00,1.440000,1.200000
"HD 224693 b",14.00000000,222.48100000,26.69040000000,903.45,5894.00,1.930000,1.310000
"HD 231701 b",13.70000000,359.14790000,141.63000000000,483.27,6101.00,1.530000,1.210000
"HIP 14810 b",13.00000000,1239.53700000,6.67389200000,1048.20,5544.00,1.070000,1.010000
"HIP 14810 d",14.10000000,187.51970000,981.80000000000,198.54,5544.00,1.070000,1.010000
"HD 207832 b",14.20000000,177.98480000,160.07000000000,340.28,5726.00,0.890000,1.050000
"HD 37605 c",13.10000000,1013.87770000,2720.00000000000,126.75,5329.00,0.910000,0.940000
"HD 1605 c",13.00000000,1150.54460000,2149.00000000000,233.88,4915.00,3.490000,1.330000
"HD 55696 b",12.90000000,1357.12729789,1827.00000000000,200.43,6012.00,1.520000,1.290000
"HD 148164 c",12.80000000,1640.00280000,5062.00000000000,135.77,6032.00,1.340000,1.210000
"HD 211810 b",14.00000000,212.94610000,1558.00000000000,177.77,5652.00,1.130000,1.030000
"HD 221416 b",9.17000000,60.50000000,14.27670000000,1314.67,5080.00,2.943000,1.212000
"Kepler-595 c",1.00900000,3.30000000,12.38602000000,679.00,5138.50,0.821000,0.930000
"Kepler-595 b",3.70800000,17.40000000,25.30290920000,535.00,5138.50,0.821000,0.930000
"PSR B1257+12 b",0.33800000,0.02000000,25.26200000000,,,,1.400000
"PSR B1257+12 c",1.91000000,4.30000000,66.54190000000,,,,1.400000
"OGLE-TR-211 b",15.24400000,327.35100000,3.67724000000,1686.00,6325.00,1.640000,1.330000
"Lupus-TR-3 b",9.97600000,257.43100000,3.91405000000,1013.56,5000.00,0.820000,0.870000
"2MASS J04414489+2301513 b",12.60000000,2383.60000000,,17.60,2936.00,0.231916,0.019000
"WASP-21 b",11.99000000,95.34500000,4.32248200000,1333.00,5800.00,1.060000,1.010000
"CoRoT-10 b",10.87000000,874.00000000,13.24060000000,600.00,5075.00,0.790000,0.890000
"CoRoT-12 b",16.14000000,291.43800000,2.82804200000,1442.00,5675.00,1.116000,1.078000
"CoRoT-11 b",16.03000000,740.51000000,2.99433000000,1657.00,6440.00,1.370000,1.270000
"CoRoT-13 b",9.92000000,415.70400000,4.03519000000,1700.00,5945.00,1.010000,1.090000
"HD 285968 b",2.83000000,8.40000000,8.78360000000,450.00,3703.49,0.478214,0.500000
"HD 205739 b",13.60000000,435.41000000,279.80000000000,362.84,6176.00,1.330000,1.220000
"CoRoT-3 b",11.32000000,6883.91000000,4.25680000000,1695.00,6740.00,1.560000,1.370000
"HD 16417 b",5.00000000,22.10000000,17.24000000000,964.00,5841.00,1.639984,1.200000
"AB Pic b",12.30000000,4290.50000000,,15.80,5285.00,0.999394,0.900000
"CT Cha b",24.66000000,5403.00000000,,2600.00,4403.00,1.679694,
"HD 9446 b",14.00000000,222.47200000,30.05200000000,642.55,5793.00,1.000000,1.000000
"Kepler-4 b",4.00200000,24.47200000,3.21346000000,1650.00,5857.00,1.487000,1.223000
"GJ 876 c",14.00000000,226.98460000,30.08810000000,241.66,3293.74,0.300000,0.320000
"HIP 79431 b",13.40000000,667.41500000,111.70000000000,177.42,3191.00,0.478625,0.490000
"WASP-31 b",17.36300000,151.91600000,3.40590960000,1423.70,6302.00,1.252000,1.163000
"24 Sex b",13.40000000,632.46000000,452.80000000000,471.32,5098.00,4.900000,1.540000
"WASP-37 b",13.00200000,572.07000000,3.57746900000,1232.50,5800.00,1.003000,0.925000
"Kepler-9 d",1.64000000,8.41466053,1.59285100000,2026.00,5777.00,1.020000,1.070000
"KOI-217 b",12.44200000,,3.90512000000,1046.00,5545.00,0.860000,0.950000
"HD 90156 b",4.43000000,17.98000000,49.77000000000,518.01,5599.00,0.920286,0.840000
"HD 177830 c",7.87000000,47.67250000,110.90000000000,538.95,4949.00,2.620000,1.470000
"ups And b",14.00000000,218.53100000,4.61703300000,1523.73,6156.77,1.560000,1.300000
"ups And d",12.50000000,3257.74117175,1276.46000000000,233.90,6156.77,1.560000,1.300000
"OGLE-2017-BLG-0373L b",14.00000000,127.00000000,,,,,0.248000
"Kepler-1737 b",5.39500000,25.10000000,64.61750031000,383.00,5043.00,0.881000,0.834000
"K2-269 b",1.57000000,3.09000000,4.14496500000,1429.00,6209.00,1.450000,1.160000
"TOI-1249 b",3.27103010,11.90000000,13.07915100000,726.89,5497.00,0.978500,1.006200
"Kepler-106 d",0.95000000,8.10000000,23.98020000000,649.00,5858.00,1.040000,1.000000
"Kepler-1031 b",0.87000000,0.59000000,1.22621732000,2024.00,6011.00,1.120000,1.090000
"CD-35 2722 b",17.37392009,9375.93800650,,1800.00,3689.00,0.558549,0.400000
"Kepler-948 b",1.85000000,4.08000000,7.76846622000,841.00,5679.00,0.940000,0.960000
"OGLE-2014-BLG-0319L b",14.10000000,181.16219199,,,,,0.520000
"OGLE-2018-BLG-1011L b",13.50000000,570.00000000,,,,,0.180000
"WASP-61 b",15.80469000,851.78440000,3.85590000000,1624.40,6250.00,1.550000,1.820000
"KMT-2022-BLG-0303L b",14.20000000,163.04597279,,,,,0.368000
"OGLE-2019-BLG-0954L b",12.30000000,4513.16337940,,,,,0.800000
"WASP-123 b",15.13212395,285.72917000,2.97764359000,1500.00,5740.00,1.285000,1.166000
"Kepler-1882 b",1.48674404,2.81000000,13.78730011000,894.00,5691.00,1.458000,1.068000
"KOI-984 b",4.30000000,17.10000000,4.28817850000,1022.00,5295.00,0.818000,0.928000
"Kepler-1573 b",1.20000000,1.87000000,2.61575540000,1379.00,5808.00,1.000000,1.010000
"Kepler-802 b",3.54000000,12.30000000,40.05874730000,489.00,5507.00,0.900000,0.930000
"KMT-2023-BLG-1454L b",14.10000000,200.23189641,,,,,0.170000
"Kepler-1440 b",1.26000000,2.13000000,39.85948400000,597.00,5698.00,0.960000,0.980000
"WASP-130 b",9.97601000,390.93090000,11.55098000000,833.00,5625.00,0.960000,1.040000
"OGLE-2017-BLG-1049L b",12.80000000,1760.00000000,,,,,0.550000
"Kepler-949 b",2.91000000,8.80000000,8.68930729600,782.00,5403.00,0.860000,0.890000
"Kepler-1964 b",1.78105870,3.83000000,2.44082999200,986.00,4803.00,0.698000,0.752000
"KMT-2023-BLG-1592L b",14.10000000,184.34047606,,,,,0.550000
"OGLE-2019-BLG-0362L b",13.10000000,1036.12060682,,,,,0.420000
"KMT-2017-BLG-1057L b",5.19000000,23.50000000,,,,,0.570000
"KMT-2025-BLG-1616L b",7.34000000,42.32000000,,,,,0.260000
"Wolf 327 b",1.24000000,2.53000000,0.57347450000,996.00,3542.00,0.406000,0.405000
"Kepler-62 f",1.41000000,35.00000000,267.29100000000,208.00,4925.00,0.640000,0.690000
"WASP-53 c",,5196.52050000,2840.00000000000,110.47,4953.00,0.798000,0.839000
"KMT-2023-BLG-1743L b",12.10000000,6356.56814000,,,,,0.110000
"TOI-5789 c",2.86000000,5.00000000,12.92774800000,718.00,5185.00,0.833000,0.821000
"MOA-2019-BLG-008L b",12.20000000,5720.91132600,,,,,0.900000
"OGLE-2016-BLG-1598L b",13.60000000,120.77479466,,,,,0.550000
"OGLE-2017-BLG-1275L b",12.80000000,1875.18760130,,,,,0.630000
"HATS-44 b",11.96000300,177.98480000,2.74390040000,1161.00,5080.00,0.847000,0.860000
"HD 160691 b",,1366.66215010,645.00000000000,262.13,5773.00,1.330000,1.130000
"Kepler-132 b",1.21000000,1.92000000,6.17819600000,1082.00,6003.00,1.178000,0.929000
"KMT-2021-BLG-0192L b",6.56000000,34.96112477,,,,,0.270000
"Kepler-49 b",2.57900000,9.77000000,7.20000000000,509.00,4095.60,0.618000,0.607000
"KMT-2016-BLG-2364L b",13.00000000,1250.00000000,,,,,0.500000
"Kepler-218 c",3.14000000,10.00000000,44.69957600000,500.00,5502.00,1.063000,1.019000
"GJ 328 c",4.91000000,21.40000000,241.80000000000,184.01,3897.00,0.630000,0.650000
"K2-212 b",2.65000000,7.51000000,9.79564700000,542.00,4349.00,0.678000,0.622000
"Kepler-138 d",1.51000000,2.10000000,23.09230000000,345.00,3841.00,0.535000,0.535000
"KMT-2022-BLG-1818L c",13.20000000,114.41822652,,,,,0.790000
"Qatar-8 b",14.40356500,117.91493000,3.71495000000,1457.00,5738.00,1.315000,1.029000
"KMT-2018-BLG-0885L b",11.90000000,9217.02380300,,,,,0.290000
"KMT-2016-BLG-2321L b",13.80000000,301.93698665,,,,,0.730000
"Kepler-74 b",10.76000000,200.22000000,7.34071100000,1078.00,6000.00,1.120000,1.180000
"OGLE-2017-BLG-0482L b",2.95000000,9.00000000,,,,,0.200000
"PSR B0329+54 b",1.22000000,1.97000000,10140.00000000000,,,,1.440000
"K2-140 b",13.56286665,295.58041851,6.56918800000,962.00,5585.00,1.060000,0.960000
"HD 184010 c",11.80000000,95.34852210,484.30000000000,457.53,4971.00,4.860000,1.350000
"EPIC 201595106 b",1.56500000,7.67000000,0.87724000000,2038.00,5679.00,0.980000,0.958000
"TOI-1203 e",7.31000000,42.10000000,204.59000000000,,5737.00,1.179000,0.886000
"Kepler-1503 b",2.27000000,5.77000000,96.16987000000,321.00,5069.00,0.740000,0.770000
"Kepler-1781 b",2.38091029,6.26000000,4.88752985000,1003.00,5568.00,0.957000,1.053000
"Kepler-57 c",2.19600000,6.86000000,11.60000000000,671.00,5187.90,0.826000,0.859000
"Kepler-1124 b",1.28000000,2.18000000,2.85234897500,621.00,3658.00,0.340000,0.350000
"Kepler-1581 b",0.80000000,0.43700000,6.28385491000,1108.00,6022.00,1.230000,1.120000
"Kepler-464 b",3.30000000,10.90000000,7.25696522400,1163.00,5933.00,1.590000,1.210000
"Kepler-1580 b",2.11000000,5.10000000,56.64492790000,733.00,6228.00,2.150000,1.470000
"Kepler-198 d",1.53000000,2.96000000,1.31184443000,1562.00,5636.00,0.930000,0.970000
"TOI-1422 b",3.83000000,9.50000000,12.99894000000,870.00,5840.00,1.019000,0.990300
"HD 73267 c",12.80000000,1630.77755632,17071.78045000000,69.53,5387.00,0.909000,0.930000
"Kepler-580 b",2.57000000,7.13000000,8.22241965600,558.00,4298.00,0.640000,0.670000
"KOI-12 b",13.78707000,349.61300000,17.85518200000,911.00,6635.00,1.400000,1.500000
"Kepler-637 b",4.75000000,20.20000000,23.20584623000,1002.00,6096.00,2.560000,1.640000
"HD 29985 b",12.80000000,1739.47487151,20608.14049000000,46.73,4678.00,0.574666,0.750000
"HD 165155 b",13.20000000,918.52870000,434.50000000000,239.90,5426.00,0.950000,1.020000
"HD 22946 d",2.60700000,26.57000000,47.42489000000,546.00,6169.00,1.117000,1.098000
"Kepler-1697 b",1.25954761,2.12000000,33.49690000000,630.00,4681.53,0.772344,0.747000
"Kepler-674 b",1.69000000,3.50000000,2.24338184700,822.00,4192.00,0.570000,0.600000
"Kepler-873 b",3.75000000,13.50000000,20.55338440000,749.00,6163.00,1.270000,1.180000
"Kepler-783 b",0.78000000,0.39900000,4.29264638000,991.00,5521.00,0.890000,0.930000
"HD 31527 c",3.85000000,14.16000000,51.20530000000,571.07,5898.00,1.073694,0.960000
"Kepler-1955 b",1.16654878,1.69000000,14.26519966000,853.00,5825.00,1.291000,1.049000
"Kepler-1684 b",2.87084792,8.60000000,47.70550000000,347.00,4706.54,0.666755,0.750000
"Kepler-322 c",1.67000000,3.43000000,4.33723400000,996.00,5388.00,0.890000,0.908000
"Qatar-5 b",12.40836300,1373.02560000,2.87923190000,1415.00,5747.00,1.076000,1.128000
"Kepler-399 c",1.43000000,2.63000000,26.67569000000,630.00,5502.00,0.680000,0.902000
"DMPP-2 c",8.26000000,51.79000000,3.16800000000,1910.88,6500.00,1.780000,1.410000
"Kepler-682 b",7.37000000,42.60000000,12.61190667200,753.00,5559.00,0.890000,0.920000
"TOI-220 b",3.03000000,13.80000000,10.69526400000,805.00,5298.00,0.858000,0.825000
"TOI-5624 f",3.66000000,13.00000000,45.37000000000,478.50,5327.00,0.820000,0.858000
"Kepler-242 b",2.61000000,7.32000000,8.20395000000,742.00,5020.00,0.850000,0.748000
"Kepler-258 b",4.06000000,15.50000000,13.19722000000,642.00,4942.00,0.915000,0.820000
"TOI-4898 b",3.71979540,13.40000000,2.76520470167,667.00,4201.57,0.639344,0.619077
"Kepler-1292 b",1.82000000,3.97000000,3.27646405000,1195.00,5556.00,0.930000,0.950000
"HD 128717 b",12.10000000,6293.00245860,3420.00000000000,151.90,6210.00,1.248000,1.212000
"Kepler-1058 b",2.72000000,7.85000000,110.96546000000,239.00,4644.00,0.690000,0.730000
"Kepler-160 b",1.71500000,3.59000000,4.30939700000,1134.00,5471.00,1.118000,1.003000
"Kepler-1365 b",0.92000000,0.72100000,7.69993485000,969.00,5770.00,1.050000,1.000000
"Kepler-346 c",3.07000000,9.64000000,23.85154900000,654.00,6033.00,1.021000,0.943000
"Kepler-1489 b",1.77000000,3.78000000,82.29475100000,400.00,5655.00,0.900000,0.930000
"Kepler-1126 b",1.73000000,3.64000000,108.59332900000,374.00,5798.00,0.930000,0.920000
"Kepler-1914 b",2.94298030,8.97000000,30.82789993000,585.00,5982.00,0.960000,1.047000
"HATS-43 b",13.22662000,82.95363000,4.38884970000,1003.00,5099.00,0.812000,0.837000
"Kepler-685 b",10.58000000,78.80000000,1.62552220000,1579.00,5963.00,1.160000,1.110000
"Kepler-1303 b",1.42000000,2.60000000,7.56127224000,891.00,5771.00,1.000000,1.010000
"Kepler-1016 b",2.18000000,5.39000000,1.95452434200,1540.00,5821.00,1.000000,0.990000
"HIP 54373 c",3.57000000,12.44000000,15.14400000000,463.20,4021.00,0.564998,0.570000
"L 363-38 b",2.00000000,4.67000000,8.78100000000,330.00,3129.00,0.274000,0.210000
"Kepler-417 c",2.69000000,7.70000000,15.94300000000,616.00,5177.00,0.806000,0.900000
"K2-396 c",3.12400000,9.93000000,25.76051000000,,5236.00,0.920000,0.954000
"Kepler-1992 b",0.91000000,0.69300000,15.61122380000,637.00,5383.00,0.842000,0.874000
"Kepler-134 b",2.00000000,4.66000000,5.31742900000,1105.00,5983.00,1.176000,0.956000
"Kepler-559 b",3.61000000,12.70000000,17.58752333000,706.00,5630.00,0.950000,0.960000
"WASP-34 b",11.20900000,177.98480000,4.31768000000,1250.00,5700.00,0.910000,0.960000
"Kepler-1426 b",1.56000000,3.05000000,14.25632270000,797.00,5831.00,1.020000,1.020000
"Kepler-156 b",2.30000000,5.90000000,4.97345600000,867.00,5094.00,0.807000,0.864000
"HATS-64 b",18.81991100,305.11680000,4.90889700000,1793.00,6554.00,2.113000,1.564000
"Kepler-610 b",4.19000000,16.30000000,6.99692655400,888.00,5943.00,1.130000,1.100000
"Kepler-524 c",0.96000000,0.84000000,1.88897906000,1574.00,6014.00,1.100000,1.090000
"Kepler-398 c",1.01000000,1.01000000,11.41941200000,536.00,4493.00,0.613000,0.649000
"Kepler-1916 b",2.61757235,7.35000000,31.25429916000,635.00,6246.00,1.092000,1.180000
"TIC 320419023 b",2.77280763,8.11000000,5.26375651589,,5703.36,0.952319,1.056000
"HD 108236 f",2.01700000,4.72000000,29.54115000000,609.59,5660.00,0.877000,0.869000
"Kepler-1617 b",1.20000000,1.87000000,27.47855720000,736.00,6167.00,1.220000,1.150000
"HD 206893 c",16.36511182,3527.89531770,2290.00000000000,1181.90,6500.00,1.311160,1.310000
"TOI-4527.01",0.90866170,0.68900000,0.39944450000,1362.93,3702.00,0.485948,0.483901
"K2-255 b",2.90000000,8.75000000,1.96417000000,1034.00,4676.00,0.690000,0.710000
"Kepler-1678 b",3.30422249,10.90000000,147.97400000000,329.00,5754.00,0.834976,1.030000
"HD 224018 b",0.91000000,4.10000000,10.64130000000,968.00,5784.00,1.147000,1.013000
"Kepler-1334 b",2.29000000,5.86000000,15.64591713000,710.00,5614.00,0.910000,0.940000
"Kepler-480 b",2.78000000,8.15000000,4.91958379500,1312.00,6322.00,1.340000,1.250000
"Kepler-1382 b",1.88000000,4.19000000,16.35830550000,959.00,6161.00,1.720000,1.360000
"TOI-2068 b",1.82100000,3.97000000,7.76891500000,520.62,3710.00,0.535000,0.559000
"Kepler-1030 b",2.48000000,6.71000000,19.32952416000,529.00,4983.00,0.760000,0.800000
"HD 153950 b",13.20000000,937.59850000,499.39999000000,295.30,6124.00,1.280000,1.250000
"HAT-P-52 b",11.30988100,259.98494000,2.75359530000,1218.00,5131.00,0.893000,0.887000
"TOI-4747 b",3.95803201,14.80000000,5.21924158592,1035.00,5595.08,0.988751,1.010000
"Kepler-891 b",6.41000000,33.60000000,53.44945593000,486.00,5887.00,1.070000,1.060000
"Kepler-1159 b",2.37000000,6.21000000,22.70816791000,677.00,6217.00,1.280000,1.190000
"HATS-18 b",14.89676100,629.14448500,0.83784000000,2069.48,5600.00,1.020000,1.037000
"GJ 676 A e",2.47000000,6.67439655,35.47358000000,351.55,3734.00,0.690000,0.626000
"Kepler-48 c",2.71000000,14.61000000,9.67395000000,736.00,5194.00,0.890000,0.880000
"Kepler-889 b",1.09000000,1.32000000,3.74443900000,1328.00,5961.00,1.250000,1.140000
"HR 2562 b",12.44199000,6992.22495400,,1255.00,6597.00,1.334000,1.300000
"Kepler-1804 b",1.59615726,3.18000000,12.28849983000,913.00,5109.00,1.671000,0.929000
"Kepler-1188 b",2.08000000,4.98000000,17.13695430000,775.00,5913.00,1.060000,1.040000
"HD 21411 b",9.52000000,65.90000000,84.28800000000,408.17,5605.00,0.825605,0.890000
"Kepler-1281 b",1.64000000,3.33000000,3.11602791000,1123.00,5353.00,0.830000,0.870000
"Kepler-128 b",1.42100000,3.79000000,15.00000000000,968.00,6072.00,1.659000,1.184000
"Kepler-1693 b",1.28938413,2.21000000,12.09990000000,807.00,5432.34,0.878295,0.950000
"Kepler-104 b",3.10000000,19.60000000,11.42754800000,852.00,5711.00,1.349000,0.818000
"Kepler-1849 b",2.38685349,6.29000000,57.29290009000,355.00,4806.00,0.729000,0.709000
"Kepler-1036 b",3.01000000,9.32000000,122.88080580000,326.00,5533.00,0.890000,0.950000
"Kepler-37 b",0.30980000,0.79000000,13.36702000000,718.00,5357.00,0.789000,0.790000
"2MASS J22362452+4751425 b",12.30000000,3972.87500000,,10.30,4045.00,0.641152,0.600000
"Kepler-1191 b",1.51000000,2.89000000,5.60014851000,952.00,5308.00,0.810000,0.850000
"Kepler-511 c",4.20964327,16.50000000,26.62949944000,742.00,5866.00,1.417000,0.958000
"XO-5 b",12.78000000,378.20000000,4.18775580000,1230.00,5430.00,1.130000,1.040000
"Kepler-1825 b",1.42200732,2.61000000,1.02586996600,1520.00,5123.00,0.847000,0.828000
"Kepler-1074 b",1.25000000,2.10000000,5.94566534000,568.00,4002.00,0.570000,0.600000
"TIC 183374187 b",14.03364384,177.98390792,5.05907000000,1379.00,5768.00,1.344000,0.853000
"GJ 1061 d",1.16000000,1.67000000,13.06600000000,242.03,2953.00,0.156000,0.120000
"Kepler-1987 d",2.66000000,7.56000000,5.64491415400,744.00,4769.00,0.714000,0.799000
"Kepler-245 b",2.57000000,146.78000000,7.49019000000,753.00,5100.00,0.795000,0.856000
"Kepler-131 c",0.84000000,8.25000000,25.51690000000,615.00,5685.00,1.030000,1.020000
"Kepler-144 c",1.35000000,2.39000000,10.10466500000,1046.00,6075.00,1.235000,1.154000
"HD 93385 c",2.56000000,7.10000000,13.18000000000,937.43,5977.00,1.184840,1.040000
"Kepler-431 c",0.66800000,0.22900000,8.70300000000,951.00,6004.00,1.092000,1.071000
"HD 106270 b",12.40000000,3623.24383980,1888.00000000000,237.07,5509.00,2.660000,1.390000
"TOI-5720 b",1.09000000,4.30000000,1.43445550000,708.00,3325.00,0.383000,0.383000
"Kepler-203 d",1.44000000,33.90000000,11.32972000000,855.00,5821.00,1.114000,1.060000
"Kepler-230 c",2.04000000,4.82000000,91.77324200000,359.00,5588.00,0.817000,0.784000
"Kepler-1091 b",1.46000000,2.73000000,1.43474156400,1664.00,5851.00,1.030000,1.010000
"Kepler-1129 b",2.96000000,9.06000000,24.33978040000,737.00,5831.00,1.000000,1.000000
"Kepler-472 b",3.22000000,10.50000000,4.17625551400,876.00,4996.00,0.780000,0.850000
"Kepler-1275 b",1.48000000,2.79000000,3.65691115000,1368.00,6296.00,1.360000,1.230000
"Kepler-1690 b",2.81109223,8.30000000,234.63600000000,267.00,5404.00,0.862346,0.940000
"HD 75898 c",12.60000000,2698.36317543,6717.00000000000,135.20,6122.00,1.550000,1.295000
"K2-386 b",2.32000000,5.99000000,7.47322300000,,5749.00,0.970000,0.911000
"TOI-7510 c",10.81000000,131.00000000,22.56874230000,702.00,5720.00,1.035000,1.063000
"Kepler-718 b",16.56000000,,2.05234990500,1497.00,6191.00,1.300000,1.180000
"Kepler-1342 b",1.66000000,3.39000000,2.21571035800,1283.00,5527.00,0.900000,0.930000
"WASP-174 b",16.10730527,104.88337431,4.23370050000,1528.00,6399.00,1.347000,1.240000
"Kepler-1713 b",1.71673535,3.59000000,18.01160049000,900.00,6477.00,1.459000,1.300000
"Kepler-1121 b",1.91000000,4.31000000,13.15141081000,1008.00,6231.00,1.590000,1.290000
"Kepler-197 c",1.23000000,5.30000000,10.34969500000,930.00,6004.00,1.120000,0.857000
"TOI-1294 b",10.12369881,63.90000000,3.91529200000,1392.74,5718.00,1.556600,1.157800
"Kepler-1195 b",2.08000000,4.98000000,8.49642241000,702.00,4965.00,0.710000,0.740000
"GJ 328 b",13.30000000,797.74930157,3771.00000000000,73.57,3897.00,0.630000,0.650000
"EPIC 212737443 c",2.69000000,7.70000000,65.55000000000,316.00,4684.00,0.673000,0.690000
"Kepler-1783 b",1.31946731,2.30000000,8.27744007100,1088.00,5129.00,1.781000,0.887000
"HD 50499 c",13.20000000,931.24190000,8619.90000000000,116.69,6099.00,1.420000,1.310000
"Kepler-874 b",3.94000000,14.70000000,40.06867270000,560.00,6020.00,1.130000,1.090000
"Kepler-235 b",2.23000000,5.60000000,3.34022200000,731.00,4255.00,0.554000,0.581000
"HD 98219 b",13.40000000,624.21812000,433.80000000000,453.77,4925.00,4.600000,1.410000
"Kepler-625 b",1.99000000,4.62000000,7.75192492000,852.00,5789.00,0.960000,1.040000
"Kepler-1178 b",1.07000000,1.24000000,31.80634000000,378.00,4990.00,0.750000,0.800000
"K2-407 b",1.28300000,2.19000000,4.94190700000,,5563.00,0.927000,0.881000
"KOI-351 b",1.31000000,2.27000000,7.00815100000,1062.00,6080.00,1.200000,1.200000
"WASP-151 b",13.30506009,100.43377661,4.53347750000,1312.00,5871.00,1.181000,1.081000
"K2-289 b",9.10000000,61.00000000,13.15696900000,753.00,5529.00,1.025000,0.953000
"GJ 1002 b",1.03000000,1.08000000,10.34650000000,230.90,3024.00,0.137000,0.120000
"Kepler-1143 c",3.60000000,12.60000000,210.63059100000,234.00,5053.00,0.770000,0.810000
"TOI-261.02",3.34822227,11.20000000,13.03935862135,1007.53,5890.30,1.313830,1.069000
"TOI-2587 A b",12.07207221,69.28659273,5.45664000000,1445.00,5760.00,1.726000,1.150000
"Kepler-1154 b",2.34000000,6.08000000,5.18561420000,1314.00,6327.00,1.430000,1.260000
"Kepler-60 b",1.71000000,4.19000000,7.13340000000,1102.00,5905.00,1.257000,1.041000
"Kepler-85 c",1.97800000,2.15000000,12.51000000000,706.00,5505.20,0.875000,0.928000
"HD 127195 b",14.00000000,212.94503269,534.50000000000,,4981.00,4.160000,1.340000
"Kepler-1780 b",3.60600667,12.70000000,109.44499970000,340.00,5403.00,0.868000,0.868000
"Kepler-1818 b",1.71360684,3.58000000,4.64490985900,1209.00,6047.00,1.129000,1.021000
"TOI-871 b",1.66400000,3.41000000,14.36256500000,621.00,4929.00,0.719000,0.758000
"GJ 251 c",1.80000000,3.88000000,53.64700000000,216.00,3342.00,0.360000,0.350000
"Kepler-1518 c",2.90000000,8.75000000,9.63102580000,1094.00,6432.00,1.345000,1.060000
"Kepler-1718 b",2.56852070,7.12000000,135.18800350000,345.00,5731.00,0.906000,0.846000
"TOI-4914 b",12.87000000,227.00000000,10.60057000000,894.00,5805.00,1.000000,1.030000
"USco1556 b",12.30000000,4767.45000000,,2240.00,3410.00,0.668108,0.330000
"Kepler-109 c",2.65000000,8.20000000,21.22265000000,859.00,5950.00,1.387000,1.094000
"Kepler-101 c",1.25000000,3.78000000,6.02976000000,1413.00,5667.00,1.560000,1.170000
"Kepler-1200 b",1.06000000,1.20000000,1.11854971700,1174.00,4612.00,0.700000,0.740000
"NY Vir b",13.30000000,730.97800000,3160.00000000000,338.12,32780.00,0.151000,0.459000
"TOI-4137 b",13.57407563,457.67290608,3.80161220000,1570.00,6202.00,1.438000,1.313000
"Kepler-1630 b",2.19000000,5.43000000,509.99740200000,182.00,4736.00,0.630000,0.660000
"Kepler-475 b",2.49000000,6.76000000,3.10550818900,980.00,5009.00,0.790000,0.860000
"Kepler-1978 b",2.67000000,7.61000000,10.84969477000,676.00,5251.00,0.778000,0.869000
"Kepler-1836 b",2.55303229,7.05000000,5.25416994100,1093.00,6123.00,0.987000,1.053000
"Kepler-887 c",1.13000000,1.51000000,7.63846023000,1089.00,6194.00,1.290000,1.190000
"Kepler-350 c",3.10000000,6.10000000,17.84900000000,888.00,6492.30,1.250000,1.000000
"Kepler-816 b",10.24000000,74.50000000,10.50682564600,668.00,5286.00,0.850000,0.900000
"HD 51608 b",3.62000000,12.77000000,14.07260000000,759.92,5358.00,0.916136,0.800000
"HD 125390 b",11.90000000,8646.20398403,1757.39151000000,320.26,4882.00,6.470000,1.820000
"Kepler-1947 b",1.01016660,1.01000000,6.96363019900,1298.00,6040.00,1.686000,0.984000
"Kepler-81 d",1.21000000,1.92000000,20.83784600000,418.00,4500.00,0.595000,0.648000
"Kepler-1827 b",1.85644292,4.10000000,3.70061993600,1329.00,5423.00,1.404000,0.915000
"TOI-1768.01",3.45300000,11.80000000,7.33770364900,1566.00,5994.00,1.100000,1.100000
"HIP 10090 c",13.90000000,270.15414595,321.82000000000,338.35,5661.00,1.382680,0.940000
"Kepler-855 b",8.35000000,52.70000000,7.88663110400,996.00,5835.00,1.030000,1.030000
"TOI-205 b",2.50121142,6.81000000,4.25300773815,1799.55,6302.74,1.453820,1.200000
"Kepler-1886 b",2.58158428,7.18000000,24.27580070000,580.00,5745.00,0.837000,0.928000
"Kepler-279 c",4.30000000,49.40000000,35.73600000000,774.00,6689.45,1.070000,1.100000
"K2-401 b",2.26200000,5.74000000,6.29309900000,,4213.00,0.675000,0.870000
"TOI-3807 b",18.49481816,330.54154328,2.89897270000,1646.00,5772.00,1.468000,1.181000
"Kepler-931 b",1.33000000,2.33000000,8.03755877000,744.00,5241.00,0.810000,0.860000
"TOI-1759 b",3.14000000,10.80000000,18.85019000000,443.00,4065.00,0.597000,0.606000
"Kepler-106 e",2.56000000,11.17000000,43.84450000000,531.00,5858.00,1.040000,1.000000
"GSC 06214-00210 b",20.17620000,5000.00000000,,2300.00,4200.00,0.904840,0.900000
"HD 89839 b",12.80000000,1748.05623850,3391.20000000000,159.03,6314.00,1.285880,1.210000
"Kepler-520 b",1.66000000,3.39000000,19.67416124000,711.00,6112.00,1.090000,1.100000
"Kepler-19 b",2.20900000,6.10000000,9.28699000000,851.00,5541.00,0.859000,0.936000
"Kepler-1102 b",2.66000000,7.56000000,51.32856230000,546.00,5724.00,0.940000,0.960000
"Kepler-371 c",1.78000000,3.82000000,67.96801500000,443.00,5666.00,0.992000,0.876000
"K2-338 b",1.03000000,1.08000000,3.85061400000,783.00,4558.00,0.630000,0.660000
"TOI-286 b",1.42000000,4.53000000,4.51172440000,979.00,5152.00,0.780000,0.832000
"KELT-16 b",15.86073500,874.03250000,0.96899510000,2453.00,6236.00,1.360000,1.211000
"Kepler-1681 b",2.55321772,7.05000000,69.89560000000,442.00,5756.40,0.759000,0.893000
"TOI-544 c",4.92000000,21.50000000,50.08900000000,,4169.00,0.623000,0.631000
"Kepler-251 d",2.77000000,8.10000000,30.13300100000,536.00,5526.00,0.890000,0.891000
"WASP-63 b",15.80469000,117.59710000,4.37808000000,1469.91,5550.00,1.860000,1.280000
"WASP-52 b",14.24000000,146.20000000,1.74977980000,1315.00,5000.00,0.790000,0.870000
"WASP-77 A b",13.56000000,529.31142902,1.36002939500,1674.00,5617.00,0.910000,0.903000
"55 Cnc b",13.90000000,263.97850000,14.65155200000,700.00,5198.00,0.980000,1.015000
"55 Cnc c",8.51000000,54.47380000,44.39360000000,499.27,5198.00,0.980000,1.015000
"55 Cnc d",13.00000000,1232.49300000,4799.00000000000,104.85,5198.00,0.980000,1.015000
"55 Cnc e",1.87500000,7.99000000,0.73654740000,1958.00,5172.00,0.943000,0.905000
"55 Cnc f",7.59000000,44.81200000,260.58000000000,277.07,5198.00,0.980000,1.015000
"GJ 1214 b",2.73300000,8.41000000,1.58040453100,567.00,3101.00,0.216200,0.182000
"GJ 436 b",4.17000000,22.10000000,2.64388312000,686.00,3586.11,0.455000,0.470000
"HAT-P-12 b",10.74900000,67.05900000,3.21305980000,963.00,4650.00,0.701000,0.733000
"HAT-P-13 b",14.25800000,270.46200000,2.91625000000,1740.00,5653.00,1.756000,1.320000
"HAT-P-13 c",12.30000000,4538.42100000,446.27000000000,340.00,5653.00,1.756000,1.320000
"HAT-P-14 b",15.91678000,1093.33520000,4.62767000000,1624.00,6600.00,1.820000,2.650000
"HAT-P-17 b",11.76945000,184.34140000,10.33852000000,800.00,5246.00,0.870000,0.990000
"HAT-P-17 c",13.10000000,1080.60000000,5584.00000000000,99.59,5336.96,0.838682,0.920000
"HAT-P-18 b",11.15300000,62.61000000,5.50802300000,852.00,4803.00,0.749000,0.770000
"HAT-P-1 b",14.78467100,166.86075000,4.46529976000,1322.00,5980.00,1.174000,1.151000
"HAT-P-26 b",7.06167000,22.24810000,4.23452000000,1080.00,5079.00,0.870000,1.120000
"HAT-P-30 b",16.14096000,263.79890000,2.81060000000,1630.00,6304.00,1.310000,1.550000
"HAT-P-32 b",22.19382000,216.12440000,2.15000820000,1835.70,6001.00,1.367000,1.132000
"HD 149026 b",8.29466000,120.77540000,2.87589000000,1626.00,6179.00,1.410000,1.420000
"HD 189733 b",12.66617000,359.14790000,2.21857567000,1209.00,5052.00,0.750000,0.790000
"HD 202206 c",13.10000000,982.08977763,1299.22000000000,183.35,5764.23,1.040000,1.060000
"HD 209458 b",15.58051000,232.01590000,3.52474859000,1459.00,6091.00,1.190000,1.230000
"HD 80606 b",11.56766808,1323.46926959,111.43676500000,405.00,5565.00,1.050000,1.050000
"HD 86226 b",14.30000000,143.02350000,1628.00000000000,176.00,5863.00,1.053000,1.019000
"TrES-4 b",18.04649000,247.90740000,3.55395000000,1778.00,6200.00,1.660000,1.080000
"WASP-12 b",22.02564708,467.21010000,1.09141890100,2601.00,6265.00,1.690000,1.325000
"WASP-15 b",15.80469000,171.62820000,3.75210000000,1676.00,6300.00,1.480000,1.180000
"WASP-17 b",20.96083000,247.90740000,3.73543000000,1755.00,6550.00,1.490000,2.280000
"WASP-18 b",13.89913607,3241.84975140,0.94145223000,2429.00,6432.00,1.319000,1.294000
"WASP-19 b",15.86070769,366.77398168,0.78883852000,2113.00,5616.00,1.006000,0.965000
"WASP-25 b",13.80946422,179.25522155,3.76483370000,1217.00,5697.00,0.884000,0.962000
"WASP-39 b",14.33631100,89.31023000,4.05529410000,1166.00,5485.00,0.939000,0.913000
"WASP-43 b",10.42400000,565.71400000,0.81347500000,1426.70,4400.00,0.600000,0.580000
"WASP-6 b",12.54284940,148.42586607,3.36100260000,1167.00,5438.00,0.790000,0.854000
"GJ 3470 b",4.57000000,13.90000000,3.33664960000,593.50,3600.00,0.547000,0.539000
"WASP-47 b",12.86000000,374.00000000,4.15915100000,1275.00,5565.00,1.156000,1.058000
"WASP-80 b",11.19779100,170.99254000,3.06785234000,825.00,4143.00,0.586000,0.577000
"WASP-103 b",17.12700000,473.54700000,0.92554200000,2508.00,6110.00,1.436000,1.220000
"WASP-96 b",13.45000000,152.55000000,3.42526020000,1285.00,5540.00,1.050000,1.060000
"WASP-94 A b",17.71022000,158.91500000,3.95019000000,1604.00,6170.00,1.480000,1.670000
"WASP-94 B b",14.10000000,196.41100000,2.00839000000,1848.91,6040.00,1.350000,1.240000
"WASP-69 b",11.21000000,82.58000000,3.86813881000,971.00,4792.00,0.801000,0.830000
"WASP-84 b",10.72000000,220.00000000,8.52349648000,732.00,5280.00,0.768000,0.853000
"WASP-20 b",15.46839337,98.84100000,4.89964477000,1362.00,5940.00,1.242000,1.200000
"HATS-6 b",11.18658200,101.38777000,3.32527250000,712.80,3724.00,0.570000,0.574000
"KELT-7 b",17.93440000,441.78370000,2.73477000000,2048.00,6768.00,1.810000,1.760000
"K2-18 b",2.37000000,8.92000000,32.93962300000,284.00,3457.00,0.411000,0.359000
"KELT-8 b",18.15858000,209.76780000,3.24406000000,1675.00,5754.00,1.460000,0.810000
"K2-22 b",2.30000000,444.96200000,0.38107300000,2100.00,3879.00,0.580000,0.595292
"WASP-47 c",,447.00000000,589.57000000000,247.00,5565.00,1.156000,1.058000
"WASP-47 d",3.65000000,15.50000000,9.03050100000,885.00,5565.00,1.156000,1.058000
"WASP-47 e",1.83000000,9.00000000,0.78961000000,1992.00,5565.00,1.156000,1.058000
"GJ 1132 b",1.19151465,1.83704819,1.62892911000,583.80,3229.00,0.221100,0.194500
"WASP-76 b",20.78145022,284.13859586,1.80988198000,2228.00,6329.00,1.756000,1.458000
"KELT-4 A b",19.04409100,286.68266000,2.98959320000,1823.00,6206.00,1.603000,1.201000
"TRAPPIST-1 b",1.11600000,1.37400000,1.51082600000,397.60,2566.00,0.119200,0.089800
"TRAPPIST-1 c",1.09700000,1.30800000,2.42193700000,339.70,2566.00,0.119200,0.089800
"TRAPPIST-1 d",0.78800000,0.38800000,4.04921900000,286.20,2566.00,0.119200,0.089800
"K2-34 b",13.75000000,539.67534000,2.99563480000,1687.00,6168.00,1.420000,1.160000
"WASP-121 b",19.52604438,371.85923619,1.27492504000,2409.00,6628.00,1.461000,1.330000
"HIP 41378 b",2.64000000,6.90000000,15.57209000000,959.00,6290.00,1.300000,1.220000
"HIP 41378 c",2.74000000,5.97000000,31.70591000000,757.00,6290.00,1.300000,1.220000
"HIP 41378 d",3.65000000,6.53000000,278.36180000000,367.00,6290.00,1.300000,1.220000
"HIP 41378 e",5.19000000,7.62000000,393.00000000000,335.00,6290.00,1.300000,1.220000
"HIP 41378 f",9.47000000,25.00000000,542.07970000000,294.00,6290.00,1.300000,1.220000
"HD 3167 b",1.60100000,4.84400000,0.95965451000,1781.00,5338.00,0.871000,0.864000
"HD 3167 c",2.98300000,11.41000000,29.84651100000,567.00,5338.00,0.871000,0.864000
"HAT-P-65 b",18.05766791,176.07693748,2.60544751000,1818.00,5872.00,1.666000,1.297000
"WASP-131 b",13.74221034,86.76715511,5.32201250000,1460.00,5990.00,1.561000,1.060000
"WASP-139 b",8.96720000,37.18611000,5.92426200000,910.00,5310.00,0.800000,0.920000
"WASP-127 b",14.69499900,52.34660100,4.17806203000,1400.00,5620.00,1.333000,0.950000
"TRAPPIST-1 e",0.92000000,0.69200000,6.10101300000,249.70,2566.00,0.119200,0.089800
"TRAPPIST-1 f",1.04500000,1.03900000,9.20754000000,217.70,2566.00,0.119200,0.089800
"TRAPPIST-1 g",1.12900000,1.32100000,12.35244600000,197.30,2566.00,0.119200,0.089800
"TRAPPIST-1 h",0.75500000,0.32600000,18.77286600000,171.70,2566.00,0.119200,0.089800
"HD 106315 b",2.44000000,12.60000000,9.55237000000,1153.00,6327.00,1.296000,1.091000
"HD 106315 c",4.35000000,15.20000000,21.05704000000,886.00,6327.00,1.296000,1.091000
"LHS 1140 b",1.73000000,5.60000000,24.73723000000,226.00,3096.00,0.215900,0.184400
"KELT-11 b",15.13212395,65.15482343,4.73620865000,1712.00,5375.00,2.690000,1.440000
"KELT-9 b",21.70058664,915.34581216,1.48112350000,3921.00,9270.00,2.418000,2.320000
"HD 3167 d",2.61000000,7.30000000,8.39670000000,865.00,5338.00,0.871000,0.864000
"WASP-107 b",10.53646000,30.51152707,5.72148760000,736.00,4425.00,0.657000,0.683000
"GJ 9827 b",1.44000000,4.28000000,1.20897400000,1035.01,4236.00,0.580000,0.620000
"GJ 9827 c",1.13000000,1.86000000,3.64810300000,715.94,4236.00,0.580000,0.620000
"GJ 9827 d",1.98000000,3.02000000,6.20183000000,675.00,4236.00,0.580000,0.620000
"KELT-20 b",19.51486900,1074.90106000,3.47410850000,2262.00,8720.00,1.565000,1.760000
"K2-18 c",2.65000000,7.51000000,8.96200000000,363.00,3457.00,0.411000,0.359000
"K2-141 b",1.51000000,4.97000000,0.28032440000,2103.00,4570.00,0.681000,0.708000
"K2-141 c",7.00000000,8.00000000,7.74850000000,695.00,4570.00,0.681000,0.708000
"K2-232 b",11.20900000,126.49634000,11.16845400000,1030.00,6154.00,1.161000,1.188000
"GJ 1132 c",1.52000000,2.91000000,8.92900000000,300.00,3090.00,0.226000,0.198000
"HAT-P-11 c",13.20000000,851.78013076,3361.00000000000,91.58,4653.00,0.683000,0.811000
"NGTS-2 b",17.87835500,235.19420000,4.51116400000,1468.00,6478.00,1.702000,1.640000
"WASP-164 b",12.64375200,676.97790000,1.77712550000,1610.00,5806.00,0.932000,0.946000
"LHS 1140 c",1.27200000,1.91000000,3.77794000000,422.00,3096.00,0.215900,0.184400
"K2-287 b",9.49402300,100.11645000,14.89329100000,804.00,5695.00,1.070000,1.056000
"LHS 3844 b",1.28600000,2.37000000,0.46292970900,816.00,3080.00,0.189000,0.151000
"HD 15337 b",1.77000000,6.51900000,4.75598040000,1001.00,5131.00,0.855000,0.829000
"HD 15337 c",2.52600000,6.79200000,17.18054600000,656.10,5131.00,0.855000,0.829000
"L 98-59 b",0.83700000,0.46000000,2.25311400000,620.00,3415.00,0.315500,0.292300
"L 98-59 c",1.32900000,2.00000000,3.69067640000,526.00,3415.00,0.315500,0.292300
"L 98-59 d",1.62700000,1.64000000,7.45072900000,416.00,3415.00,0.315500,0.292300
"V1298 Tau b",9.41000000,13.10000000,24.14000600000,666.00,4970.00,1.320000,1.100000
"WASP-166 b",7.06167000,32.10083000,5.44354000000,1270.00,6050.00,1.220000,1.190000
"TOI-270 b",1.28000000,1.48000000,3.35992000000,600.00,3506.00,0.380000,0.386000
"TOI-270 c",2.33000000,6.20000000,5.66051000000,489.00,3506.00,0.380000,0.386000
"TOI-270 d",2.00000000,4.20000000,11.38194000000,383.00,3506.00,0.380000,0.386000
"GJ 357 b",1.20000000,1.83000000,3.93060000000,518.00,3505.00,0.337000,0.342000
"GJ 357 c",1.66000000,3.40000000,9.12470000000,401.20,3505.00,0.337000,0.342000
"GJ 357 d",2.34000000,6.10000000,55.66100000000,219.60,3505.00,0.337000,0.342000
"LTT 1445 A b",1.34000000,2.73000000,5.35876350000,431.00,3562.00,0.271000,0.257000
"WASP-178 b",20.28829000,527.59780000,3.34482850000,2470.00,9360.00,1.670000,2.070000
"V1298 Tau c",5.08000000,4.70000000,8.24916400000,953.00,4970.00,1.320000,1.100000
"V1298 Tau d",6.53000000,6.00000000,12.40139400000,831.00,4970.00,1.320000,1.100000
"V1298 Tau e",10.17000000,15.30000000,48.67771400000,527.00,4970.00,1.320000,1.100000
"LP 791-18 b",1.21200000,1.94000000,0.94799810000,564.30,2960.00,0.182000,0.139000
"LP 791-18 c",2.48800000,7.16000000,4.98991000000,324.40,2960.00,0.182000,0.139000
"TOI-125 b",2.72600000,9.50000000,4.65382000000,1037.00,5320.00,0.848000,0.859000
"TOI-125 c",2.75900000,6.63000000,9.15059000000,827.80,5320.00,0.848000,0.859000
"L 168-9 b",1.63000000,4.07000000,1.40152604000,998.00,3842.00,0.604000,0.614000
"TOI-125 d",2.93000000,13.60000000,19.98000000000,638.10,5320.00,0.848000,0.859000
"HATS-48 A b",8.96720000,77.23269000,3.13166660000,954.60,4546.00,0.715200,0.727900
"HATS-72 b",8.09738160,39.85588200,7.32794740000,739.30,4656.10,0.721400,0.731100
"TOI-1130 b",3.66000000,19.80000000,4.07455400000,825.00,4360.00,0.697000,0.745000
"TOI-1130 c",13.00000000,336.00000000,8.35018980000,650.00,4360.00,0.697000,0.745000
"TOI-677 b",13.11450742,392.20025424,11.23659850000,1252.00,6295.00,1.280000,1.181000
"LTT 3780 b",1.32500000,2.46000000,0.76837931000,903.00,3358.00,0.380000,0.381000
"LTT 3780 c",2.39000000,8.04000000,12.25228400000,359.00,3358.00,0.380000,0.381000
"TOI-1338 b",7.66100000,11.30000000,95.40010000000,254.65,5723.20,1.313000,1.093600
"AU Mic b",4.79000000,8.99000000,8.46344600000,554.80,3540.00,0.862000,0.635000
"WASP-148 b",8.47398941,91.21675281,8.80380900000,940.00,5555.00,0.912000,0.954000
"WASP-148 c",13.90000000,124.58873554,34.52400000000,590.00,5555.00,0.912000,0.954000
"NGTS-11 b",9.15775300,109.33352000,35.45533000000,435.00,5050.00,0.832000,0.862000
"TOI-849 b",3.64000000,41.80000000,0.76554800000,1932.00,5257.00,0.970000,0.970000
"TOI-700 b",0.91400000,0.70400000,9.97721900000,417.00,3459.00,0.421000,0.415000
"TOI-700 c",2.60000000,7.27000000,16.05113700000,356.00,3459.00,0.421000,0.415000
"TOI-700 d",1.07300000,1.25000000,37.42396000000,268.80,3459.00,0.421000,0.415000
"TOI-1899 b",11.09689089,212.94503269,29.09031200000,378.00,3926.00,0.607000,0.632000
"HD 86226 c",2.16000000,7.25000000,3.98442000000,1311.00,5863.00,1.053000,1.019000
"WD 1856+534 b",10.40000000,4386.05400000,1.40794050000,163.00,4710.00,0.013100,0.518000
"LTT 9779 b",4.72000000,29.32000000,0.79205200000,1978.00,5443.00,0.949000,1.020000
"TOI-824 b",2.92600000,18.46700000,1.39297800000,1253.00,4600.00,0.695000,0.710000
"TOI-421 b",2.64000000,6.70000000,5.19757600000,922.00,5291.00,0.866000,0.833000
"TOI-421 c",5.09000000,14.10000000,16.06754100000,635.00,5291.00,0.866000,0.833000
"GJ 3473 b",1.26400000,1.86000000,1.19800350000,773.00,3347.00,0.364000,0.360000
"GJ 3473 c",2.63000000,7.41000000,15.50900000000,329.10,3347.00,0.364000,0.360000
"WASP-107 c",13.00000000,111.23994245,1066.00000000000,,4425.00,0.657000,0.683000
"TOI-776 b",1.79800000,5.00000000,8.24662000000,520.00,3725.00,0.547000,0.542000
"TOI-776 c",2.04700000,6.90000000,15.66532300000,420.00,3725.00,0.547000,0.542000
"TOI-561 b",1.39700000,2.02000000,0.44656970000,2319.00,5342.00,0.843000,0.806000
"TOI-561 c",2.86500000,5.93000000,10.77883800000,802.00,5342.00,0.843000,0.806000
"TOI-561 d",2.61500000,13.33000000,25.71268000000,600.00,5342.00,0.843000,0.806000
"TOI-561 e",2.51700000,12.40000000,77.14400000000,416.00,5342.00,0.843000,0.806000
"TOI-451 b",1.84000000,4.70000000,1.85870330000,1474.00,5490.00,0.850000,0.930000
"TOI-451 c",2.93000000,3.70000000,9.19246300000,865.00,5490.00,0.850000,0.930000
"TOI-451 d",3.93000000,10.20000000,16.36496200000,714.00,5490.00,0.850000,0.930000
"TOI-178 b",1.20000000,0.96000000,1.91456010000,1040.00,4316.00,0.662000,0.647000
"TOI-178 c",1.75400000,4.64000000,3.23848600000,873.00,4316.00,0.662000,0.647000
"TOI-178 d",2.69500000,5.20000000,6.55756900000,690.00,4316.00,0.662000,0.647000
"TOI-178 e",2.30100000,3.48000000,9.96318000000,600.00,4316.00,0.662000,0.647000
"TOI-178 f",2.41700000,5.63000000,15.23335000000,521.00,4316.00,0.662000,0.647000
"TOI-178 g",2.93900000,4.40000000,20.71663000000,470.00,4316.00,0.662000,0.647000
"GJ 486 b",1.28900000,2.77000000,1.46712127000,696.30,3317.00,0.324300,0.312000
"LHS 1478 b",1.24200000,2.33000000,1.94953780000,595.00,3381.00,0.246000,0.236000
"TOI-1231 b",3.65000000,15.40000000,24.24558600000,329.60,3553.00,0.476000,0.485000
"TOI-674 b",5.25000000,23.60000000,1.97714300000,635.00,3514.00,0.420000,0.420000
"TOI-1685 b",1.42100000,3.07000000,0.66913923000,1000.00,3470.00,0.462000,0.466000
"TOI-1807 b",1.49681583,2.44000000,0.54937097000,1694.10,4914.00,0.746000,0.804800
"TOI-2076 b",2.59000000,6.70000000,10.35504000000,736.00,5187.00,0.758000,0.849000
"TOI-2076 c",3.54000000,7.20000000,21.01447000000,581.00,5187.00,0.758000,0.849000
"TOI-2076 d",3.27000000,7.30000000,35.12803000000,490.00,5187.00,0.758000,0.849000
"AU Mic c",2.79000000,14.46000000,18.85902300000,424.70,3540.00,0.862000,0.635000
"TOI-2406 b",2.86000000,15.60000000,3.07668910000,449.00,3100.00,0.204000,0.166000
"TOI-431 b",1.28000000,3.07000000,0.49004700000,1862.00,4850.00,0.731000,0.780000
"TOI-431 c",1.49000000,2.83000000,4.84940000000,867.00,4850.00,0.731000,0.780000
"TOI-431 d",3.29000000,9.90000000,12.46103000000,633.00,4850.00,0.731000,0.780000
"L 98-59 e",1.49000000,2.82000000,12.82780000000,347.00,3415.00,0.315500,0.292300
"HD 63935 b",2.91575244,10.50000000,9.05880700000,825.22,5513.00,0.959800,0.940600
"HD 63935 c",3.06451296,11.10000000,21.40270000000,619.59,5513.00,0.959800,0.940600
"GJ 367 b",0.73600000,0.50300000,0.32192260000,1329.00,3535.00,0.457000,0.451000
"HATS-75 b",9.90873894,156.05374784,2.78865560000,772.30,3790.40,0.584800,0.601700
"LTT 1445 A c",1.14700000,1.54000000,3.12390350000,508.00,3340.00,0.265000,0.257000
"TOI-500 b",1.16600000,1.42000000,0.54817700000,1617.00,4440.00,0.678000,0.740000
"TOI-1075 b",1.79100000,9.95000000,0.60473280000,1323.00,3875.00,0.581000,0.604000
"TOI-1442 b",1.17000000,1.71000000,0.40906770000,1072.00,3330.00,0.310000,0.290000
"TOI-2260 b",1.62000000,3.26000000,0.35247280000,2609.00,5534.00,0.940000,0.990000
"TOI-2445 b",1.25000000,2.10000000,0.37112810000,1060.00,3333.00,0.270000,0.250000
"GJ 3929 b",1.09000000,1.75000000,2.61623500000,568.00,3384.00,0.320000,0.313000
"WASP-189 b",18.14733975,632.47852993,2.72403300000,3353.00,8000.00,2.360000,2.030000
"TOI-1670 b",2.06000000,41.31769291,10.98462000000,1062.00,6170.00,1.316000,1.210000
"TOI-1670 c",11.06326395,200.23189641,40.74976000000,684.00,6170.00,1.316000,1.210000
"TOI-500 c",2.09000000,5.03000000,6.63560000000,,4440.00,0.678000,0.740000
"TOI-500 d",6.35000000,33.12000000,26.23300000000,,4440.00,0.678000,0.740000
"TOI-500 e",3.99000000,15.05000000,61.30000000000,,4440.00,0.678000,0.740000
"HD 260655 b",1.24000000,2.14000000,2.76953000000,709.00,3803.00,0.439000,0.439000
"HD 260655 c",1.53300000,3.09000000,5.70588000000,557.00,3803.00,0.439000,0.439000
"TOI-3714 b",11.32107051,222.47988490,2.15484900000,750.00,3660.00,0.510000,0.530000
"GJ 3929 c",2.26000000,5.71000000,15.04000000000,317.00,3384.00,0.320000,0.313000
"GJ 3090 b",2.18000000,4.52000000,2.85310198000,723.00,3707.00,0.516000,0.519000
"TOI-181 b",6.95590000,46.16870000,4.53200000000,895.10,4994.00,0.745000,0.822000
"TOI-199 b",9.07927437,54.03082919,104.85400000000,325.00,5255.00,0.820000,0.936000
"TOI-603 b",7.37000000,33.00000000,16.17984600000,899.00,6027.00,1.477000,1.240000
"TOI-700 e",0.95300000,0.81800000,27.80978000000,272.90,3459.00,0.421000,0.415000
"TOI-771 b",1.36000000,2.47000000,2.32601550000,543.00,3370.00,0.232000,0.220000
"TOI-836.01",2.58700000,9.60000000,8.59545000000,665.00,4552.00,0.665000,0.678000
"TOI-836 b",1.70400000,4.53000000,3.81673000000,871.00,4552.00,0.665000,0.678000
"TOI-1136 d",4.62700000,8.35000000,12.51990000000,843.00,5770.00,0.968000,1.022000
"TOI-1136 c",2.87900000,6.32000000,6.25740000000,1062.00,5770.00,0.968000,1.022000
"TOI-1136 f",3.73591482,9.70000000,26.32100000000,658.00,5770.00,0.968000,1.022000
"TOI-1136 e",2.63900000,6.07000000,18.80100000000,737.00,5770.00,0.968000,1.022000
"TOI-1173 b",9.19000000,27.40000000,7.06466000000,868.00,5350.00,0.934000,0.911000
"TOI-1416 b",1.62000000,3.48000000,1.06975680000,1517.00,4884.00,0.793000,0.798000
"TOI-1420 b",11.89000000,25.10000000,6.95610630000,957.00,5510.00,0.923000,0.987000
"TOI-1468 c",2.12600000,4.10000000,15.53247700000,338.10,3376.00,0.371400,0.352700
"TOI-1468 b",1.40100000,3.04000000,1.88052010000,683.50,3376.00,0.371400,0.352700
"HIP 9618 b",3.82838127,8.30000000,20.77285800000,640.88,5649.00,0.959300,0.942000
"HIP 9618 c",3.42855926,7.00000000,52.56363000000,470.31,5649.00,0.959300,0.942000
"TOI-1801 b",2.07900000,5.73800000,10.64387000000,493.70,3863.00,0.547000,0.556000
"TOI-1823 b",7.54062410,67.40000000,38.80000000000,423.63,4927.00,0.804900,0.841400
"TOI-2031 A b",14.20177855,254.26272560,5.71548654000,1358.00,6490.00,1.241000,1.174000
"TOI-2114 b",14.54925695,324.18497514,6.20995900000,1472.00,6400.00,1.970000,1.309000
"TOI-2134 b",2.73500000,9.37000000,9.22919800000,660.00,4580.00,0.709000,0.744000
"TOI-2134 c",7.35000000,58.30000000,95.85284000000,302.00,4580.00,0.709000,0.744000
"TOI-2374 b",7.48759911,61.65871096,4.31361930000,926.00,5002.00,0.711000,0.802000
"TOI-2431 b",1.53400000,6.20000000,0.22419578000,2063.00,4109.00,0.651000,0.661000
"TOI-3235 b",11.39953337,211.35589065,2.59261842000,604.00,3388.80,0.369700,0.393900
"TOI-3757 b",12.00000000,85.30000000,3.43875300000,759.00,3913.00,0.620000,0.640000
"TOI-3884 b",6.43000000,32.59000000,4.54458280000,441.00,3180.00,0.302000,0.298000
"TOI-3984 A b",7.90000000,44.00000000,4.35332600000,563.00,3476.00,0.470000,0.490000
"TOI-4010 c",5.93000000,20.31000000,5.41465400000,907.00,4960.00,0.830000,0.880000
"TOI-4010 d",6.18000000,38.15000000,14.70886000000,650.00,4960.00,0.830000,0.880000
"TOI-4010 b",3.02000000,11.00000000,1.34833500000,1441.00,4960.00,0.830000,0.880000
"LP 890-9 b",1.32000000,13.20000000,2.72990250000,396.00,2850.00,0.155600,0.118000
"TOI-4336 A b",2.13700000,3.33000000,16.33635100000,309.40,3307.00,0.326000,0.306000
"TOI-4492 b",11.78063872,1881.54416944,4.43318240000,1207.00,5711.00,1.222000,1.067000
"HD 20329 b",1.72000000,7.42000000,0.92611800000,2141.00,5596.00,1.130000,0.900000
"Kepler-167 e",10.16000000,321.00669107,1071.23205000000,134.40,4884.00,0.749000,0.777000
"TOI-5205 b",11.60000000,343.00000000,1.63075700000,737.00,3430.00,0.394000,0.392000
"Kepler-167 c",1.67400000,3.44000000,7.40610600000,771.00,4884.00,0.749000,0.777000
"TOI-5293 A b",11.90000000,170.40000000,2.93028900000,675.00,3586.00,0.520000,0.540000
"KOI-94 d",11.27000000,106.00000000,22.34298900000,806.00,6182.00,1.520000,1.277000
"LP 890-9 c",1.36700000,25.30000000,8.45746300000,272.00,2850.00,0.155600,0.118000
"HD 3167 e",3.97000000,14.90000000,91.90000000000,389.00,5338.00,0.871000,0.864000
"TOI-5806 b",15.13212395,721.47048389,3.18563810000,1621.00,6730.00,1.387000,1.333000
"TOI-5916 b",11.80000000,219.00000000,2.36712341000,716.00,3541.00,0.487000,0.518000
"TOI-1136 b",1.90000000,3.50000000,4.17270000000,1216.00,5770.00,0.968000,1.022000
"TOI-1136 g",2.53000000,5.60000000,39.54500000000,574.00,5770.00,0.968000,1.022000
"TOI-1338 c",10.30000000,75.40000000,215.79000000000,354.89,5723.20,1.313000,1.093600
"WASP-84 c",1.95000000,15.20000000,1.44688490000,1329.00,5280.00,0.768000,0.853000
"TOI-6109 c",4.83260000,20.80000000,8.53887800000,786.00,5660.00,1.021000,1.030000
"TOI-6255 b",1.07900000,1.44000000,0.23818244000,1256.46,3421.00,0.370000,0.353000
"WASP-193 b",14.78464554,35.59678158,6.24634750000,1250.00,6080.00,1.213000,1.018000
"LP 791-18 d",1.03200000,0.91000000,2.75485000000,395.50,2960.00,0.182000,0.139000
"TOI-6324 b",1.05900000,1.17000000,0.27922100000,1216.00,3247.00,0.293000,0.269000
"HD 207496 b",2.25000000,6.10000000,6.44100800000,743.00,4819.00,0.769000,0.800000
"TOI-4010 e",13.30000000,692.00000000,762.00000000000,174.00,4960.00,0.830000,0.880000
"GJ 367 c",1.86000000,4.13000000,11.53010000000,,3522.00,0.458000,0.455000
"GJ 367 d",2.33000000,6.03000000,34.36900000000,,3522.00,0.458000,0.455000
"TOI-6109 b",4.87040000,21.10000000,5.69047600000,700.00,5660.00,1.021000,1.030000
"TOI-199 c",11.40000000,88.99195396,273.69000000000,255.43,5255.00,0.820000,0.936000
"AU Mic e",4.87000000,21.10000000,33.11000000000,,3665.00,0.820000,0.600000
"AU Mic d",1.02000000,1.05300000,12.73596000000,,3678.00,0.744000,0.510000
"GJ 806 b",1.33100000,1.90000000,0.92632370000,940.00,3600.00,0.414400,0.413000
"GJ 806 c",2.28000000,5.80000000,6.64064000000,490.00,3600.00,0.414400,0.413000
"HD 110067 b",2.20000000,5.69000000,9.11367800000,800.00,5266.00,0.788000,0.798000
"HD 110067 c",2.38800000,6.30000000,13.67369400000,699.00,5266.00,0.788000,0.798000
"HD 110067 d",2.85200000,8.52000000,20.51961700000,602.00,5266.00,0.788000,0.798000
"HD 110067 e",1.94000000,3.90000000,30.79309100000,533.00,5266.00,0.788000,0.798000
"HD 110067 f",2.60100000,5.04000000,41.05854000000,489.00,5266.00,0.788000,0.798000
"HD 110067 g",2.60700000,8.40000000,54.76992000000,440.00,5266.00,0.788000,0.798000
"GJ 341 b",0.88000000,4.00000000,7.57686000000,629.00,3770.00,0.506600,0.480000
"TOI-6894 b",9.58367850,53.39517238,3.37077196000,417.90,3007.00,0.227600,0.207000
"IRAS 04125+2902 b",10.73820351,80.80000000,8.83497800000,854.00,4080.00,1.450000,0.700000
"Kepler-51 e",2.18000000,5.40000000,264.28400000000,,5674.00,0.870000,0.960000
"TOI-7169 b",16.53324653,130.30964687,3.43731250000,1631.00,5714.00,1.500000,0.885000
"Gl 725 A b",1.48000000,2.78000000,11.22010000000,376.10,3433.00,0.351000,0.330000
"TOI-7189 b",10.90000000,159.04000000,2.89055000000,738.00,3775.00,0.591000,0.612000
"TOI-7265 B b",10.70000000,224.95000000,4.17232000000,571.00,3503.00,0.497000,0.521000
"BD+05 4868 A b",,6.20000000,1.27186900000,1820.00,4596.00,0.690000,0.700000
"TOI-771 c",1.50000000,2.87000000,7.61000000000,365.00,3370.00,0.232000,0.220000
"TOI-7393 b",11.30000000,194.78000000,3.33708000000,747.00,3927.00,0.582000,0.600000
"TOI-2076 e",1.30100000,4.70000000,3.02237530000,1110.00,5187.00,0.758000,0.849000
"L 98-59 f",1.48000000,2.80000000,23.06400000000,285.00,3415.00,0.315500,0.292300
"HIP 41378 g",2.50000000,6.81000000,63.19000000000,605.00,6290.00,1.300000,1.220000
"55 Cnc B b",1.69000000,3.50000000,6.79940000000,395.41,3286.00,0.274000,0.260000
"55 Cnc B c",2.16000000,5.30000000,33.74700000000,230.04,3286.00,0.274000,0.260000
"GJ 3090 c",3.14000000,10.00000000,15.94070000000,407.20,3707.00,0.516000,0.519000
"TOI-4336 A c",1.25100000,1.55000000,7.58726600000,399.50,3307.00,0.326000,0.306000
"TOI-260 b",1.71000000,4.23000000,13.47585300000,493.00,4026.00,0.607000,0.616000
"MOA-2020-BLG-108L b",12.40000000,3391.22910269,,,,,0.580000
"HD 202206 b",12.10000000,6849.20217085,256.26000000000,314.96,5764.23,1.040000,1.060000
"HIP 81991 b",12.50000000,3019.36986650,5860.00000000000,163.28,5100.00,2.821110,1.090000
"Gl 725 B c",1.66000000,3.40000000,37.90000000000,215.00,3379.00,0.280000,0.250000
"Kepler-12 b",19.66058600,137.30256000,4.43796290000,1480.00,5947.00,1.483000,1.166000
"KOI-94 b",1.71000000,10.50000000,3.74320800000,1486.00,6182.00,1.520000,1.277000
"Kepler-167 d",1.23800000,2.06000000,21.80379000000,538.00,4884.00,0.749000,0.777000
"Kepler-51 d",9.70000000,7.60000000,130.19400000000,381.00,6018.00,0.940000,1.040000
"Kepler-51 c",9.00000000,4.00000000,85.31200000000,439.00,6018.00,0.940000,1.040000
"Kepler-51 b",7.10000000,2.10000000,45.15400000000,543.00,6018.00,0.940000,1.040000
"Kepler-167 b",1.71800000,3.60000000,4.39315390000,918.00,4884.00,0.749000,0.777000
"KOI-94 c",4.32000000,15.60000000,10.42364800000,1012.00,6182.00,1.520000,1.277000
"KOI-94 e",6.56000000,35.00000000,54.32031000000,584.00,6182.00,1.520000,1.277000
"PH2 b",9.33708092,87.08498352,282.52542000000,295.10,5734.00,0.949000,0.966000
"K2-33 b",5.04000000,1175.97100000,5.42486500000,850.00,3540.00,1.050000,0.560000
"HAT-P-11 b",4.36000000,25.00000000,4.88800000000,838.00,4653.00,0.683000,0.811000
"HD 180902 b",13.50000000,535.54355000,510.90000000000,412.37,4961.00,4.160000,1.410000
"TOI-5624 e",3.24700000,8.90000000,21.48993600000,613.80,5327.00,0.820000,0.858000
"KOINTREAU-1 b",12.40000000,3368.98111420,,,3551.00,,0.260000
"K2-414 c",1.92870000,4.38000000,6.66900000000,762.62,4343.00,0.732000,0.814000
"Kepler-1154 c",2.36000000,6.17000000,8.45808312000,1117.00,6327.00,1.430000,1.260000
"Kepler-863 b",2.90000000,8.75000000,15.59461874000,718.00,5678.00,0.950000,0.960000
"Kepler-278 c",3.26800000,34.90000000,51.11100000000,492.00,4965.00,2.861000,1.227000
"GJ 180 d",2.66000000,7.56000000,106.30000000000,187.94,3371.00,0.413049,0.430000
"K2-86 b",1.96000000,4.50000000,8.77683000000,830.49,5482.00,0.760000,0.790000
"HD 196050 b",12.90000000,1493.79351290,1392.00000000000,207.52,5879.00,1.420000,1.270000
"Kepler-564 b",4.63000000,19.40000000,3.75083228500,1129.00,5626.00,0.920000,0.950000
"Kepler-878 b",1.93000000,4.38000000,25.94220330000,501.00,5044.00,0.770000,0.810000
"HD 120084 b",12.70000000,2034.10180480,2142.00000000000,369.24,4879.00,10.370000,2.160000
"TOI-1694 c",13.80000000,316.55709337,386.25000000000,222.00,5005.00,0.812000,0.828000
"K2-87 b",7.60000000,44.90000000,9.72661800000,979.00,5747.00,1.401000,1.164000
"Kepler-983 b",2.36000000,6.17000000,60.08550820000,485.00,6052.00,1.080000,1.130000
"Kepler-1948 b",1.03283226,1.09000000,15.57129955000,399.00,3872.00,0.557000,0.585000
"Kepler-444 c",0.49700000,0.07930000,4.54588410000,868.00,5046.00,0.752000,0.758000
"Kepler-1173 b",0.89000000,0.64000000,0.76985360000,1650.00,5252.00,0.820000,0.860000
"HD 219077 b",12.50000000,3057.50927534,5478.68861000000,146.68,5362.00,1.910000,0.920000
"Kepler-458 c",4.20000000,16.40000000,20.74028413000,798.00,6117.21,2.215620,1.150000
"Kepler-1608 b",1.73000000,3.64000000,16.47356860000,612.00,4992.00,0.720000,0.750000
"TOI-2093 b",3.25000000,10.60000000,12.83600000000,535.00,4426.00,0.729000,0.745000
"EPIC 212499991 b",1.60000000,3.19000000,34.88500000000,,4982.79,0.757541,0.912000
"Kepler-759 b",2.27000000,5.77000000,41.80598500000,533.00,5860.00,1.040000,1.040000
"Kepler-563 b",3.09000000,9.75000000,22.18432708000,546.00,5066.00,0.770000,0.800000
"Kepler-296 f",1.80000000,3.89000000,63.33627000000,274.00,3740.00,0.480000,0.498000
"Kepler-534 b",2.24000000,5.65000000,15.95994513000,721.00,5884.00,0.980000,1.050000
"TOI-512 b",1.54000000,3.57000000,7.18886000000,1009.00,5277.00,0.890000,0.740000
"HD 75784 b",13.80000000,317.83000000,341.20000000000,425.98,4867.00,3.400000,1.260000
"Kepler-172 c",2.86000000,8.55000000,6.38899600000,970.00,5526.00,1.085000,1.081000
"Kepler-1340 b",1.55000000,3.02000000,0.66502691600,2174.00,6331.00,1.420000,1.270000
"Kepler-1115 b",1.70000000,3.53000000,23.55407250000,1381.00,8480.00,1.730000,1.600000
"KIC 5437945 b",6.40000000,33.60000000,440.78130000000,308.00,6340.00,1.240000,1.070000
"Kepler-1859 c",1.66000000,3.39000000,3.59645081000,1327.00,5887.00,1.235000,1.090000
"Kepler-1201 b",2.29000000,5.86000000,15.18725932000,789.00,6177.00,1.240000,1.150000
"Kepler-232 c",3.83000000,14.00000000,11.37934900000,806.00,5847.00,0.968000,0.970000
"tau Cet g",1.18000000,1.75000000,20.00000000000,639.65,5310.00,0.830000,0.783000
"Kepler-151 b",3.06000000,9.59000000,15.22895800000,639.00,5460.00,0.830000,0.870000
"TOI-201 b",11.40000000,164.00000000,52.97860000000,759.00,6423.00,1.310000,1.320000
"Kepler-207 d",3.31000000,11.00000000,5.86807500000,1254.00,5920.00,1.588000,1.313000
"GJ 887 e",1.12000000,1.46000000,4.42490000000,544.00,3688.00,0.468000,0.495000
"WASP-108 b",15.13212395,283.50293904,2.67555212374,1589.00,6783.00,1.344150,1.167000
"Kepler-1521 b",2.50000000,6.80000000,47.14840805000,391.00,5042.00,0.760000,0.810000
"Kepler-238 c",2.39000000,152.52200000,6.15555700000,1146.00,5751.00,1.430000,1.229000
"GJ 676 A d",1.78000000,3.81394088,3.60076000000,757.36,3734.00,0.690000,0.626000
"Kepler-620 b",3.32000000,11.00000000,12.91375431000,849.00,6155.00,1.220000,1.150000
"TOI-2989 b",12.55405838,953.48522100,3.12283200000,1001.00,4672.00,0.760000,0.770000
"Kepler-349 c",1.96000000,4.50000000,12.24762900000,763.00,5956.00,0.927000,1.083000
"Kepler-1231 b",1.42000000,2.60000000,10.41725184000,870.00,5778.00,1.000000,1.010000
"Kepler-274 b",1.54000000,2.99000000,11.63478800000,961.00,6023.00,1.007000,0.883000
"Kepler-832 b",2.06000000,4.90000000,7.13969410000,965.00,5596.00,0.900000,0.920000
"Kepler-1889 b",2.94360686,8.98000000,37.30369949000,493.00,5646.00,0.817000,0.864000
"Kepler-988 b",2.07000000,4.94000000,17.76080053000,368.00,4005.00,0.530000,0.550000
"TOI-880 c",4.95000000,21.70000000,6.38727030000,805.00,5050.00,0.830000,0.870000
"HD 12235 b",3.23000000,10.48833743,4.36305000000,1667.37,5986.00,1.801850,1.100000
"Kepler-444 f",0.74100000,0.33200000,9.74048600000,673.00,5046.00,0.752000,0.758000
"GJ 887 c",2.43000000,6.50000000,21.78400000000,320.00,3688.00,0.468000,0.495000
"Kepler-524 b",1.91000000,4.31000000,7.97419807000,974.00,6014.00,1.100000,1.090000
"Kepler-1075 b",1.42000000,2.60000000,1.52372816000,818.00,3959.00,0.540000,0.560000
"Kepler-368 b",3.26000000,10.70000000,26.84768000000,800.00,5502.00,2.019000,1.165000
"Kepler-115 b",1.09000000,1.32000000,2.40367900000,1489.00,5979.00,1.205000,1.042000
"Kepler-1735 b",1.19429134,1.84000000,7.71792984000,502.00,3975.00,0.509000,0.535000
"TOI-1898 b",9.39553231,129.00000000,45.52234000000,674.54,6241.00,1.613100,1.248400
"Kepler-1130 c",0.79239584,0.42200000,3.26663994800,1072.00,5450.00,0.842000,0.944000
"HD 20782 b",13.60000000,472.83000000,597.06430000000,253.34,5782.13,1.126810,1.040000
"Kepler-1376 b",1.05000000,1.16000000,5.30880656000,1042.00,5659.00,0.970000,0.980000
"Kepler-1190 b",1.33000000,2.33000000,10.45843441000,609.00,4730.00,0.720000,0.760000
"Kepler-450 b",6.14000000,19.40000000,28.45485100000,769.00,6197.21,1.641620,1.190000
"Kepler-758 d",2.12000000,5.14000000,20.49661970000,843.00,6228.00,1.420000,1.160000
"HAT-P-47 b",14.71739166,65.47265184,4.73217441000,1605.00,6703.00,1.515000,1.387000
"HD 135625 b",13.30000000,731.00533610,4055.00000000000,146.04,6040.64,1.357430,1.280000
"TOI-2211.01",1.56100000,3.06000000,3.09268675700,1056.92,5253.00,0.834000,0.900000
"Kepler-124 b",0.73000000,0.31500000,3.41049300000,892.00,4984.00,0.636000,0.706000
"Kepler-1259 b",1.43000000,2.63000000,0.66308525800,1681.00,5053.00,0.770000,0.800000
"TOI-1859 b",9.75181321,68.60000000,63.48347000000,615.00,6341.00,1.360000,1.287000
"Kepler-616 b",2.43000000,6.48000000,9.99761851000,860.00,5753.00,0.970000,0.980000
"HD 141399 e",14.10000000,209.76780000,5000.00000000000,142.24,5600.00,1.387236,1.070000
"Kepler-1008 b",1.28000000,2.18000000,12.43931193000,627.00,5066.00,0.780000,0.810000
"TOI-2133 b",2.37000000,6.21000000,3.82664720000,798.00,4250.00,0.620000,0.644000
"Kepler-1979 b",29.33000000,,18.50845260000,683.00,5942.00,0.938000,1.028000
"WASP-157 b",11.19000000,182.43442000,3.95162300000,1193.00,5772.00,1.100000,1.060000
"Kepler-1183 b",2.82000000,8.35000000,28.50571890000,555.00,5765.00,0.990000,1.000000
"Kepler-331 d",1.64000000,3.33000000,32.13432800000,346.00,4347.00,0.492000,0.653000
"TOI-5322 b",16.61170940,184.02264765,5.42332070000,1350.00,5692.00,1.462000,0.998000
"HD 457 b",11.90000000,8445.33643080,20324.58153000000,85.15,6114.04,1.281940,1.150000
"HD 112640 b",12.90000000,1589.15000000,613.20000000000,959.65,4155.00,39.000000,1.800000
"Kepler-1647 b",11.87390000,483.00000000,1107.59230000000,242.92,6210.00,1.790300,1.220700
"Kepler-1197 b",1.25000000,2.10000000,2.03231845000,1011.00,4708.00,0.720000,0.780000
"HD 153557 b",4.77000000,20.34101805,7.29903000000,772.12,4837.00,0.745171,0.790000
"Kepler-1939 b",1.16480773,1.68000000,2.79065990400,816.00,4353.00,0.603000,0.648000
"TIC 117642575 b",2.82716337,8.38000000,4.94459060181,,5719.98,1.081020,1.060000
"Kepler-621 b",2.30000000,5.90000000,2.62811374600,737.00,4521.00,0.680000,0.720000
"Kepler-1113 b",2.81000000,8.30000000,42.30049540000,558.00,5931.00,1.170000,1.120000
"Kepler-142 b",1.99000000,4.62000000,2.02415200000,1597.00,5790.00,1.269000,0.978000
"Kepler-662 b",2.18000000,5.39000000,21.67697486000,530.00,4897.00,0.740000,0.790000
"Kepler-1336 c",1.71000000,3.57000000,5.77721211000,1260.00,5512.00,1.300000,0.940000
"TOI-216.02",8.00000000,18.75187601,17.16073000000,628.00,5026.00,0.748000,0.770000
"Kepler-236 c",2.00000000,4.66000000,23.96812700000,329.00,3750.00,0.510000,0.596005
"HD 196067 b",12.40000000,3623.24383980,3413.70000000000,176.42,6072.00,1.710000,1.160000
"Kepler-1210 b",1.70000000,3.53000000,8.07124073000,856.00,5568.00,0.920000,0.940000
"Kepler-91 b",15.32270300,257.44230000,6.24658000000,2040.00,4550.00,6.300000,1.310000
"K2-290 b",3.06000000,10.90000000,9.21165000000,1230.00,6302.00,1.511000,1.194000
"Kepler-1766 b",2.27904508,5.81000000,105.01499940000,406.00,5868.00,1.042000,0.915000
"HD 176986 c",,2097.98531461,16.81240000000,558.00,4931.00,0.782000,0.789000
"K2-170 c",1.80176470,3.90000000,12.40004700000,,5748.00,0.981614,0.963657
"HD 72490 b",13.50000000,561.92344000,858.00000000000,386.45,4934.00,4.960000,1.210000
"HD 12661 c",13.20000000,899.45439181,1708.00000000000,174.06,5748.00,1.110000,1.020000
"Kepler-1061 b",1.98000000,4.58000000,2.75798266600,1332.00,6067.00,1.070000,1.090000
"Kepler-1904 b",1.39049940,2.51000000,4.57702016800,567.00,3805.00,0.497000,0.526000
"Kepler-473 b",4.08000000,15.60000000,14.55731705000,879.00,5816.00,1.340000,1.060000
"HD 14787 b",13.70000000,356.28743000,676.60000000000,409.43,4946.00,5.010000,1.430000
"WASP-106 b",12.10569916,613.40882551,9.28969000000,1140.00,6002.00,1.470000,1.175000
"Kepler-1840 b",2.77771129,8.13000000,131.19000240000,284.00,4898.00,0.803000,0.774000
"kap And b",15.91675259,5498.43144110,,1791.00,11327.00,2.109000,2.768000
"Kepler-1751 b",1.82417378,3.98000000,7.01731014300,984.00,6052.00,0.967000,0.974000
"Kepler-1067 b",0.80000000,0.43700000,0.76212926100,1872.00,5592.00,0.930000,0.950000
"TOI-2578 b",19.66055215,167.17774208,3.45796670000,1778.00,6333.00,1.640000,1.270000
"Kepler-624 b",2.31000000,5.95000000,14.58649607000,852.00,6117.00,1.180000,1.100000
"TOI-5349 b",10.20000000,127.40000000,3.31792100000,719.00,3751.00,0.580000,0.610000
"TOI-1294 c",14.30000000,147.00000000,159.90000000000,440.45,5718.00,1.556600,1.157800
"Kepler-1039 b",1.46000000,2.73000000,0.93488424200,2080.00,4870.00,0.740000,0.790000
"HAT-P-60 b",18.28184752,182.43350562,4.79478130000,1772.00,6212.00,2.197000,1.435000
"HD 88986 b",2.49000000,17.20000000,146.05000000000,460.00,5861.00,1.543000,1.250000
"HD 215152 e",,975.41538108,25.19670000000,517.82,4935.00,0.730000,0.770000
"Kepler-704 b",2.61000000,7.32000000,3.76182115000,1121.00,5616.00,0.960000,0.970000
"K2-385 b",1.53900000,2.98000000,2.38086700000,,4844.00,0.761000,0.927000
"Kepler-1432 b",2.22000000,5.56000000,23.91090110000,709.00,6031.00,1.130000,1.090000
"Kepler-135 c",1.16000000,1.65000000,11.44870800000,975.00,6090.00,1.275000,1.047000
"Kepler-950 b",8.98000000,59.60000000,98.71804060000,360.00,5857.00,1.020000,1.020000
"HD 73526 b",13.10000000,978.91640000,188.30000000000,414.37,5601.00,1.530000,1.140000
"HD 207897 b",2.34302132,14.80000000,16.20166000000,581.75,5106.00,0.782700,0.820800
"Kepler-1459 b",1.36000000,2.42000000,62.86916110000,349.00,4828.00,0.740000,0.780000
"Kepler-1358 b",1.12000000,1.46000000,7.06317341000,827.00,5181.00,0.790000,0.820000
"Kepler-411 b",2.40100000,25.60000000,3.00515600000,1138.00,4974.00,0.820000,0.870000
"HD 360 b",14.00000000,238.37130525,273.10000000000,765.69,4770.00,10.860000,1.690000
"TOI-4030 b",5.84625590,28.80000000,2.50900199461,1384.00,5640.37,0.991737,0.980000
"Kepler-741 b",2.97000000,9.11000000,7.03902374000,1051.00,6129.00,1.240000,1.160000
"Kepler-1299 b",2.98000000,9.17000000,19.94008740000,588.00,5609.00,0.910000,0.940000
"Kepler-1806 b",2.35560189,6.15000000,9.03332042700,729.00,5311.00,0.788000,0.884000
"TOI-375 c",13.40000000,669.34662514,115.50000000000,596.00,5259.90,2.900000,1.441000
"Kepler-1048 b",1.61000000,3.22000000,6.92101021000,619.00,4651.00,0.700000,0.750000
"Kepler-749 b",3.10000000,9.80000000,17.31716585000,454.00,5009.00,0.750000,0.790000
"HD 102329 b",12.60000000,2593.49280000,778.09998000000,532.95,4745.00,9.820000,3.210000
"TOI-1194 b",8.71664516,120.00000000,2.31064460000,1264.29,5394.00,0.960800,0.983500
"Barnard d",0.69400000,0.26300000,2.34020000000,483.00,3195.00,0.185000,0.162000
"Kepler-1951 b",2.32107188,6.00000000,20.65780067000,728.00,5468.00,1.306000,0.923000
"HIP 114933 b",13.40000000,616.58710958,1481.60000000000,316.81,4823.00,5.270000,1.390000
"Kepler-1305 b",1.88000000,4.19000000,13.56309720000,733.00,5701.00,0.960000,0.970000
"Kepler-598 b",1.50000000,2.86000000,3.70175428000,1050.00,5307.00,0.860000,0.870000
"HD 185283 b",13.60000000,413.17692910,4060.00000000000,93.97,4848.00,0.743303,0.800000
"Kepler-1920 b",2.95415848,9.03000000,30.25410080000,660.00,6277.00,1.161000,1.239000
"HD 65216 b",13.60000000,411.58985000,577.60000000000,222.56,5612.00,0.880000,0.874000
"Kepler-954 b",2.32000000,5.99000000,16.78176602000,545.00,4990.00,0.760000,0.820000
"EPIC 206042996 c",1.20000000,1.87000000,0.35488400000,,4114.00,0.500000,0.565000
"HATS-38 b",6.88232600,23.51942000,4.37502100000,1294.00,5732.00,1.105000,0.890000
"Kepler-1388 c",2.26000000,5.73000000,5.53608151000,566.00,4098.00,0.610000,0.630000
"TIC 178172313 b",2.80405322,8.27000000,4.37318161360,,5405.59,0.843450,0.910000
"Gliese 12 b",0.93000000,0.95000000,12.76141800000,314.60,3328.00,0.265000,0.255000
"Kepler-266 c",3.89000000,14.40000000,107.72360100000,421.00,5885.00,1.028000,0.947000
"NGTS-30 b",10.40193409,305.11527072,98.29838000000,500.00,5455.00,0.913000,0.940000
"Kepler-1388 e",2.46000000,6.62000000,37.63270840000,299.00,4098.00,0.610000,0.630000
"Kepler-1311 b",1.24000000,2.07000000,11.17269940000,1019.00,5748.00,1.400000,1.050000
"Kepler-1991 c",2.57000000,7.13000000,22.79020351000,634.00,5478.00,1.053000,0.914000
"Kepler-126 d",2.50000000,54.59018723,100.28313400000,475.00,6239.00,1.358000,1.108000
"TOI-4029 b",6.73756618,36.60000000,5.88498234631,1142.00,5662.53,1.178340,1.018000
"Kepler-2001 b",1.04000000,1.12000000,1.09001100300,1402.00,5081.00,0.770000,0.864000
"Kepler-1247 b",2.33000000,6.04000000,13.71220213000,676.00,5303.00,0.820000,0.860000
"Kepler-68 e",11.20000000,86.44932670,3455.00000000000,147.35,5847.00,1.256400,1.057000
"Kepler-1406 b",1.10000000,1.37000000,11.62905828000,854.00,5892.00,1.120000,1.050000
"Kepler-1682 b",2.88940836,8.70000000,14.83340000000,694.00,5619.12,0.842301,0.990000
"Kepler-174 d",2.19000000,5.43000000,247.35373000000,212.00,4880.00,0.622000,0.602000
"Kepler-326 b",1.52000000,44.60000000,2.24832900000,1127.00,5105.00,0.801000,0.910000
"GJ 3998 d",2.34000000,6.07000000,41.78000000000,292.23,3726.00,0.500000,0.520000
"HD 205158 b",13.90000000,124.58873554,25.33798000000,963.25,6133.55,1.877410,1.160000
"HD 219134 h",12.70000000,108.06220000,2247.00000000000,117.88,4913.00,0.770000,0.794000
"K2-183 c",2.30000000,5.90000000,10.78799200000,787.00,5482.00,0.870000,0.942219
"NGTS-21 b",14.90794433,750.07504052,1.54338970000,1357.00,4660.00,0.860000,0.720000
"Kepler-1519 b",7.06000000,39.60000000,240.79893970000,342.00,5644.00,0.910000,0.940000
"TCP J05074264+2447555 b",4.72000000,20.00000000,,344.63,5805.00,1.424870,0.586000
"TOI-2459 b",2.95310000,9.03000000,19.10471800000,445.01,4195.00,0.675100,0.660000
"Kepler-784 b",1.58000000,3.12000000,31.59226460000,688.00,5674.00,1.320000,1.000000
"TOI-2641 b",18.10250383,122.68176510,4.88097400000,1387.00,6100.00,1.336000,1.160000
"Kepler-255 c",2.99000000,9.22000000,9.94604700000,807.00,5573.00,0.933000,0.867000
"HD 51608 c",3.87000000,14.31000000,95.94460000000,400.69,5358.00,0.916136,0.800000
"TIC 434398831 c",5.63000000,27.00000000,6.21029100000,1050.00,5638.00,0.909000,0.992000
"TOI-3082 b",3.66210000,13.00000000,1.92690700000,1032.78,4263.00,0.684700,0.664000
"Kepler-1037 b",1.28000000,2.18000000,1.06378867300,1650.00,5105.00,0.780000,0.820000
"TOI-2141 d",3.97000000,14.90000000,60.45000000000,491.40,5635.00,0.950000,0.896000
"HD 88133 b",13.80000000,324.18660000,3.41488400000,1762.08,5392.00,2.200000,1.260000
"TOI-1448 b",2.74900000,19.50000000,8.11224500000,426.00,3412.00,0.380000,0.372000
"TIC 294329732 b",2.07692266,4.97000000,9.75658761810,,5201.93,0.920172,0.890000
"WISPIT 2 c",17.93436912,3178.28407000,,2050.00,4530.00,1.300000,1.080000
"K2-272 b",3.13000000,9.96000000,14.45367560000,747.00,5397.00,0.830000,0.860000
"TOI-3474 b",14.67255574,193.87532827,3.87951050000,1451.00,6020.00,1.256000,1.121000
"Kepler-825 c",1.84000000,4.04000000,8.18182460000,981.00,5976.00,1.080000,1.030000
"Kepler-382 b",1.32000000,2.30000000,5.26215500000,1166.00,5600.00,0.945000,1.002000
"Kepler-266 b",2.48000000,6.71000000,6.61833000000,1066.00,5885.00,1.028000,0.947000
"Kepler-1962 b",1.21463929,1.95000000,7.99145984600,901.00,5700.00,1.006000,1.003000
"TOI-1266 d",1.74000000,3.68000000,32.50900000000,288.00,3563.00,0.423200,0.437000
"Kepler-691 b",2.09000000,5.02000000,8.11437900000,460.00,3715.00,0.500000,0.530000
"HD 142415 b",13.50000000,530.77610000,386.29999000000,283.72,5940.00,1.040000,1.070000
"WASP-167 b",17.71022000,2542.64000000,2.02195960000,2329.00,7000.00,1.790000,1.590000
"K2-412 b",2.11600000,5.13000000,5.93820000000,1100.64,5590.00,0.977000,0.893000
"Kepler-1441 b",1.31000000,2.27000000,39.44198390000,682.00,5802.00,1.000000,1.000000
"CoRoT-28 b",10.70459500,153.82972000,5.20851000000,1349.25,5150.00,1.780000,1.010000
"Kepler-88 d",13.10000000,965.14699656,1403.00000000000,158.95,5466.00,0.897000,0.990000
"Kepler-1755 b",5.91688317,29.40000000,24.81209946000,631.00,6086.00,0.921000,1.003000
"Teegarden's Star c",1.02000000,1.05000000,11.41600000000,209.00,3034.00,0.120000,0.097000
"HD 219828 b",4.59000000,19.06970442,3.83483000000,1602.83,5891.00,1.560000,1.040000
"Kepler-835 b",2.79000000,8.20000000,11.41909375000,921.00,5954.00,1.110000,1.080000
"Kepler-1666 c",3.23564749,10.50000000,40.71570000000,578.00,6293.00,1.145860,1.230000
"Kepler-1143 b",1.67000000,3.43000000,2.88890484900,976.00,5053.00,0.770000,0.810000
"KOI-4777.01",0.51000000,99.20000000,0.41200000000,1180.00,3515.00,0.400000,0.410000
"Kepler-79 d",7.15000000,5.30000000,52.08970000000,592.00,6389.00,1.316000,1.244000
"Kepler-190 b",1.56000000,3.05000000,2.01999900000,1166.00,5106.00,0.795000,0.834000
"NGTS-17 b",13.89913607,242.82090295,3.24253000000,1457.00,5650.00,1.337000,1.025000
"Kepler-354 c",1.31000000,2.27000000,16.93440200000,508.00,4648.00,0.674000,0.652000
"TIC 198190129 b",2.92284949,8.87000000,7.94804910667,,4377.53,0.640675,0.638000
"Kepler-1933 b",1.17984089,1.76000000,4.94329023400,1058.00,5661.00,1.008000,0.964000
"OGLE-2014-BLG-0676L b",13.10000000,988.44634577,,,,,0.600000
"Kepler-1041 b",2.94000000,8.96000000,24.75764210000,644.00,5957.00,1.080000,1.060000
"KIC 10525077 b",5.50000000,25.90000000,854.08300000000,,6091.00,1.010000,1.010000
"K2-70 b",2.89000000,8.70000000,13.97896000000,783.99,5622.00,0.930000,0.940000
"TOI-5704 b",3.22740000,10.50000000,3.77111600000,949.07,4590.00,0.757500,0.730000
"HATS-4 b",11.43300000,420.47100000,2.51672900000,1315.00,5403.00,0.925000,1.001000
"Kepler-121 b",2.34000000,6.08000000,3.17742200000,997.00,5311.00,0.701000,0.859000
"HD 163607 b",13.90000000,249.05158800,75.22030000000,587.13,5522.00,1.760000,1.120000
"TOI-1453 b",1.17300000,2.32000000,4.31352250000,944.20,4975.00,0.720000,0.715000
"Kepler-395 c",1.32000000,2.30000000,34.98926200000,341.00,4262.00,0.556000,0.622827
"Kepler-1965 b",1.35415138,2.40000000,41.86869812000,492.00,5852.00,0.837000,0.928000
"DMPP-8 b",10.80000000,81.09000000,62.91500000000,579.70,6009.00,1.240000,0.990000
"Kepler-501 b",4.30000000,17.10000000,5.64067757200,1125.00,5904.00,1.040000,1.030000
"TOI-892 b",11.99363000,301.93850000,10.62656000000,1397.00,6261.00,1.390000,1.280000
"Kepler-1898 b",0.93353523,0.76000000,4.76562023200,1167.00,5702.00,1.125000,0.837000
"Kepler-1274 b",1.42000000,2.60000000,6.98152703000,1384.00,6179.00,2.170000,1.450000
"G 9-40 b",1.90000000,4.00000000,5.74599820000,440.60,3395.00,0.302600,0.295200
"K2-46 b",2.05000000,4.86000000,19.15410000000,889.00,6256.00,1.290000,0.960000
"K2-199 c",2.85000000,12.40000000,7.37448970000,694.00,4491.00,0.682000,0.711000
"TOI-2005 b",11.99360935,2034.10180480,17.30590400000,1221.39,7130.00,2.020000,1.590000
"Kepler-1065 b",3.73000000,13.40000000,3.60930890700,1092.00,5635.00,0.930000,0.940000
"TOI-7394 B b",11.50000000,668.74000000,1.25299500000,986.00,3717.00,0.609000,0.624000
"TOI-5811 B b",21.96960217,257.44100967,6.25663000000,1530.00,4840.00,3.730000,1.080000
"HD 112300 b",12.20000000,5031.22368281,466.63000000000,1240.35,3657.00,65.800000,1.400000
"TOI-5614 b",3.21759316,10.40000000,4.17221328949,817.00,4553.00,0.734919,0.674000
"Kepler-793 b",1.37000000,2.45000000,4.24153639000,1177.00,5745.00,0.970000,0.980000
"Kepler-307 c",2.20000000,3.64000000,13.07290000000,739.00,5367.00,0.814000,0.907000
"Kepler-613 b",2.29000000,5.86000000,15.77979614000,713.00,5723.00,0.960000,0.980000
"K2-138 g",3.01300000,4.32000000,41.96797000000,445.00,5356.30,0.863000,0.935000
"HD 128311 b",13.50000000,562.24127000,453.01900000000,200.47,4965.00,0.760000,0.828000
"Kepler-20 b",1.77300000,9.70000000,3.69610490000,1187.00,5495.00,0.916400,0.929000
"Kepler-1634 b",3.19000000,10.30000000,374.87623900000,282.00,5474.00,0.890000,0.920000
"Kepler-445 d",1.25000000,2.10000000,8.15275000000,305.00,3157.00,0.210000,0.180000
"Kepler-1701 b",2.22186207,5.57000000,169.13400000000,273.00,5146.00,0.840217,0.870000
"Kepler-1835 b",3.53387773,12.20000000,11.96409988000,808.00,5903.00,0.961000,0.922000
"Kepler-1024 b",3.91000000,14.50000000,66.41621330000,376.00,5143.00,0.780000,0.810000
"Kepler-1545 b",2.70000000,7.75000000,163.69234900000,274.00,5201.00,0.800000,0.840000
"Kepler-1774 b",3.18179549,10.20000000,59.77080154000,522.00,6214.00,1.122000,1.101000
"KOBE-1 b",2.91000000,8.80000000,8.53990000000,594.40,4135.00,0.619000,0.629000
"Kepler-1852 b",1.88610592,4.22000000,7.97094011300,760.00,5237.00,0.826000,0.927000
"Kepler-1196 b",2.23000000,5.60000000,66.18490310000,436.00,5756.00,0.970000,0.980000
"TOI-1221 b",2.91000000,1112.39942450,91.68278000000,440.00,5592.00,1.031000,0.930000
"Kepler-324 c",3.15000000,6.20000000,51.80561200000,410.00,5194.00,0.840000,0.901000
"Kepler-1122 b",2.04000000,4.82000000,42.19173570000,526.00,5544.00,0.890000,0.920000
"Kepler-1826 b",1.47519116,2.78000000,1.61536002200,806.00,3821.00,0.486000,0.490000
"HD 134606 c",3.37000000,11.31000000,58.88300000000,527.65,5576.00,1.158000,1.046000
"TIC 150070085 b",3.62000000,12.80000000,10.47423000000,945.06,5999.00,1.086000,1.160000
"HIP 75092 b",13.50000000,568.91284853,926.40000000000,353.19,4891.00,4.530000,1.280000
"Kepler-828 b",1.51000000,2.89000000,0.56785713600,1848.00,5039.00,0.770000,0.810000
"CoRoT-8 b",6.39000000,69.92000000,6.21229000000,870.00,5080.00,0.770000,0.880000
"HD 39091 b",12.30000000,4481.38053870,2088.80000000000,172.74,5998.00,1.170000,1.070000
"K2-136 b",1.01400000,4.30000000,7.97525000000,610.00,4500.00,0.677000,0.742000
"K2-136 c",3.00000000,18.10000000,17.30723000000,470.00,4500.00,0.677000,0.742000
"K2-136 d",1.56500000,3.00000000,25.57500000000,420.00,4500.00,0.677000,0.742000
"pi Men c",2.01890000,3.63000000,6.26783990000,1169.80,5998.00,1.170000,1.070000
"LHS 1815 b",1.08800000,1.58000000,3.81433400000,617.00,3643.00,0.501000,0.502000
"HIP 67522 b",9.98720180,71.40000000,6.95947310000,1175.00,5675.00,1.380000,1.220000
"HD 5278 b",2.45000000,7.80000000,14.33915600000,943.00,6203.00,1.194000,1.126000
"HD 5278 c",4.49000000,18.40000000,40.87000000000,664.95,6203.00,1.194000,1.126000
"TOI-1062 b",2.26500000,10.15000000,4.11296000000,1077.00,5328.00,0.840000,0.940000
"TOI-1062 c",3.10000000,9.78000000,7.97200000000,859.00,5328.00,0.840000,0.940000
"TOI-2285 b",1.77000000,19.50000000,13.63510900000,358.00,3491.00,0.464000,0.454000
"TOI-2109 b",15.09849700,1595.49860314,0.67247414000,3646.00,6540.00,1.698000,1.453000
"pi Men d",3.72000000,13.38000000,124.64000000000,443.55,5998.00,1.190000,1.070000
"TOI-1107 b",14.57167491,1064.72516345,4.07823870000,1728.00,6311.00,1.810000,1.350000
"TOI-707 b",2.41600000,6.42000000,52.79918000000,491.70,5424.00,0.978000,0.990000
"TOI-907.01",9.61588510,67.00000000,4.58491290000,1846.60,6272.00,2.059789,1.069357
"LHS 475 b",0.99100000,0.94100000,2.02908800000,586.00,3300.00,0.278900,0.262000
"TOI-912 b",1.93000000,5.10000000,4.67806910000,551.00,3572.00,0.419000,0.418000
"TOI-913 b",2.45280000,6.59000000,11.09864400000,712.01,4969.00,0.732500,0.820000
"TOI-1105 b",3.05823658,9.58000000,10.86818410933,756.37,4678.46,0.755833,0.740000
"TOI-1230.01",2.38627705,6.29000000,25.05734661842,1046.51,5696.00,1.152810,1.140000
"TOI-2322 c",1.87400000,18.10000000,20.22552800000,496.80,4664.00,0.662000,0.703000
"TOI-2322 b",0.99400000,2.31000000,11.30717000000,603.10,4664.00,0.662000,0.703000
"TOI-3353.01",2.66675550,7.59000000,4.66579650000,1264.36,6365.00,1.020700,1.332089
"NGTS-26 b",14.88552637,92.80589484,4.51992790000,1331.00,5550.00,1.160000,0.960000
"TIC 46432937 b",13.31626907,1017.05090240,1.44044527000,872.00,3572.00,0.529900,0.563000
"HIP 67522 c",7.93595834,48.30000000,14.33489200000,917.00,5675.00,1.380000,1.220000
"Kepler-103 c",5.45390000,58.47000000,179.60978000000,434.00,6047.00,1.492000,1.212000
"Kepler-546 b",7.00000000,39.10000000,4.14702025800,1258.00,5967.00,1.150000,1.110000
"Kepler-103 b",3.48570000,11.67000000,15.96532870000,973.00,6047.00,1.492000,1.212000
"Kepler-433 b",16.25000000,896.24000000,5.33408384000,1776.00,6360.00,2.260000,1.460000
"Kepler-1976 b",12.21000000,,4.95931924400,1103.00,5712.00,1.082000,0.976000
"Kepler-1157 b",1.09000000,1.32000000,4.45743164000,732.00,4679.00,0.710000,0.760000
"Kepler-1610 b",1.61000000,3.22000000,8.70181574000,750.00,5383.00,0.870000,0.910000
"Kepler-1245 c",1.44000000,2.67000000,2.93658468100,1190.00,5306.00,0.830000,0.860000
"Kepler-297 d",32.60000000,,150.01895110000,325.00,5618.00,0.897000,0.846000
"Kepler-431 b",0.76400000,0.37000000,6.80300000000,1032.00,6004.00,1.092000,1.071000
"DMPP-4 b",3.53000000,12.20000000,3.49820000000,1645.69,6400.00,1.380000,1.250000
"Kepler-184 d",2.49000000,6.76000000,29.02235800000,559.00,5788.00,0.873000,0.872000
"Kepler-1140 b",2.77000000,8.10000000,24.08627070000,500.00,4850.00,0.730000,0.760000
"TOI-1799 b",1.64200000,4.00000000,7.09457086500,922.72,5690.00,0.957000,1.010000
"Kepler-1696 b",2.80982017,8.29000000,65.94090000000,454.00,5712.00,1.198110,1.020000
"Kepler-928 b",1.59000000,3.15000000,3.93246130200,894.00,4700.00,0.700000,0.730000
"Kepler-153 c",2.53000000,6.94000000,46.90232000000,458.00,5404.00,0.892000,0.756000
"HD 73256 c",12.20000000,5085.25451200,2690.00000000000,133.92,5570.00,0.944723,1.000000
"HD 175541 b",14.10000000,190.06234000,298.43000000000,501.11,5013.00,4.190000,1.390000
"HD 219134 g",3.28000000,10.80622000,94.20000000000,339.34,4913.00,0.770000,0.794000
"Kepler-708 b",2.93000000,8.91000000,3.16789193800,1221.00,5692.00,0.960000,0.970000
"WASP-54 b",17.71022000,187.51970000,3.69364000000,1759.00,6100.00,1.760000,1.080000
"K2-250 b",2.71257333,7.81000000,4.01392000000,1003.00,5003.00,0.797000,0.809000
"Kepler-1325 b",2.86000000,8.55000000,33.87868380000,564.00,5550.00,0.910000,0.930000
"Kepler-703 b",8.20000000,51.10000000,4.58352175600,1038.00,6185.00,1.270000,1.180000
"TOI-1533 c",7.50000000,36.60000000,8.06379260000,628.00,5146.00,0.849000,0.880000
"Kepler-957 b",5.50000000,25.90000000,5.90741353700,769.00,4963.00,0.750000,0.810000
"TOI-3856 b",13.59649359,171.62733978,2.04360352000,1544.00,5622.00,1.055000,1.096000
"Kepler-1740 b",3.32321414,11.00000000,8.17240047500,858.00,5705.00,0.905000,0.943000
"Kepler-176 d",2.51000000,1.72000000,25.75197400000,501.00,5232.00,0.891000,0.860000
"K2-150 b",2.00000000,4.66000000,10.59357000000,413.19,3499.00,0.436000,0.457000
"Kepler-307 b",2.43000000,7.44000000,10.42080000000,797.00,5367.00,0.814000,0.907000
"Kepler-755 c",1.26000000,2.13000000,2.85313364400,1016.00,5043.00,0.770000,0.820000
"Kepler-607 c",2.76001201,8.05000000,39.67679977000,473.00,5244.00,0.888000,0.808000
"TOI-540 b",0.90300000,0.67400000,1.23914910000,611.00,3216.00,0.189500,0.159000
"K2-320 b",2.62000000,7.37000000,1.99500000000,698.00,3157.00,0.300000,0.117000
"Kepler-1523 b",1.58000000,3.12000000,0.93875077000,1676.00,5708.00,0.960000,0.970000
"GJ 463 b",13.10000000,1080.61658380,3459.00000000000,63.55,3563.00,0.483000,0.486000
"Kepler-62 c",0.54000000,4.00000000,12.44170000000,578.00,4925.00,0.640000,0.690000
"HD 222582 b",12.60000000,2660.23710000,572.38000000000,256.39,5790.00,1.130000,1.120000
"Kepler-210 c",3.62000000,12.80000000,7.97251300000,497.00,4559.00,0.650000,0.770000
"Kepler-1551 b",2.66000000,7.56000000,24.49736980000,722.00,6136.00,1.220000,1.140000
"TIC 188624430 b",3.64811843,12.90000000,6.21860433132,,5369.46,0.786574,0.929000
"Kepler-1174 b",1.59000000,3.15000000,6.89225223000,1156.00,5936.00,1.040000,1.040000
"Kepler-269 c",1.69000000,3.50000000,8.12789900000,875.00,5847.00,0.959000,0.920000
"Kepler-607 b",0.87000000,0.59000000,0.63816320400,1874.00,5196.00,0.800000,0.840000
"Kepler-1981 b",9.23000000,62.50000000,453.54212000000,390.00,5874.00,3.006000,1.519000
"TOI-6041 c",10.50000000,77.90000000,88.00000000000,403.50,5445.00,0.879000,0.885000
"HD 109833 c",2.59000000,7.22000000,13.90014800000,756.70,5881.00,1.000000,1.080000
"Kepler-1082 b",1.12000000,1.46000000,1.54320660400,1827.00,5923.00,1.140000,1.030000
"Kepler-431 d",1.11000000,1.41000000,11.92200000000,856.00,6004.00,1.092000,1.071000
"WASP-170 b",12.28506400,508.52800000,2.34478022000,1422.00,5600.00,0.938000,0.930000
"K2-74 b",2.31000000,5.95000000,19.56660000000,772.58,6060.00,0.980000,0.960000
"TOI-1246 d",3.43139739,5.40000000,18.65487400000,587.77,5213.00,0.864900,0.888900
"Kepler-372 d",1.69000000,3.50000000,30.09256800000,660.00,6509.00,1.137000,1.202000
"HD 25723 b",13.30000000,794.57101750,457.01000000000,698.40,4766.00,13.760000,2.120000
"TOI-7155 b",2.40821473,6.38000000,3.89489711981,914.00,4673.03,0.670748,0.755000
"Kepler-84 b",2.23000000,40.00000000,8.72600000000,985.00,6039.00,1.430000,1.000000
"Kepler-1555 b",1.61000000,3.22000000,8.10501635000,959.00,5866.00,1.060000,1.040000
"Kepler-1725 b",2.81251770,8.31000000,16.71990013000,767.00,6020.00,1.085000,1.049000
"TOI-2104 b",1.52898127,2.95000000,5.90437045700,846.00,4856.13,0.723757,0.800000
"Kepler-120 b",2.15000000,8.50000000,6.31250100000,575.00,4096.00,0.534000,0.654000
"Kepler-627 b",3.73000000,13.40000000,40.69944430000,685.00,6424.00,1.490000,1.300000
"Kepler-1326 b",4.18000000,16.30000000,42.35142670000,938.00,6725.00,1.740000,1.450000
"TOI-1184 b",2.39000000,6.80000000,5.74843380300,715.47,4534.00,0.690000,0.710000
"G 192-15 b",1.02000000,1.03000000,2.27476000000,453.60,2999.00,0.170718,0.132000
"HATS-61 b",13.39475500,1080.62200000,7.81795300000,1226.10,5542.00,1.664000,1.076000
"Kepler-684 b",3.36000000,11.20000000,6.77030200800,812.00,5493.00,0.860000,0.890000
"WASP-159 b",15.46842000,174.80650000,3.84040100000,1850.00,6120.00,2.110000,1.410000
"K2-26 b",2.67000000,7.61000000,14.56650000000,430.00,3785.00,0.520000,0.560000
"TIC 9344899 b",9.16000000,6170.00000000,8.58215660000,923.00,5800.00,1.060000,0.980000
"WASP-194 b",15.47960235,373.13054982,3.18338700000,1693.00,6405.00,1.409000,1.290000
"Kepler-1956 b",1.08940238,1.32000000,5.94371986400,674.00,4391.00,0.682000,0.671000
"K2-335 b",2.21000000,5.52000000,12.28321100000,949.00,6222.00,1.330000,1.230000
"Kepler-352 c",1.24000000,2.07000000,16.33299500000,591.00,5212.00,0.781000,0.798000
"Kepler-1175 b",2.99000000,9.22000000,37.94563000000,515.00,5453.00,0.860000,0.900000
"TOI-2453 b",3.24380341,10.60000000,4.44143463188,550.78,3720.23,0.502498,0.500519
"TOI-3523 A b",15.97279750,435.42491759,2.30458952000,1984.00,6450.00,1.448000,1.131000
"Kepler-1586 b",1.52000000,2.92000000,15.60492120000,1013.00,6681.00,1.750000,1.450000
"Kepler-30 b",3.90000000,11.30000000,29.33434000000,524.00,5498.00,0.950000,0.990000
"Kepler-1285 b",0.97000000,0.87100000,14.79674580000,874.00,6170.00,1.280000,1.200000
"NGTS-10 b",13.89913607,687.14846000,0.76689440000,1508.00,4567.00,0.700000,0.696000
"TOI-6158 b",10.40000000,135.00000000,3.04468990000,636.00,3467.00,0.476000,0.503000
"Kepler-361 c",2.52000000,6.90000000,55.18802300000,568.00,6169.00,1.343000,1.191000
"TOI-5728 b",1.31000000,2.27000000,11.49761000000,382.00,3419.00,0.370000,0.360000
"Kepler-568 b",2.26000000,5.73000000,11.02347475000,429.00,3768.00,0.530000,0.550000
"Kepler-1923 b",1.95958179,4.50000000,52.60969925000,553.00,5881.00,1.294000,1.109000
"Kepler-1208 b",2.32000000,5.99000000,11.08507637000,665.00,5001.00,0.760000,0.800000
"Kepler-406 c",0.85000000,2.71000000,4.62332000000,1050.00,5538.00,1.070000,1.070000
"Kepler-1910 b",1.18400000,1.78000000,5.68876981700,645.00,4234.00,0.639000,0.636000
"Kepler-1655 b",2.21300000,5.40000000,11.87287870000,938.00,6148.00,1.030000,1.030000
"HD 191939 g",3.74000000,13.50000000,284.00000000000,278.00,5348.00,0.940000,0.810000
"HD 87816 c",12.40000000,3877.50656540,7596.00000000000,226.65,4989.00,9.000000,2.410000
"Kepler-185 c",2.02000000,4.74000000,20.72904200000,530.00,5208.00,0.806000,0.763000
"Kepler-738 b",2.50000000,6.80000000,24.58721573000,530.00,5327.00,0.820000,0.860000
"TOI-1883 b",5.65000000,13.70000000,4.50800000000,544.00,3554.00,0.506000,0.495000
"Kepler-658 b",1.63000000,3.29000000,1.28707676200,871.00,4103.00,0.600000,0.630000
"HD 235088 b",1.98200000,4.15000000,7.43413250000,805.00,5075.00,0.772000,0.849000
"Kepler-93 b",1.47800000,4.66000000,4.72673978000,1133.00,5669.00,0.919000,0.911000
"Kepler-596 b",3.46000000,11.80000000,21.30022655000,725.00,6267.00,1.320000,1.210000
"K2-174 b",2.60000000,7.27000000,19.56230700000,455.00,4455.00,0.676000,0.700000
"Kepler-1357 b",1.28000000,2.18000000,3.00913240000,1177.00,5597.00,0.900000,0.930000
"Kepler-1807 b",2.70393215,7.77000000,10.86060047000,1108.00,6455.00,1.496000,1.087000
"GJ 3378 b",1.32000000,2.30000000,21.45000000000,272.00,3340.00,0.275000,0.262000
"Kepler-256 b",1.59000000,3.15000000,1.62049300000,1681.00,5551.00,1.301000,1.037000
"NGTS-31 b",18.04645893,355.96781584,4.16273400000,1410.00,5710.00,1.700000,0.960000
"TOI-2525 c",10.13291855,208.81326340,49.25190000000,399.96,5096.00,0.785000,0.849000
"Kepler-574 b",2.39000000,6.30000000,7.65880414000,858.00,5612.00,0.910000,0.950000
"Kepler-1062 b",1.76000000,3.75000000,9.30412078000,583.00,4597.00,0.700000,0.750000
"HD 28185 c",12.80000000,1906.97044200,9090.00000000000,94.85,5602.00,1.048000,0.974000
"Kepler-725 c",3.08000000,9.70000000,207.54100000000,268.00,5395.00,0.880000,0.950000
"K2-317 b",2.93000000,8.91000000,6.22000000000,432.00,3387.00,0.379000,0.403000
"Kepler-1375 b",1.74000000,3.68000000,3.30041920000,1543.00,6704.00,1.780000,1.470000
"TOI-6478 b",4.60000000,19.20000000,34.00501900000,204.40,3230.00,0.234000,0.230000
"Kepler-1338 b",0.92000000,0.72100000,0.93511805700,2124.00,5909.00,1.050000,1.040000
"WASP-59 b",8.68700000,274.27600000,7.91958500000,670.00,4650.00,0.613000,0.719000
"K2-63 c",3.90000000,14.50000000,25.45560000000,958.85,6771.00,1.630000,1.400000
"KOI-4978 b",0.70000000,0.27100000,0.94196700000,,5050.28,0.966000,0.859000
"Kepler-1539 b",2.70000000,7.75000000,133.30367410000,301.00,5176.00,0.800000,0.840000
"Kepler-614 b",2.39000000,6.30000000,14.03491514000,641.00,5268.00,0.810000,0.850000
"Kepler-257 c",5.41000000,25.20000000,6.58148400000,881.00,5180.00,1.037000,0.916000
"TOI-5398 b",10.30000000,58.70000000,10.59054700000,947.00,6000.00,1.051000,1.146000
"TOI-1820 b",12.77823800,731.00533610,4.86067400000,1375.00,5734.00,1.510000,1.040000
"Kepler-1220 b",1.52000000,2.92000000,7.42693741000,899.00,5842.00,0.990000,1.000000
"TOI-938 b",4.82401567,20.80000000,8.80733882211,1073.00,5829.42,0.985134,1.100000
"Kepler-192 d",1.02000000,1.04000000,6.47027579000,926.00,5487.00,0.940000,0.940000
"Kepler-825 b",1.53000000,2.96000000,3.77360059000,1270.00,5976.00,1.080000,1.030000
"Kepler-1414 b",1.23000000,2.04000000,3.51576315000,1033.00,4951.00,0.750000,0.800000
"HD 86950 b",13.00000000,1144.18800000,1270.00000000000,416.76,4805.00,8.800000,1.660000
"Kepler-1150 b",1.02000000,1.04000000,2.78786838600,1432.00,4754.00,0.720000,0.760000
"Kepler-1765 b",2.49508857,6.78000000,10.41889954000,855.00,5692.00,1.064000,0.946000
"Kepler-831 b",1.27000000,2.15000000,5.62153941000,992.00,5732.00,0.970000,0.990000
"K2-257 b",0.83000000,0.49800000,1.60588000000,789.00,3725.00,0.500000,0.520000
"Kepler-27 d",2.70619460,7.78000000,6.54628992100,810.00,5251.00,0.817000,0.926000
"HIP 29442 d",1.53800000,5.14000000,6.42957500000,920.00,5289.00,0.980000,0.901000
"Kepler-196 b",1.90000000,4.27000000,20.73988600000,536.00,5128.00,0.782000,0.839000
"Kepler-806 b",1.14000000,1.55000000,8.09219642000,1089.00,5770.00,1.160000,0.990000
"Kepler-1854 b",2.58746104,7.21000000,39.83110046000,420.00,5026.00,0.759000,0.800000
"TOI-5624 b",2.31400000,9.40000000,3.39034730000,1136.00,5327.00,0.820000,0.858000
"Kepler-739 b",3.32000000,11.00000000,12.53248465000,775.00,5601.00,0.900000,0.930000
"HD 204313 b",12.90000000,1466.77809830,2041.11539000000,163.43,5767.00,1.100000,1.030000
"Kepler-129 d",12.60000000,2637.97577810,2646.00000000000,178.86,5770.00,1.653000,1.178000
"Kepler-389 c",1.46000000,2.73000000,14.51143000000,636.00,5376.00,0.792000,0.765000
"K2-158 c",1.28000000,2.18000000,5.90279000000,948.00,5503.00,0.950000,0.920000
"Kepler-864 c",1.62000000,3.26000000,2.42150341000,1532.00,6213.00,1.195000,1.270000
"TOI-5800 b",2.46000000,9.50000000,2.62788380000,1108.00,4850.00,0.773000,0.778000
"TOI-2803 A b",18.11371281,309.88269682,1.96229325000,1893.00,6280.00,1.245000,1.118000
"Kepler-1462 b",3.82000000,14.00000000,65.64883410000,390.00,5756.00,1.000000,1.000000
"HD 191939 b",3.41000000,10.00000000,8.88032560000,880.00,5348.00,0.940000,0.810000
"HD 212771 b",13.30000000,759.61370000,380.70000000000,507.69,5003.00,5.270000,1.560000
"Kepler-1695 b",1.11948901,1.46000000,4.73290000000,957.00,5473.19,0.987155,0.960000
"TOI-1782.02",1.83900000,4.04000000,1.82902422700,974.95,4336.00,0.669000,0.680000
"WASP-119 b",15.69260000,390.93090000,2.49979000000,1600.00,5650.00,1.200000,1.020000
"Kepler-893 b",3.03000000,9.43000000,6.33855761000,1034.00,5820.00,0.990000,1.000000
"Kepler-1487 c",7.97000000,48.70000000,35.80071120000,991.00,5745.00,3.955000,1.801000
"KOI-7913 b",2.34000000,6.08000000,24.27855300000,432.00,4324.00,0.788000,0.760000
"TOI-1472 c",3.33400000,21.13000000,15.53817470000,662.00,5100.00,0.840000,0.870000
"Kepler-1239 b",2.90000000,8.75000000,5.19104016000,1183.00,6564.00,1.570000,1.400000
"Kepler-1902 b",1.17563613,1.74000000,3.82222008700,601.00,3729.00,0.514000,0.520000
"Kepler-297 b",2.87000000,48.50000000,38.87182600000,509.00,5619.00,0.915000,0.927000
"Kepler-351 d",2.72000000,7.85000000,142.54424700000,318.00,5225.00,0.780000,0.810000
"Kepler-789 b",2.12000000,5.14000000,8.63847725000,1419.00,5870.00,1.020000,1.010000
"K2-279 b",1.21000000,1.92000000,7.12260500000,879.00,5558.00,0.860000,0.790000
"nu Oph c",12.00000000,7838.32346000,3180.60000000000,341.48,4887.00,12.240000,2.610000
"KOI-1599.02",1.90000000,9.00000000,13.60880000000,755.00,5833.00,0.972000,1.020000
"HD 109833 b",2.88800000,8.69000000,9.18852600000,786.00,5881.00,1.000000,1.080000
"HIP 71135 b",4.55000000,18.80000000,87.19000000000,285.11,4146.00,0.681296,0.660000
"K2-147 b",1.47286006,2.77000000,0.96193900000,1077.00,3690.00,0.578000,0.563000
"Kepler-11 d",3.12000000,7.30000000,22.68450000000,653.00,5663.00,1.065000,0.961000
"K2-131 b",1.69000000,7.90000000,0.36930380000,2223.00,5120.00,0.759500,0.803000
"Kepler-218 d",2.66000000,7.56000000,124.52446470000,356.00,5542.00,1.020000,1.010000
"TOI-6054.01",2.64000000,12.50000000,7.50142800000,1360.00,6047.00,1.662000,1.107000
"Kepler-1937 b",3.02291330,9.39000000,9.68859958600,1014.00,6457.00,1.196000,1.190000
"HAT-P-56 b",16.92559000,734.18730000,2.79083000000,1840.00,6566.00,1.470000,1.420000
"HD 8574 b",13.40000000,645.19490000,227.00000000000,394.03,6064.00,1.380000,1.340000
"HATS-71 b",11.47801600,117.59710000,3.79552020000,586.80,3405.00,0.478300,0.486100
"K2-341 b",3.21000000,10.40000000,36.55255100000,598.00,5817.00,1.160000,0.980000
"GJ 1061 b",1.04000000,1.11000000,3.20730000000,388.11,2953.00,0.156000,0.120000
"Kepler-102 b",0.46000000,1.10000000,5.28696500000,857.00,4909.00,0.724000,0.803000
"Kepler-731 b",13.88000000,,3.85560355100,1212.00,5849.00,1.060000,1.030000
"K2-194 b",3.64229858,12.90000000,39.72138600000,,5979.00,1.281115,1.110086
"Kepler-915 b",1.50000000,2.86000000,4.59489604000,1319.00,6173.00,1.380000,1.210000
"TIC 241249530 b",13.29385111,1582.78546686,165.77190000000,438.94,6166.00,1.397000,1.271000
"TOI-5795 b",5.62000000,23.66000000,6.14063250000,1136.78,5715.00,1.082000,0.901000
"K2-196 b",3.59970536,12.60000000,48.32422200000,,6045.00,1.538801,1.162095
"Kepler-1315 b",1.38000000,2.48000000,0.84338011000,1541.00,4861.00,0.750000,0.800000
"Kepler-93 c",,954.00000000,1460.00000000000,,5669.00,0.920000,0.910000
"TOI-5599 b",7.18882120,40.90000000,5.43691503941,1496.00,6137.02,1.913340,1.210000
"Kepler-1912 b",1.35670508,2.41000000,6.05921983700,976.00,5734.00,0.962000,0.977000
"TOI-1260 c",2.76000000,13.20000000,7.49313400000,651.00,4227.00,0.672000,0.679000
"Kepler-306 e",2.27000000,5.77000000,44.84097500000,390.00,4954.00,0.719000,0.750000
"K2-396 b",1.57900000,3.12000000,0.67386200000,,5236.00,0.920000,0.954000
"HD 10442 b",13.60000000,472.61321000,1032.30000000000,234.49,4912.00,1.970000,1.010000
"Kepler-198 c",2.47000000,6.66000000,49.56741600000,465.00,5574.00,0.940000,0.995000
"Kepler-129 b",2.40000000,20.00000000,15.79000000000,910.00,5770.00,1.653000,1.178000
"Kepler-1549 b",2.57000000,7.13000000,214.88654500000,286.00,5324.00,0.840000,0.880000
"HD 8326 b",9.58000000,66.60000000,158.99100000000,287.23,4914.00,0.783181,0.800000
"Kepler-1800 b",0.99679734,0.96100000,4.56202983900,1533.00,5343.00,2.506000,1.330000
"TOI-1742 b",2.36507598,9.70000000,21.26908400000,694.09,5815.00,1.131000,1.086100
"BD+45 564 b",13.60000000,432.24663352,307.88000000000,238.82,5004.00,0.813064,0.810000
"HD 11343 c",13.90000000,255.53403923,228.53731000000,613.29,4672.00,6.840000,2.009000
"TOI-2295 b",16.47720163,278.09985612,30.03330200000,747.00,5730.00,1.459000,1.168000
"Kepler-656 c",1.41000000,2.57000000,5.25449393000,975.00,5550.00,0.954000,1.050000
"Kepler-1941 b",2.64976949,7.51000000,31.33510017000,666.00,6404.00,1.142000,1.175000
"Kepler-1311 d",9.65837605,67.50000000,197.51100160000,391.00,5616.00,1.674000,1.032000
"Kepler-1316 b",3.54000000,12.30000000,87.97321360000,446.00,5884.00,1.120000,1.040000
"TOI-6954 b",3.63524486,12.80000000,4.02074127419,930.00,5170.87,0.947112,0.834000
"Kepler-256 d",2.48000000,6.71000000,5.83917200000,1097.00,5551.00,1.301000,1.037000
"K2-90 c",1.30000000,2.24000000,2.90070600000,908.07,4421.98,0.634754,0.704613
"HD 11506 d",12.30000000,4068.20360960,26500.00000000000,77.07,6123.00,1.240000,1.220000
"Kepler-1118 b",2.74000000,7.95000000,38.67150750000,502.00,5688.00,0.970000,0.960000
"K2-247 c",2.19000000,5.43000000,6.49424000000,688.00,4667.00,0.690000,0.740000
"K2-322 b",1.92000000,4.35000000,8.20500000000,635.00,4141.00,0.602000,0.630000
"HD 141004 b",3.77000000,13.63483866,15.50830000000,950.73,5885.38,1.389372,1.051904
"Kepler-168 c",2.69000000,7.70000000,13.19324200000,862.00,6282.00,1.107000,1.113000
"Kepler-1515 b",9.55000000,66.20000000,214.31141640000,380.00,6511.00,1.410000,1.300000
"TOI-4155 b",3.21000000,10.40000000,3.32072900000,1255.00,5724.00,0.950000,1.160000
"GJ 9689 b",3.07000000,9.65000000,18.27000000000,453.04,3836.00,0.570000,0.590000
"Kepler-169 d",1.25000000,2.10000000,8.34812500000,702.00,4997.00,0.763000,0.825000
"Kepler-191 d",2.28000000,5.82000000,5.94504101700,857.00,5215.00,0.800000,0.840000
"K2-8 b",3.58000000,12.50000000,10.35239000000,631.00,4870.00,0.740000,0.780000
"HATS-33 b",13.78707000,378.85336000,2.54955510000,1429.00,5659.00,1.022000,1.062000
"Kepler-1464 b",1.66000000,3.39000000,31.77859010000,564.00,5828.00,1.010000,1.020000
"Kepler-805 b",2.89000000,8.70000000,30.86389310000,743.00,6112.00,1.650000,1.190000
"17 Sco b",12.90000000,1373.01871824,578.38000000000,847.51,4157.00,25.920000,1.220000
"Kepler-264 c",2.83000000,8.40000000,140.10126100000,511.00,6158.00,1.550000,1.426000
"HR 858 b",2.00400000,3.55000000,3.58528700000,1552.00,6354.00,1.258000,1.204000
"Kepler-941 b",3.08000000,9.69000000,17.42395198000,722.00,5539.00,0.860000,0.890000
"Kepler-1832 b",1.22719556,2.02000000,3.13878989200,1022.00,5242.00,0.722000,0.684000
"TOI-833 b",1.27000000,2.15000000,1.04187770000,1118.00,3920.00,0.600000,0.610000
"HD 38283 b",14.00000000,127.13200000,363.20001000000,348.58,5981.00,1.490000,1.370000
"Kepler-341 b",1.18000000,1.76000000,5.19552800000,1085.00,6012.00,1.024000,0.976000
"TIC 153919886 b",2.70601108,7.78000000,2.10510492329,,4137.16,0.591697,0.581261
"Kepler-1669 b",2.78043818,8.15000000,9.51216000000,530.00,4303.00,0.714145,0.670000
"Kepler-295 c",1.17000000,1.71000000,21.52625800000,621.00,5603.00,0.898000,0.890000
"NN Ser c",12.60000000,2329.60000000,6987.00000000000,,57000.00,,0.535000
"Kepler-1802 b",1.67100000,3.43000000,15.45020008000,581.00,4245.00,0.637000,0.649000
"TOI-6008 b",1.03000000,4.00000000,0.85743470000,707.00,3075.00,0.242000,0.230000
"Kepler-1437 b",1.37000000,2.45000000,10.92954610000,770.00,5557.00,0.900000,0.930000
"Kepler-330 b",1.35000000,2.39000000,8.25978000000,714.00,5117.00,0.722000,0.848000
"Kepler-100 c",2.20000000,7.05000000,12.81590000000,939.00,5825.00,1.490000,1.080000
"K2-377 b",1.69300000,3.51000000,12.83223500000,,4200.00,0.691000,0.821000
"Kepler-554 b",4.29000000,17.00000000,1.90220855600,1346.00,5447.00,0.920000,0.930000
"Kepler-208 e",1.48000000,2.79000000,16.25945800000,880.00,6092.00,1.314000,1.082000
"Kepler-1287 b",1.54000000,2.99000000,11.47685909000,796.00,5715.00,0.940000,0.960000
"Kepler-646 b",1.99000000,4.62000000,15.87364565000,632.00,5634.00,0.910000,0.930000
"Kepler-1880 b",2.11686218,5.13000000,6.30921983700,606.00,4380.00,0.530000,0.524000
"Kepler-587 b",2.23000000,5.60000000,10.94027841000,764.00,5549.00,0.890000,0.920000
"EPIC 201238110 b",1.87000000,4.16000000,28.16560000000,,3587.00,0.374000,0.410000
"K2-240 c",1.80000000,3.89000000,20.52300000000,389.00,3810.00,0.540000,0.580000
"Kepler-1495 b",2.94000000,8.96000000,85.27325600000,443.00,5831.00,1.040000,1.030000
"Kepler-508 b",1.64000000,3.33000000,25.30889748000,710.00,6025.00,1.250000,1.160000
"HD 191939 f",13.20000000,915.34581216,2898.00000000000,125.00,5348.00,0.940000,0.810000
"HN Peg b",11.77680000,6991.57000000,,10.77,6186.00,1.006954,1.080000
"K2-413 b",0.75990000,0.36300000,0.80940000000,1535.20,4116.00,0.700000,0.808000
"KOI-351 h",11.25200000,203.00000000,331.60296000000,294.00,6031.13,1.185000,1.242000
"HD 60779 c",5.79000000,28.30000000,104.79000000000,,6081.00,1.129000,1.050000
"K2-19 c",4.10000000,11.00000000,11.90600000000,679.00,5322.00,0.820000,0.880000
"TOI-3160 A b",13.76462830,378.21580433,3.97128100000,1539.00,6190.00,1.346000,1.088000
"Kepler-1333 b",2.81000000,8.30000000,109.64718420000,428.00,5628.00,0.920000,0.940000
"Kepler-1715 b",4.14042267,16.00000000,35.59730148000,646.00,6212.00,1.209000,1.082000
"Kepler-1885 b",1.51110555,2.89000000,2.52255988100,1205.00,5591.00,0.860000,0.977000
"TOI-1803 c",4.29000000,8.00000000,12.88577900000,588.00,4687.00,0.715000,0.756000
"Kepler-1116 b",2.54000000,6.99000000,41.69778270000,488.00,5641.00,0.930000,0.950000
"Kepler-232 b",3.08000000,9.69000000,4.43122200000,1104.00,5847.00,0.968000,0.970000
"HD 141399 d",13.70000000,375.03940000,1069.80000000000,220.00,5600.00,1.387236,1.070000
"HIP 57274 b",,3359.44626199,8.13520000000,725.95,4510.00,0.780000,0.290000
"Kepler-398 d",0.88000000,0.61500000,6.83437001000,636.00,4557.00,0.670000,0.720000
"HD 158259 b",1.28228000,2.22000000,2.17800000000,1462.00,5801.89,1.210000,1.080000
"Kepler-577 b",2.55000000,7.04000000,25.69578251000,314.00,4984.00,0.730000,0.780000
"Kepler-953 b",4.21000000,16.50000000,88.40655258000,410.00,5416.00,0.990000,0.950000
"HD 124330 b",14.00000000,238.37130525,270.66000000000,348.79,5873.00,1.304460,1.150000
"Kepler-1966 b",1.10479327,1.39000000,8.61742973300,733.00,5009.00,0.840000,0.797000
"Kepler-212 c",2.74000000,7.95000000,31.80517400000,664.00,5852.00,1.455000,1.166000
"HD 238914 b",12.80000000,1906.98000000,4100.00000000000,343.67,4769.00,12.730000,1.470000
"Kepler-44 b",12.22000000,317.82000000,3.24672930000,1544.00,5800.00,1.350000,1.120000
"Kepler-158 b",2.12000000,5.14000000,16.70918400000,500.00,4623.00,0.624000,0.655000
"Kepler-1080 b",3.28000000,10.80000000,77.25483960000,548.00,5956.00,1.160000,1.100000
"Kepler-1228 b",1.54000000,2.99000000,0.57736957900,1757.00,5063.00,0.740000,0.780000
"TOI-5786 b",8.54000000,73.00000000,12.77910700000,1040.00,6235.00,1.360000,1.230000
"Kepler-1850 b",0.72909663,0.31300000,1.38580000400,1008.00,4239.00,0.600000,0.611000
"75 Cet c",13.90000000,289.85950718,2051.62000000000,376.92,4809.00,10.380000,1.920000
"TOI-2345 b",1.50400000,3.49000000,1.05285730000,1478.00,4687.00,0.729000,0.727000
"DMPP-1 e",1.86000000,4.13000000,5.51600000000,1314.00,6196.00,1.260000,1.210000
"Kepler-548 b",11.99000000,,4.45419433800,1017.00,5535.00,0.900000,0.930000
"Kepler-260 c",1.74000000,3.68000000,76.05017800000,372.00,5250.00,0.862000,1.013000
"Kepler-1460 b",1.96000000,4.50000000,29.96332470000,391.00,4422.00,0.670000,0.700000
"HD 133131 B b",13.30000000,794.57500000,5769.00000000000,112.28,5805.00,0.989538,0.930000
"HD 158259 d",2.18000000,5.41000000,5.19808140000,,5801.89,1.210000,1.080000
"WASP-138 b",12.21781000,387.75260000,3.63443300000,1590.00,6272.00,1.360000,1.220000
"TOI-5181 A b",13.34989601,330.54154328,3.89222950000,1585.00,6060.00,1.530000,1.250000
"Kepler-599 b",2.84000000,8.45000000,15.65562652000,623.00,5127.00,0.790000,0.830000
"Kepler-158 d",0.43000000,0.04720000,0.64508800000,,4895.97,0.668000,0.656000
"Kepler-575 b",2.39000000,6.30000000,9.37891944000,803.00,5710.00,0.950000,0.970000
"EPIC 246851721 b",11.78065900,953.49000000,6.18023500000,1401.00,6202.00,1.586000,1.317000
"HD 1461 b",2.42000000,6.44000000,5.77152000000,1185.14,5765.00,1.152288,1.020000
"Kepler-1218 b",1.44000000,2.67000000,22.92212660000,684.00,5986.00,1.100000,1.060000
"Kepler-1891 b",1.52139156,2.93000000,4.02229023000,1017.00,5516.00,0.827000,0.873000
"Kepler-782 b",3.21000000,10.40000000,158.68533080000,350.00,5867.00,1.010000,0.980000
"Kepler-330 c",1.95000000,4.46000000,15.95538700000,573.00,5117.00,0.722000,0.848000
"Kepler-987 b",3.26000000,10.70000000,105.30331480000,351.00,5637.00,0.910000,0.970000
"Kepler-385 d",2.61864480,7.36000000,56.41590000000,535.00,5829.00,1.157000,1.050000
"Kepler-115 c",2.60000000,7.27000000,8.99088900000,960.00,5979.00,1.205000,1.042000
"TOI-2120 b",2.12200000,6.80000000,5.79981640000,384.00,3131.00,0.245000,0.211000
"K2-395 b",2.59700000,7.26000000,4.80335200000,,5007.00,0.783000,0.952000
"KOI-1833 d",2.58000000,11.02000000,7.68500000000,613.00,4413.00,0.667000,0.681000
"Kepler-734 b",3.56000000,12.40000000,6.10485285600,784.00,5326.00,0.780000,0.850000
"HD 104067 c",3.69000000,13.20000000,13.89920000000,648.36,4952.00,0.780000,0.820000
"Kepler-514 b",1.72000000,3.61000000,5.65179605000,1248.00,6106.00,1.440000,1.280000
"Kepler-1456 b",1.14000000,1.55000000,18.13738290000,433.00,4231.00,0.620000,0.640000
"TOI-1411 b",1.19880592,2.00000000,1.45205270000,976.40,4115.00,0.614000,0.604500
"Kepler-1614 b",1.49000000,2.83000000,3.94661410000,981.00,5121.00,0.760000,0.790000
"CoRoT-20 b",9.41556000,1366.66900000,9.24285000000,1024.00,5880.00,1.020000,1.140000
"K2-187 d",2.40000000,6.35000000,7.14958400000,865.00,5438.00,0.830000,0.966999
"HD 44219 b",14.10000000,184.34047606,472.00000000000,283.89,5752.00,1.320000,1.200000
"Kepler-142 c",2.86000000,8.55000000,4.76170200000,1201.00,5790.00,1.269000,0.978000
"HD 72659 b",13.20000000,949.67128012,3549.00000000000,155.34,5929.00,1.360000,1.033000
"Kepler-652 b",2.49000000,6.76000000,4.18200253100,974.00,5490.00,0.880000,0.970000
"TOI-332 b",3.20000000,57.20000000,0.77703800000,1871.00,5251.00,0.870000,0.880000
"K2-62 b",2.02000000,4.74000000,6.67199000000,666.00,4455.00,0.696000,0.670000
"K2-380 b",2.72900000,7.89000000,9.40131200000,,5911.00,1.320000,0.993000
"Kepler-785 b",13.02000000,,1.97376092600,753.00,4739.00,0.710000,0.770000
"K2-224 b",1.56000000,3.05000000,4.47904000000,1002.00,5620.00,0.840000,0.910000
"Kepler-1066 b",2.36000000,6.17000000,1.93155983900,1290.00,5762.00,0.980000,0.980000
"Kepler-1315 c",1.84398883,4.06000000,6.56606006600,777.00,4818.00,0.856000,0.809000
"TOI-375 d",13.60000000,445.59542661,297.90000000000,434.00,5259.90,2.900000,1.441000
"KIC 9663113 b",4.60000000,19.20000000,572.38470000000,264.00,6065.00,1.030000,0.980000
"NGTS-12 b",11.74703200,66.10864000,7.53280600000,1257.00,5690.00,1.589000,1.021000
"Kepler-1240 b",1.15000000,1.60000000,4.86638150000,1121.00,5682.00,0.960000,0.980000
"KIC 7917485 b",12.40000000,3750.39400000,840.00000000000,,7067.00,2.009938,1.630000
"HD 26161 b",11.90000000,9045.39646322,10942.29013000000,110.98,6057.62,1.455981,1.120000
"Kepler-1323 b",1.52000000,2.92000000,0.92990667800,2291.00,6169.00,1.400000,1.180000
"TOI-2379 b",11.72459381,1830.69162432,5.46938270000,624.00,3707.00,0.622000,0.645000
"Kepler-657 b",3.52000000,12.20000000,24.54350418000,616.00,5808.00,1.010000,1.010000
"K2-198 c",1.42300000,2.61000000,3.35960550000,1229.90,5212.90,0.757000,0.799000
"HD 170469 b",14.10000000,209.76780000,1145.00000000000,209.60,5842.00,1.240000,1.100000
"Kepler-139 d",1.69500000,2.00000000,7.30569992200,972.00,5622.00,1.045000,1.078000
"Kepler-1639 b",2.58000000,7.18000000,9.87848200000,1003.00,6150.00,1.180000,1.120000
"TOI-2580 b",17.37392009,200.23189641,3.39775000000,2410.00,6120.00,1.810000,1.330000
"Kepler-1000 b",4.76000000,20.30000000,120.01812720000,473.00,6453.00,1.510000,1.400000
"TOI-2088 b",3.68311790,37.00000000,124.72997000000,300.33,5081.00,0.848100,0.902700
"HIP 98599 b",12.70000000,2177.12458795,2656.00000000000,171.08,5978.00,1.394840,1.190000
"K2-154 b",1.99000000,4.62000000,3.67626000000,715.00,4097.00,0.630000,0.650000
"Kepler-240 b",1.37000000,2.45000000,4.14449500000,864.00,4985.00,0.739000,0.868000
"HIP 38594 c",7.94000000,48.40000000,3477.76800000000,79.96,4086.30,0.626646,0.610000
"Kepler-145 c",4.32000000,79.40000000,42.88200000000,709.00,6022.00,1.850000,1.320000
"Kepler-144 b",1.33000000,2.33000000,5.88527300000,1253.00,6075.00,1.235000,1.154000
"TOI-1846 b",1.79200000,3.87000000,3.93067370000,568.10,3568.00,0.397000,0.418000
"Kepler-1957 b",0.94374867,0.79000000,2.18661999700,1099.00,4904.00,0.772000,0.745000
"Kepler-219 b",2.95000000,9.01000000,4.58551200000,1307.00,5786.00,1.491000,1.164000
"TIC 365102760 b",6.21000000,19.20000000,4.21285367000,1676.12,4900.00,3.130000,1.170000
"Kepler-1153 b",1.73000000,3.64000000,1.75583532700,1343.00,5470.00,0.880000,0.910000
"Kepler-327 b",1.11000000,1.41000000,2.54957500000,682.00,3799.00,0.492000,0.591913
"K2-72 b",1.08000000,1.28000000,5.57721200000,466.13,3360.47,0.330989,0.271365
"TOI-5126 c",3.86000000,14.20000000,17.89990000000,971.00,6150.00,1.241000,1.240000
"Kepler-405 b",2.08000000,4.98000000,10.61383900000,785.00,5818.00,0.893000,0.873000
"Kepler-451 d",13.50000000,559.37799632,43.00000000000,,29564.00,0.203000,0.480000
"Kepler-1421 b",0.93000000,0.74900000,6.91311120000,1209.00,6335.00,1.420000,1.250000
"K2-332 b",2.20000000,5.48000000,17.70632000000,266.00,3315.00,0.280000,0.270000
"Kepler-1288 b",1.12000000,1.46000000,2.76122421000,2017.00,6132.00,1.290000,1.200000
"GJ 1151 c",3.25000000,10.62000000,389.70000000000,88.30,3280.00,0.178100,0.163900
"Kepler-80 c",2.74000000,6.74000000,9.52355000000,495.00,4540.00,0.678000,0.730000
"Kepler-925 b",2.34000000,6.08000000,33.86785310000,394.00,4673.00,0.720000,0.770000
"Kepler-194 d",2.40000000,6.35000000,52.81497300000,562.00,6089.00,1.025000,0.940000
"Kepler-945 b",2.63000000,7.41000000,31.00338140000,616.00,5718.00,0.970000,0.970000
"HD 156846 b",12.40000000,3391.24610000,359.51001000000,382.49,6090.00,1.900000,1.380000
"TOI-2025 b",11.89272852,1144.18226520,8.87209820000,1166.00,5977.00,1.459000,1.199000
"Kepler-1878 b",2.92019781,8.86000000,4.44587993600,1063.00,5918.00,0.865000,0.956000
"Kepler-1447 b",2.90000000,8.75000000,56.67472850000,522.00,5722.00,0.950000,0.970000
"Kepler-1805 b",1.54502915,3.00000000,8.84794044500,479.00,3867.00,0.552000,0.581000
"HD 158259 f",2.35000000,6.14000000,12.02800000000,,5801.89,1.210000,1.080000
"TOI-261.01",3.04498630,9.51000000,3.36392540000,1722.49,5890.30,1.280180,0.496728
"Kepler-370 b",1.59000000,3.15000000,4.57953000000,1040.00,5852.00,0.900000,0.982000
"Kepler-956 b",3.00000000,9.27000000,5.24867263100,1056.00,6040.00,1.150000,1.100000
"HD 63433 b",2.14000000,21.75500000,7.10794750000,967.11,5553.00,0.934000,0.956000
"Kepler-1142 b",1.47000000,2.76000000,18.30272480000,902.00,5685.00,0.960000,0.970000
"Kepler-853 b",1.69000000,3.50000000,7.16892463000,1187.00,6350.00,1.550000,1.300000
"Kepler-451 c",13.50000000,511.70373527,1460.00000000000,,29564.00,0.203000,0.480000
"WISPIT 1 b",12.40000000,3305.41543280,,12.94,4670.00,1.116100,0.720000
"TOI-2529 b",11.54525012,743.71847238,64.59490000000,636.00,5802.00,1.700000,1.110000
"KOI-1599.01",1.90000000,4.60000000,20.44150000000,660.00,5833.00,0.972000,1.020000
"Kepler-1759 b",0.90377910,0.67600000,3.72023010300,954.00,5017.00,0.797000,0.760000
"Kepler-1215 b",1.22000000,1.98000000,4.76703963000,1046.00,5616.00,0.930000,0.950000
"Kepler-1733 b",3.63582354,12.80000000,9.22957992600,1021.00,6320.00,1.252000,1.273000
"Kepler-357 c",2.67000000,7.61000000,16.85837000000,576.00,5036.00,0.834000,0.794000
"Kepler-194 c",2.59000000,7.22000000,17.30803200000,815.00,6089.00,1.025000,0.940000
"Kepler-1056 b",3.01000000,9.32000000,27.49560600000,590.00,6127.00,1.200000,1.120000
"Kepler-1424 b",1.16000000,1.65000000,29.60917440000,629.00,5838.00,1.070000,1.020000
"Kepler-1642 c",2.66000000,7.56000000,6.65138020000,1095.00,5355.00,0.840000,0.880000
"HD 164595 b",4.16000000,16.14000000,40.00000000000,589.00,5790.00,1.023606,0.990000
"K2-24 c",7.93000000,16.40000000,42.34732000000,591.00,5726.00,1.185000,1.091000
"Kepler-235 d",2.05000000,4.86000000,20.06054800000,401.00,4255.00,0.554000,0.581000
"HD 97037 b",12.10000000,6707.76852973,6449.08337000000,120.99,5874.10,1.263560,1.060000
"Kepler-776 b",1.28000000,2.18000000,4.89718784000,904.00,5071.00,0.780000,0.830000
"K2-352 b",1.37000000,2.45000000,3.66591200000,1160.00,5791.00,0.950000,0.980000
"TOI-3288 b",12.24020692,536.17652261,1.43386470000,973.00,4072.00,0.672000,0.643000
"Kepler-1420 b",1.28000000,2.18000000,6.69960006000,806.00,5187.00,0.790000,0.820000
"K2-333 b",6.18000000,31.60000000,14.75928700000,826.00,5880.00,1.220000,1.060000
"Kepler-79 e",3.53000000,3.80000000,81.06650000000,511.00,6389.00,1.316000,1.244000
"Kepler-20 d",2.60600000,13.40000000,77.61145500000,430.00,5495.00,0.916400,0.929000
"DMPP-1 c",3.31000000,10.94000000,10.03000000000,1239.00,6196.00,1.260000,1.210000
"Kepler-947 b",2.28000000,5.82000000,26.96443170000,573.00,5508.00,0.870000,0.900000
"Kepler-689 b",2.89000000,8.70000000,22.36656079000,536.00,5518.00,0.880000,0.910000
"NGC 2682 YBP 1194 b",12.30000000,101.70560000,6.95900000000,,5780.00,0.990000,1.010000
"HD 211970 b",3.66000000,13.00000000,25.20100000000,398.77,4127.00,0.574175,0.610000
"Kepler-336 c",2.10000000,5.06000000,9.60000100000,967.00,5867.00,1.304000,1.090000
"Kepler-423 b",13.36100000,189.10100000,2.68432850000,1605.00,5560.00,0.950000,0.850000
"2M0437 b",13.00000000,1271.31362800,,1450.00,3100.00,0.840000,0.170000
"Kepler-561 b",6.96000000,38.70000000,58.36204950000,446.00,5646.00,0.940000,0.960000
"24 Boo b",13.90000000,280.64248338,30.33000000000,1840.86,4816.00,12.190000,1.050000
"HD 74156 c",12.50000000,2753.98314665,2448.48726000000,187.52,6068.00,1.510576,1.100000
"Kepler-1365 c",0.80000000,0.43700000,4.77468005000,1137.00,5770.00,1.050000,1.000000
"HD 20003 c",3.89000000,14.44000000,33.92390000000,573.89,5494.00,0.921637,0.875000
"Kepler-716 b",2.90000000,8.75000000,10.37168453000,720.00,5099.00,0.780000,0.830000
"Kepler-411 c",4.42100000,26.40000000,7.83443500000,838.00,4974.00,0.820000,0.870000
"HD 134606 b",2.97000000,9.09000000,12.08900000000,894.63,5576.00,1.158000,1.046000
"K2-66 b",2.49000000,21.30000000,5.06963000000,1372.00,5887.00,1.670000,1.110000
"TIC 437041147 b",2.21526814,5.54000000,3.82301421497,,5224.36,0.961092,0.931000
"Kepler-583 b",2.28000000,5.82000000,6.51002530000,1017.00,5523.00,0.910000,0.940000
"Kepler-1649 c",1.06000000,1.20000000,19.53527000000,234.00,3240.00,0.231700,0.197700
"WASP-57 b",11.76945000,204.68252000,2.83891856000,1338.00,5600.00,0.927000,0.886000
"Kepler-381 d",1.06678650,1.23000000,8.25629997300,1387.00,6197.00,2.188000,1.198000
"TOI-1199 b",10.51402390,75.96098927,3.67146300000,1486.00,5710.00,1.450000,1.230000
"TOI-4961 b",12.34108775,572.09113260,7.47918200000,919.00,5380.00,0.912000,0.912000
"Kepler-118 c",7.68000000,45.70000000,20.17202000000,564.00,5274.00,1.094000,0.811000
"Kepler-278 b",3.95500000,56.00000000,30.15560000000,586.00,4965.00,2.861000,1.227000
"K2-268 e",1.33000000,2.33000000,6.13124300000,801.00,5106.00,0.780000,0.840000
"Kepler-1254 d",1.31000000,2.27000000,5.72717226000,794.00,4985.00,0.750000,0.780000
"HD 167768 b",13.90000000,270.15414595,20.65320000000,1873.59,4851.00,9.700000,1.080000
"TOI-1036 b",6.28499593,32.50000000,3.77952125496,1294.00,5664.68,1.175540,1.030000
"EPIC 212424622 b",2.17000000,5.35000000,18.09830000000,,5782.33,1.224700,1.106000
"Kepler-1915 b",3.21798413,10.40000000,13.83539963000,809.00,6020.00,1.057000,1.030000
"Kepler-1734 b",3.08851092,9.74000000,6.79685020400,985.00,6061.00,0.970000,1.050000
"Kepler-960 b",2.29000000,5.86000000,3.12686223000,1391.00,4755.00,0.720000,0.770000
"HD 208897 b",13.70000000,379.48711796,358.27000000000,507.24,4860.00,4.980000,1.250000
"Kepler-1386 b",1.24000000,2.07000000,6.73972381000,1011.00,5733.00,1.030000,1.020000
"Kepler-1921 c",1.41000000,2.57000000,3.15722086000,1791.00,6120.00,2.000000,1.251000
"Kepler-1225 b",1.82000000,3.97000000,7.01075434000,1453.00,6140.00,1.190000,1.130000
"Kepler-1708 b",9.96000000,1462.01067220,737.11310000000,245.02,6157.00,1.117000,1.088000
"HD 96700 b",2.93000000,8.90000000,8.12450000000,1089.02,5845.00,1.160000,0.890000
"Kepler-208 b",1.63000000,3.29000000,4.22864000000,1379.00,6092.00,1.314000,1.082000
"Kepler-1146 b",1.23000000,2.04000000,2.35226579700,1019.00,4692.00,0.700000,0.740000
"WASP-100 b",14.90797000,400.46580000,2.84938000000,2099.00,6900.00,1.570000,0.770000
"Kepler-1643 b",2.32000000,5.99000000,5.34265700000,799.00,4916.00,0.855000,0.845000
"Kepler-215 d",2.39000000,23.60000000,30.86442300000,527.00,5739.00,1.027000,0.788000
"EPIC 212737443 b",2.58600000,7.20000000,13.60300000000,536.00,4684.00,0.673000,0.690000
"TOI-2169 A b",12.50922246,329.58805806,8.21482820000,1364.00,6270.00,1.820000,1.420000
"K2-259 b",2.32000000,5.99000000,15.48043000000,795.00,6059.00,1.130000,1.140000
"Kepler-416 c",2.35200000,6.13000000,12.20900000000,791.00,5718.00,1.075000,1.000000
"Kepler-401 c",2.15000000,5.27000000,47.31821800000,598.00,6117.00,1.333000,1.173000
"Kepler-888 b",1.76000000,3.75000000,70.69790610000,417.00,5875.00,0.900000,0.970000
"Kepler-740 b",4.57000000,18.90000000,3.58410121600,1131.00,5438.00,0.870000,0.910000
"Kepler-1673 b",2.93551940,8.93000000,33.78880000000,611.00,6014.95,1.131660,1.110000
"Kepler-1322 c",2.15492527,5.29000000,6.45998001100,883.00,5704.00,0.804000,0.897000
"Kepler-1211 b",2.55000000,7.04000000,11.01816836000,840.00,5705.00,0.940000,0.960000
"HIP 78530 b",12.00000000,7300.00000000,,2700.00,10500.00,2.108760,2.500000
"Kepler-48 f",13.80000000,298.58099680,5219.68185400000,95.68,5190.00,0.836000,0.916000
"Kepler-1750 b",6.00434637,30.10000000,205.91200260000,298.00,5644.00,0.969000,0.981000
"TOI-4308 b",2.41890000,6.43000000,9.15120100000,763.05,5243.00,0.793400,0.900000
"HD 18015 b",13.10000000,1048.83374310,2278.00000000000,242.98,5603.00,3.130000,1.490000
"TOI-1798.02",1.46400000,5.60000000,0.43781182200,1935.83,5165.00,0.780000,0.870000
"Kepler-24 b",2.34800000,11.14000000,8.14000000000,1050.00,6028.00,1.099000,1.060000
"Kepler-1875 b",3.22686692,10.50000000,34.45859909000,559.00,6161.00,0.862000,0.950000
"Kepler-1642 b",3.20000000,10.30000000,12.20575130000,895.00,5355.00,0.840000,0.880000
"HD 33142 c",13.90000000,282.86728223,810.20000000000,353.91,5025.40,4.170000,1.520000
"Kepler-864 b",2.40000000,6.35000000,5.83376092000,1143.00,5754.00,1.000000,1.000000
"HD 181720 b",14.00000000,127.13200000,956.00000000000,249.06,5736.00,1.500000,1.030000
"TOI-6677 b",5.83507112,28.70000000,5.45060661625,334.00,6572.28,1.571670,1.450000
"Kepler-1394 b",1.39000000,2.51000000,3.93766373000,1947.00,6481.00,2.550000,1.640000
"Kepler-1672 b",2.97022762,9.11000000,150.87800000000,423.00,6131.95,1.088410,1.160000
"HD 331093 b",13.60000000,476.74261050,621.62000000000,234.84,5544.00,1.111200,1.030000
"Kepler-58 d",2.94000000,245.34300000,40.10137100000,583.00,6099.00,1.127000,1.024000
"Kepler-404 c",1.72000000,3.61000000,14.75116600000,678.00,5654.00,0.884000,0.860000
"Kepler-1254 b",1.55000000,3.02000000,9.99113313000,660.00,4985.00,0.750000,0.780000
"HD 37124 d",14.00000000,221.20968000,1862.00000000000,159.79,5698.64,0.949168,0.850000
"WASP-3 b",15.91678000,772.32690000,1.84683000000,2020.00,6400.00,1.440000,1.620000
"Kepler-1936 b",3.16615594,10.20000000,126.55699920000,524.00,6501.00,1.854000,1.419000
"Kepler-1615 b",2.06000000,4.90000000,47.31261920000,658.00,5865.00,1.050000,1.040000
"Kepler-327 d",1.73000000,3.64000000,13.96945700000,387.00,3799.00,0.492000,0.591913
"Kepler-1301 b",1.40000000,2.54000000,9.08237046000,734.00,5188.00,0.810000,0.850000
"Kepler-784 c",1.55000000,3.02000000,17.15723600000,844.00,5676.00,1.487000,1.016000
"Kepler-1553 b",1.15000000,1.60000000,4.24261881000,926.00,5288.00,0.810000,0.850000
"TOI-2227 b",3.09885187,9.79000000,4.22175815648,1164.00,5889.54,1.208470,1.030000
"Kepler-1862 b",2.20300000,5.49000000,16.05730057000,645.00,5644.00,0.806000,0.900000
"Kepler-990 b",2.60000000,7.27000000,9.91723428000,903.00,5948.00,1.080000,1.050000
"Kepler-1537 b",1.18000000,1.76000000,1.44445379800,1800.00,5079.00,0.770000,0.810000
"HATS-28 b",13.38354600,213.58176000,3.18107810000,1253.00,5498.00,0.922000,0.929000
"HR 858 d",2.00100000,7.10000000,11.23051100000,1061.00,6354.00,1.258000,1.204000
"TOI-2193 A b",19.83989584,298.75870258,2.12257350000,1763.00,5966.00,1.248000,1.082000
"GJ 9773 b",14.20000000,172.58082500,2965.00000000000,59.89,3528.00,0.362000,0.358000
"Kepler-1785 b",2.70422447,7.77000000,19.58550072000,666.00,5618.00,0.996000,0.911000
"Kepler-130 d",1.64000000,3.33000000,87.51790500000,451.00,5884.00,1.127000,0.927000
"HD 125136 b",13.30000000,718.29219982,849.77000000000,,4959.00,5.390000,1.550000
"HD 13808 c",3.13000000,9.96000000,53.75300000000,424.57,5035.00,0.781000,0.771000
"Kepler-340 b",2.53000000,6.94000000,14.84438700000,1092.00,6620.00,1.850000,1.650000
"HD 125271 b",12.40000000,3465.60094993,14901.99295000000,59.78,4703.93,0.751364,0.750000
"Kepler-1085 b",7.22000000,41.20000000,219.32175280000,313.00,6000.00,1.140000,1.110000
"Kepler-1404 b",2.01000000,4.70000000,15.93147390000,596.00,5261.00,0.800000,0.840000
"K2-99 c",12.60000000,2669.75861880,522.20000000000,390.00,6069.00,2.550000,1.440000
"TOI-1728 b",5.05000000,26.78000000,3.49151000000,767.00,3980.00,0.624300,0.646000
"HATS-74 A b",11.56766808,464.02947422,1.73185606000,895.10,3776.90,0.575800,0.601000
"Kepler-1207 b",1.62000000,3.26000000,13.68237119000,802.00,5909.00,1.060000,1.060000
"Kepler-1636 b",3.23000000,10.50000000,425.47785000000,248.00,5797.00,1.020000,1.010000
"Kepler-1267 b",3.01000000,9.32000000,13.03139450000,774.00,6096.00,1.200000,1.150000
"K2-73 c",13.00000000,1142.00000000,1000.00000000000,186.10,5867.00,1.058000,1.020000
"Kepler-1795 b",1.66301611,3.40000000,13.36019993000,520.00,4500.00,0.688000,0.768000
"K2-285 b",2.59000000,9.68000000,3.47174500000,1088.90,4975.00,0.787000,0.830000
"WISPIT 1 c",12.80000000,1684.49055710,,8.21,4670.00,1.116100,0.720000
"TIC 349520724 b",2.82626313,8.38000000,7.94044635021,,5098.60,0.818771,0.890000
"LP 714-47 b",4.25000000,28.38000000,4.05203200000,722.80,4123.00,0.536000,0.542000
"Kepler-963 b",2.66000000,7.56000000,9.97683705000,802.00,5461.00,0.870000,0.910000
"XO-2 S b",10.90000000,82.63538582,18.22000000000,706.59,5325.00,1.020000,0.980000
"Kepler-1748 b",2.71275017,7.81000000,5.82352018400,955.00,5774.00,0.864000,0.916000
"Kepler-336 d",2.37000000,6.21000000,20.67877200000,749.00,5867.00,1.304000,1.090000
"Kepler-712 b",3.41000000,11.50000000,21.02247699000,521.00,5148.00,0.780000,0.840000
"TOI-4364 b",2.01000000,4.70000000,5.42401900000,488.00,3528.00,0.468400,0.487000
"TOI-5628 A b",8.29464572,28.60455663,4.34166120000,492.00,3310.00,0.350000,0.360000
"EPIC 201427007 b",1.50000000,2.86000000,0.72091000000,,5633.00,0.940000,0.930000
"TOI-2992 b",13.75341932,1058.36859531,3.00781200000,1726.00,6000.00,1.545000,1.210000
"K2-268 b",1.50000000,2.86000000,2.15167600000,1136.00,5106.00,0.780000,0.840000
"Kepler-1096 b",1.24000000,2.07000000,2.89221750600,794.00,4306.00,0.630000,0.660000
"TOI-615 b",18.97680433,138.25535705,4.66159830000,1666.00,6850.00,1.732000,1.449000
"HAT-P-28 b",13.58500000,198.95300000,3.25721500000,1384.00,5680.00,1.103000,1.025000
"Kepler-667 b",4.73000000,20.10000000,41.43962808000,516.00,5327.00,0.870000,0.910000
"Kepler-557 b",2.67000000,7.61000000,3.70598955100,1281.00,6068.00,1.160000,1.110000
"EPIC 206024342 d",2.60000000,7.27000000,14.64753100000,,5724.00,1.100000,0.928000
"rho CrB c",5.68000000,27.44200000,102.03600000000,448.10,5817.00,1.361700,1.000000
"Kepler-483 b",3.21000000,10.40000000,30.22910400000,755.00,6346.00,1.470000,1.280000
"HD 73534 b",13.70000000,353.42696000,1750.00000000000,220.25,4917.00,2.580000,1.160000
"HD 35843 b",2.29000000,5.84000000,9.89910000000,872.30,5666.00,0.897000,0.940000
"Kepler-116 b",3.42000000,11.60000000,5.96873400000,1251.00,6142.00,1.454000,1.198000
"HAT-P-62 b",12.02723629,241.86741773,2.64532350000,1512.00,5629.00,1.170000,1.023000
"TOI-3896 b",3.14949237,10.10000000,4.37730369667,966.00,5110.91,0.747752,0.860000
"Kepler-443 b",2.33000000,6.04000000,177.66930000000,233.00,4723.00,0.706000,0.738000
"TOI-4504 d",11.26000000,643.00000000,41.28719750000,524.80,5315.00,0.930000,0.875000
"HD 150010 b",13.30000000,762.78817680,562.00000000000,681.22,4153.00,16.200000,1.300000
"Kepler-552 b",3.95000000,14.80000000,5.26341576500,1103.00,5863.00,1.040000,1.030000
"TOI-2719 b",5.98000000,29.90000000,3.37594000000,1710.00,5762.00,1.690000,1.020000
"HD 23596 b",12.40000000,3786.60764100,1535.11912000000,219.49,6040.00,1.530000,1.100000
"K2-347 b",2.41000000,6.39000000,7.18725700000,640.00,4599.00,0.630000,0.660000
"Kepler-812 b",3.55000000,12.30000000,10.11716531000,1163.00,6761.00,1.710000,1.450000
"TOI-2266 b",1.54000000,2.99000000,2.32631800000,550.00,3200.00,0.240000,0.230000
"Kepler-1187 b",2.61000000,7.32000000,18.87064068000,701.00,5975.00,1.090000,1.060000
"Kepler-1547 b",0.90000000,0.66600000,0.69297967600,3186.00,6078.00,1.180000,1.120000
"Kepler-170 b",3.20000000,82.60000000,7.93059200000,899.00,5679.00,1.035000,1.066000
"GJ 15 A b",1.55000000,3.03000000,11.44070000000,550.00,3607.00,0.380000,0.380000
"Kepler-100 b",1.34000000,4.01000000,6.88734000000,1155.00,5837.00,1.510000,1.130000
"Kepler-1258 b",0.86000000,0.56600000,0.98494016700,2335.00,5839.00,0.990000,0.990000
"NSVS 14256825 b",12.30000000,4497.29450000,3225.00000000000,473.47,40000.00,0.188000,0.419000
"TOI-1266 b",2.52000000,4.46000000,10.89450000000,415.00,3563.00,0.423200,0.437000
"Kepler-659 b",2.50000000,6.80000000,17.67179600000,513.00,4870.00,0.740000,0.790000
"GJ 27.1 b",3.66000000,13.00000000,15.81900000000,387.13,3542.00,0.518887,0.530000
"TOI-4495 c",4.03000000,23.20000000,5.18553000000,1365.00,6210.00,1.309000,1.247000
"Kepler-798 b",2.39000000,6.30000000,13.71933369000,864.00,6224.00,1.290000,1.190000
"TOI-5082.01",2.54811000,7.03000000,4.24012200000,1164.91,5670.00,0.930000,0.996650
"Kepler-364 c",2.15000000,5.27000000,59.98062700000,568.00,6108.00,1.284000,1.076000
"TOI-1260 d",3.12000000,11.84000000,16.60816400000,499.00,4227.00,0.672000,0.679000
"HD 50499 b",13.50000000,519.96988000,2447.10000000000,174.69,6102.00,1.351000,1.253000
"HD 20794 f",2.28000000,5.82000000,647.60000000000,214.52,5368.00,0.930000,0.790000
"Kepler-1595 b",1.23000000,2.04000000,4.56380468000,980.00,5203.00,0.800000,0.840000
"HD 99109 b",14.30000000,139.84520000,439.29999000000,239.32,5282.00,0.980000,0.760000
"KOI-3503 b",1.19000000,9.20000000,21.18500000000,785.00,6001.00,1.255000,0.858000
"Kepler-526 b",1.99000000,4.62000000,5.45849831600,1099.00,5894.00,1.140000,1.150000
"HD 28109 c",4.13000000,9.20000000,55.99712000000,643.00,6189.00,1.425000,1.227000
"K2-11 b",7.55000000,44.40000000,39.93767000000,734.00,5433.00,5.150000,1.350000
"KOI-319 c",11.90000000,8803.84687390,80.09900000000,,5880.00,2.064000,1.325000
"KOI-319 b",10.67000000,3178.28407000,46.14827000000,703.00,5880.00,2.064000,1.325000
"TOI-1743 b",1.83000000,4.01000000,4.26604600000,485.00,3277.00,0.338000,0.339000
"Kepler-1837 b",2.06673842,4.92000000,5.90608978300,1012.00,5966.00,0.961000,1.049000
"Kepler-1986 b",1.89000000,4.23000000,19.54896660000,579.00,5549.00,0.732000,0.776000
"Kepler-696 b",6.14000000,31.30000000,4.19042557500,1234.00,5903.00,1.080000,1.060000
"Kepler-189 c",2.38000000,22.70000000,20.13486600000,544.00,5235.00,0.750000,0.803000
"HD 105618 b",5.44000000,25.42627256,10.02245000000,1023.19,5671.00,1.273990,1.010000
"TOI-1301.01",2.47700000,6.70000000,6.09640720900,737.36,4820.00,0.732000,0.770000
"Kepler-1497 b",1.66000000,3.39000000,8.74199772000,924.00,5675.00,0.950000,0.960000
"EPIC 212624936 b",1.20000000,1.87000000,0.57865700000,,5765.00,0.930000,1.000000
"Kepler-194 b",1.51000000,2.89000000,2.09228100000,1648.00,6089.00,1.025000,0.940000
"Kepler-661 b",3.07000000,9.64000000,6.02930132100,678.00,4483.00,0.670000,0.700000
"Kepler-529 c",2.00000000,4.66000000,12.83450220000,891.00,6087.00,1.140000,1.070000
"HAT-P-61 b",10.07687365,335.94462620,1.90231289000,1505.00,5587.00,0.938000,1.004000
"TOI-2589 b",12.10569916,1112.39942450,61.62770000000,592.00,5579.00,1.070000,0.930000
"HD 95872 b",13.00000000,1188.68420000,4375.00000000000,103.45,5312.00,0.840000,0.700000
"Kepler-1412 b",0.83000000,0.49800000,3.61460510000,1397.00,5880.00,1.270000,1.060000
"Kepler-760 c",1.48000000,2.79000000,2.46697439000,1139.00,5322.00,0.850000,0.890000
"2MASS J0249-0557 c",17.37392009,3616.88727166,,1723.00,2859.00,0.315959,0.046000
"TOI-4504 c",11.17000000,821.00000000,82.81909300000,412.50,5315.00,0.930000,0.875000
"Kepler-1540 b",2.49000000,6.76000000,125.41311770000,266.00,4540.00,0.690000,0.740000
"TIC 445839811 b",2.47771211,6.70000000,11.10862603180,,5408.25,0.850041,0.950000
"Kepler-225 c",1.84000000,4.04000000,18.79423400000,412.00,3682.00,0.480000,0.593000
"Kepler-180 b",1.50000000,2.86000000,13.81712400000,781.00,5731.00,1.063000,0.950000
"HD 18438 b",12.10000000,6674.39654700,803.00000000000,1208.15,3860.00,88.475000,1.840000
"HD 154088 b",2.46000000,6.60000000,18.56000000000,689.99,5374.00,0.950000,0.910000
"HD 24064 b",12.30000000,4096.82870000,535.59998000000,1088.02,4052.00,40.000000,1.610000
"Kepler-1349 b",0.70000000,0.27100000,2.12823928000,1668.00,6086.00,1.280000,1.160000
"HD 29399 b",13.50000000,498.99059899,892.70000000000,358.32,4845.00,4.500000,1.170000
"TOI-4511 b",2.75304932,8.01000000,10.98090968596,1542.00,5418.77,1.001450,1.017000
"KOI-134 c",9.86000000,69.92224954,33.95000000000,798.82,6160.00,1.667000,1.407000
"Kepler-1306 b",1.91000000,4.31000000,16.29595382000,678.00,5727.00,0.970000,0.980000
"TOI-2200 b",6.96310517,38.70000000,2.93602836512,1147.00,5036.17,0.826247,0.850000
"K2-285 c",3.53000000,15.68000000,7.13804800000,741.40,4975.00,0.787000,0.830000
"Kepler-345 b",0.74000000,0.48000000,7.41556300000,622.00,4504.00,0.623000,0.610000
"Kepler-539 c",13.30000000,762.79200000,1000.00000000000,253.00,5820.00,0.952000,1.048000
"HD 33844 b",13.40000000,638.83830000,551.40002000000,430.22,4861.00,5.390000,1.840000
"GJ 317 c",13.60000000,454.49462201,6500.00000000000,47.67,3496.00,0.403000,0.402000
"Kepler-467 b",2.25000000,5.69000000,24.99324193000,712.00,5809.00,1.370000,1.050000
"Kepler-964 b",2.12000000,5.14000000,13.52251060000,652.00,5427.00,0.840000,0.930000
"TOI-1386 c",10.30000000,75.20000000,232.00000000000,327.40,5735.00,1.023500,1.036300
"HD 99706 c",12.80000000,1808.45270000,1278.00000000000,,4891.00,5.400000,1.720000
"Kepler-1262 b",1.82000000,3.97000000,8.67900242000,949.00,5771.00,0.980000,0.990000
"BEBOP-3 b",14.20000000,177.34825111,547.00000000000,287.88,6033.00,1.414000,1.083000
"Kepler-1071 b",2.38000000,6.26000000,6.17998440000,814.00,5215.00,0.810000,0.860000
"TOI-1806.01",3.40953670,11.50000000,15.14546930000,337.47,3272.00,0.401575,0.392935
"Kepler-1809 b",1.51300000,2.90000000,3.75729990000,877.00,4901.00,0.716000,0.807000
"K2-242 b",2.54000000,6.99000000,6.51389000000,416.00,3459.00,0.370000,0.380000
"TIC 77319217 b",3.10879526,9.85000000,7.54830765124,,5961.52,1.184390,1.160000
"Kepler-649 b",2.26000000,5.73000000,29.90722674000,564.00,5871.00,0.940000,0.970000
"HAT-P-55 b",14.84069045,189.42573057,3.58523130000,1367.00,5804.00,1.105000,1.028000
"Kepler-344 c",2.95000000,9.01000000,125.59680900000,360.00,5774.00,0.976000,0.931000
"HIP 65891 b",12.70000000,1938.75328270,1089.60000000000,429.05,5000.00,8.930000,2.500000
"GJ 4274 c",2.83000000,8.39000000,69.57000000000,157.32,3228.00,0.190000,0.180000
"Kepler-1111 b",2.00000000,4.66000000,8.79617863000,938.00,6077.00,1.150000,1.100000
"Kepler-172 b",2.35000000,6.12000000,2.94030900000,1256.00,5526.00,1.085000,1.081000
"K2-139 b",9.11000000,123.00021000,28.38061900000,524.00,5370.00,0.880000,0.960000
"HD 64121 b",13.20000000,813.64072192,623.00000000000,464.77,5078.00,5.440000,1.640000
"Kepler-902 b",2.54000000,6.99000000,40.10995470000,556.00,5647.00,0.930000,0.950000
"Kepler-894 b",2.78000000,8.15000000,9.80322400000,896.00,5603.00,0.850000,0.870000
"Kepler-1794 b",1.79426276,3.87000000,9.76298046100,703.00,5052.00,0.816000,0.773000
"TOI-1064 b",2.58700000,13.50000000,6.44386800000,784.00,4734.00,0.726000,0.748000
"Kepler-884 b",1.23000000,2.04000000,5.69919514000,964.00,5715.00,0.940000,1.000000
"Kepler-1019 b",1.46000000,2.73000000,1.41122984700,1164.00,4433.00,0.670000,0.700000
"WASP-28 b",13.66374747,282.54945382,3.40883495000,1456.00,6084.00,1.083000,0.993000
"GJ 3341 b",2.46000000,6.60000000,14.20700000000,377.62,3526.00,0.439000,0.470000
"TOI-4552 b",1.11000000,1.83000000,0.30110032000,1122.00,3258.00,0.286900,0.261900
"GJ 1289 b",2.38000000,6.27000000,111.74000000000,150.00,3296.00,0.245012,0.210000
"Kepler-555 b",2.83000000,8.40000000,16.21775407000,664.00,5894.00,1.040000,1.030000
"Kepler-683 b",1.97000000,4.54000000,2.53918317900,1332.00,5703.00,0.950000,0.960000
"HATS-10 b",10.86152100,167.17858000,3.31284600000,1407.00,5880.00,1.105000,1.101000
"Kepler-1977 b",1.66000000,3.39000000,4.53702121000,798.00,4805.00,0.688000,0.769000
"Kepler-715 b",3.75000000,13.50000000,10.00652995000,876.00,5871.00,1.040000,1.040000
"HD 127195 c",14.10000000,206.58846455,836.99000000000,,4981.00,4.160000,1.340000
"Kepler-164 d",2.45000000,6.57000000,28.98676900000,637.00,5888.00,1.148000,1.036000
"Kepler-786 b",2.43000000,6.48000000,53.52934870000,348.00,4838.00,0.740000,0.810000
"TOI-3785 b",5.14000000,14.95000000,4.67473730000,582.00,3576.00,0.500000,0.520000
"WASP-145 A b",10.08810000,282.86870000,1.76903810000,1200.00,4900.00,0.680000,0.760000
"WASP-136 b",16.81347105,479.92089457,5.21536178778,1630.00,6250.00,2.390140,1.410000
"HATS-12 b",7.76000000,759.61370000,3.14270200000,1446.00,6357.00,1.170000,1.160000
"TOI-1296 b",14.11645916,95.30000000,3.94437360000,1414.84,5567.00,1.703100,1.157600
"HD 98736 b",13.30000000,740.54390000,968.80000000000,179.53,5271.00,0.930000,0.920000
"Kepler-1136 b",1.64000000,3.33000000,2.36172432900,922.00,4512.00,0.680000,0.720000
"GJ 667 C f",1.45000000,2.70000000,39.02600000000,,3350.00,,0.330000
"Kepler-635 b",2.64000000,7.46000000,23.44971004000,802.00,6174.00,1.510000,1.330000
"TOI-1279 b",2.66146528,10.60000000,9.61419000000,759.00,5457.00,0.842600,0.878400
"Kepler-468 b",13.34000000,,38.47875706700,484.00,5498.00,0.870000,0.960000
"DE CVn b",12.40000000,3823.27330161,4098.10000000000,46.91,3579.00,0.424754,0.510000
"TOI-682.01",3.74186000,13.50000000,6.83923880000,1090.00,5085.00,1.080000,0.850000
"USco CTIO 108 b",12.30000000,4449.62000000,,2.96,2700.00,0.345365,0.060000
"Kepler-1496 b",2.22000000,5.56000000,64.65880170000,535.00,6182.00,1.270000,1.180000
"HD 102272 b",12.90000000,1570.08020000,127.58000000000,1038.01,4790.00,10.300000,1.450000
"Kepler-366 c",1.79000000,3.86000000,12.51616000000,848.00,6209.00,1.048000,1.088000
"KOI-2513.01",2.80224517,7310.05336100,19.00547000000,758.00,5900.00,1.200000,0.910000
"Kepler-537 b",1.41000000,2.57000000,3.24755521900,1181.00,5763.00,0.990000,1.070000
"GJ 3323 b",1.23000000,2.02000000,5.36360000000,290.06,3159.00,0.119000,0.164000
"HAT-P-46 b",14.39200000,156.68400000,4.46312900000,1458.00,6120.00,1.396000,1.284000
"TOI-4495 b",2.48300000,7.70000000,2.56699000000,1735.00,6210.00,1.309000,1.247000
"Kepler-1761 b",1.39109603,2.51000000,4.04354000100,613.00,3871.00,0.532000,0.573000
"NGTS-6 b",14.86313400,425.57437000,0.88205900000,1283.90,4730.00,0.754000,0.767000
"Kepler-920 c",3.80000000,13.80000000,100.82741130000,364.00,5403.00,0.850000,0.890000
"Kepler-818 b",5.11000000,22.90000000,10.03538581400,786.00,5638.00,0.920000,0.940000
"Kepler-139 c",3.38000000,13.00000000,157.07287800000,350.00,5594.00,1.300000,1.078000
"Kepler-959 b",4.38000000,17.60000000,14.80074836000,1912.00,7005.00,2.010000,1.600000
"BD-210397 c",12.90000000,1525.57635360,6240.00000000000,69.51,4051.00,0.747000,0.690000
"Kepler-1436 b",1.31000000,2.27000000,9.70571600000,1001.00,5972.00,1.090000,1.060000
"HU Aqr AB c",12.90000000,1430.23500000,4368.00000000000,,5952.00,,0.880000
"Kepler-1597 b",1.06000000,1.20000000,2.94654179000,1497.00,6377.00,1.390000,1.250000
"WASP-83 b",11.65736000,95.34900000,4.97125200000,1120.00,5510.00,1.050000,1.110000
"HD 116029 c",13.70000000,403.64410000,907.00000000000,,4951.00,4.600000,1.330000
"Kepler-282 e",3.10000000,56.20000000,44.34700000000,484.00,5656.00,0.890000,0.970000
"XO-2 S c",13.60000000,438.60320166,120.05900000000,376.79,5325.00,1.020000,0.980000
"Kepler-850 b",1.78000000,3.82000000,7.19303878000,995.00,5932.00,1.090000,1.060000
"Kepler-65 d",1.52000000,4.14000000,8.13123000000,1117.00,6211.00,1.410000,1.250000
"Kepler-1090 b",2.25000000,5.69000000,198.68017900000,297.00,5321.00,0.820000,0.860000
"TOI-715 b",1.55000000,3.02000000,19.28800400000,234.00,3075.00,0.240000,0.225000
"GJ 393 b",1.17000000,1.71000000,7.02679000000,485.00,3579.00,0.426000,0.426000
"Kepler-1680 b",1.35954736,2.42000000,8.77424000000,771.00,5021.00,0.723259,0.834000
"Gaia-2 b",14.81827249,259.66580852,3.69152240000,1213.23,5720.00,1.064000,1.000000
"WASP-124 b",13.89916000,190.69800000,3.37265000000,1400.00,6050.00,1.020000,1.070000
"TOI-1439 b",4.24278610,38.50000000,27.64400000000,748.40,5841.00,1.618400,1.231300
"GJ 1061 c",1.19000000,1.81000000,6.68210000000,304.12,2953.00,0.156000,0.120000
"K2-50 b",1.59000000,3.15000000,8.75290000000,580.53,4326.00,0.546000,0.611000
"Kepler-23 b",1.63800000,2.56000000,7.10000000000,1157.00,5828.00,1.548000,1.078000
"Kepler-257 b",2.61000000,7.32000000,2.38266700000,1237.00,5180.00,1.037000,0.916000
"TOI-1736 c",12.50000000,2800.00000000,571.25000000000,249.00,5636.00,1.428600,1.037300
"Kepler-310 d",2.47000000,7.00000000,92.87612500000,353.00,5797.00,0.876000,0.854000
"WASP-192 b",13.78707000,731.00900000,2.87867650000,1620.00,5910.00,1.320000,1.090000
"Kepler-184 b",2.36000000,6.17000000,10.68757600000,780.00,5788.00,0.873000,0.872000
"Kepler-1744 b",3.76754004,13.60000000,37.10110092000,532.00,5986.00,0.850000,0.886000
"Kepler-1107 b",1.34000000,2.36000000,0.57103851800,1897.00,5268.00,0.820000,0.860000
"Kepler-40 b",13.11000000,699.20000000,6.87349000000,1620.00,6510.00,2.130000,1.480000
"TOI-908 b",3.18600000,16.13700000,3.18379200000,1317.00,5626.00,1.028000,0.950000
"Kepler-851 b",1.68000000,3.46000000,8.50699658000,900.00,5455.00,0.850000,0.890000
"HD 99492 c",4.42000000,17.90000000,95.23300000000,,4929.00,0.822539,0.850000
"G 264-012 c",1.76000000,3.75000000,8.05180000000,387.00,3326.00,0.305000,0.297000
"Kepler-827 b",5.63000000,27.00000000,51.92927591000,574.00,5602.00,0.910000,0.930000
"Kepler-228 c",2.70000000,7.75000000,4.13444400000,1160.00,6043.00,1.014000,1.006000
"K2-346 b",2.26000000,5.73000000,26.20144600000,450.00,4801.00,0.700000,0.710000
"Kepler-77 b",10.76100000,136.66100000,3.57878087000,1440.00,5520.00,0.990000,0.950000
"Kepler-1509 b",1.85000000,4.08000000,25.43381970000,667.00,5780.00,0.990000,1.000000
"GJ 581 b",4.79000000,20.50000000,5.36860000000,464.32,3500.00,0.302000,0.295000
"K2-403 b",5.33300000,24.60000000,33.58997900000,949.00,5511.00,0.886000,0.784000
"HD 43691 b",13.20000000,810.46650000,36.99870000000,761.79,6093.00,1.600000,1.320000
"Kepler-1574 b",1.29000000,2.21000000,6.94243340000,1003.00,5892.00,1.080000,1.060000
"Kepler-238 f",2.00000000,13.50000000,50.44700000000,568.00,5800.00,0.960000,1.060000
"K2-253 b",12.67000000,,4.00167000000,1238.00,6027.00,1.100000,1.080000
"Kepler-1290 b",1.42000000,2.60000000,4.69500134000,1098.00,5660.00,0.930000,0.950000
"Kepler-68 d",13.90000000,267.00000000,632.62000000000,260.75,5847.00,1.256400,1.057000
"Kepler-218 b",1.48000000,2.79000000,3.61933700000,1156.00,5502.00,1.063000,1.019000
"Kepler-645 b",2.10000000,5.06000000,3.27582262100,1730.00,6170.00,1.210000,1.130000
"TOI-1450 A b",1.13000000,1.25800000,2.04392740000,722.00,3437.00,0.483000,0.480000
"HD 206610 b",13.40000000,647.10188000,673.20000000000,437.88,4842.00,6.120000,1.550000
"Kepler-99 b",1.48000000,6.15000000,4.60358000000,810.00,4782.00,0.730000,0.790000
"Kepler-1010 b",2.32000000,5.99000000,34.26857050000,477.00,5253.00,0.820000,0.860000
"TOI-1422 c",2.61000000,14.00000000,34.56330000000,628.00,5840.00,1.019000,0.990300
"Kepler-687 b",3.52000000,12.20000000,20.50586978000,518.00,4841.00,0.730000,0.770000
"Kepler-1855 b",1.21620500,1.96000000,0.72733098300,849.00,3460.00,0.356000,0.385000
"UCAC4 328-061594 b",12.10000000,6674.39654700,,,,,1.190000
"Kepler-1363 b",1.25000000,2.10000000,2.94194094000,988.00,4839.00,0.720000,0.760000
"Kepler-296 b",1.61000000,3.22000000,10.86438400000,495.00,3740.00,0.480000,0.498000
"BD+48 738 b",13.90000000,289.22530000,392.60000000000,705.93,4414.00,11.000000,0.740000
"HR 8799 c",13.00000000,3000.00000000,69000.00000000000,1200.00,7204.58,1.493380,1.500000
"Kepler-1773 b",3.50469499,12.10000000,40.80970001000,623.00,6183.00,1.300000,1.241000
"Kepler-989 b",2.21000000,5.52000000,7.96431535200,805.00,5074.00,0.780000,0.820000
"Kepler-1508 b",1.33000000,2.33000000,20.70565040000,967.00,6158.00,1.220000,1.140000
"TOI-7041 b",11.43316031,114.41822652,9.69100000000,882.37,4700.00,4.100000,1.070000
"K2-37 c",2.41000000,6.39000000,6.42966000000,839.00,5352.00,0.809000,0.840000
"2MASS J19383260+4603591 b",13.40000000,603.87700000,406.00000000000,669.65,29564.00,0.203000,0.480000
"TOI-1260 b",2.41000000,8.56000000,3.12746300000,871.00,4227.00,0.672000,0.679000
"HIP 39330 b",13.50000000,530.77343969,4650.00000000000,125.05,5748.00,1.027860,0.960000
"Kepler-52 c",1.84000000,45.40000000,16.38500210000,433.00,4075.00,0.520000,0.540000
"Kepler-1637 b",0.89000000,0.64000000,6.10960324000,1093.00,5789.00,1.020000,1.020000
"Kepler-1990 b",3.27000000,10.70000000,1.73513619000,1554.00,5751.00,1.071000,1.028000
"TOI-1749 c",2.12000000,14.00000000,4.49290000000,673.00,3985.00,0.550000,0.580000
"GJ 9714 b",12.50000000,2988.54051102,19240.75467000000,47.68,4263.00,0.662662,0.670000
"Kepler-312 b",1.29000000,2.21000000,1.77241900000,1685.00,6115.00,1.467000,1.314000
"Kepler-1671 b",1.32557381,2.32000000,4.16787000000,962.00,5135.55,0.929771,0.866000
"Kepler-466 b",2.85000000,8.50000000,51.07926307000,503.00,5927.00,1.050000,1.040000
"UZ For c",,2447.20000000,1916.25000000000,,5286.90,,0.700000
"HD 63765 b",14.20000000,168.44990000,358.00000000000,246.90,5449.00,0.830000,0.650000
"TOI-7008 b",4.94735276,21.70000000,0.84069041367,1783.00,5116.06,0.952550,0.880000
"Kepler-1038 c",1.41623380,2.59000000,7.12765979800,784.00,5159.00,0.821000,0.868000
"TOI-3877 b",11.67975789,99.79811980,4.12359600000,1445.00,5731.00,1.445000,1.160000
"Kepler-1699 b",1.56671124,3.08000000,3.49082000000,1010.00,5575.53,0.725000,0.810000
"HD 143105 b",13.70000000,384.57430000,2.19740000000,2028.25,6380.00,1.647304,1.510000
"HD 191939 e",13.00000000,112.20000000,101.12000000000,390.00,5348.00,0.940000,0.810000
"Kepler-1569 b",1.68000000,3.46000000,5.79180156000,1222.00,6319.00,1.400000,1.250000
"Kepler-859 b",3.09000000,9.75000000,20.38177573000,528.00,5020.00,0.770000,0.810000
"HD 83443 b",14.10000000,127.76701961,2.98562800000,1262.68,5442.00,0.940000,1.000000
"Kepler-106 b",0.82000000,5.30000000,6.16486000000,1021.00,5858.00,1.040000,1.000000
"Kepler-834 b",2.02000000,4.74000000,13.32388301000,378.00,4554.00,0.660000,0.700000
"K2-249 b",2.79000000,8.20000000,12.40900000000,1061.00,6504.00,1.570000,1.320000
"Kepler-454 c",12.90000000,1433.40611557,524.19000000000,249.58,5687.00,1.066000,1.030000
"HD 33283 b",12.50000000,104.56607000,18.19910000000,1034.40,5935.00,1.970000,1.380000
"Kepler-169 e",2.20000000,5.48000000,13.76710200000,595.00,4997.00,0.763000,0.825000
"GJ 536 b",2.41000000,6.37000000,8.70874000000,451.00,3641.00,0.529000,0.528000
"Kepler-37 e",0.37000000,8.10000000,51.19600000000,401.00,5288.00,0.772000,0.800000
"TOI-2236 b",14.36991326,502.16888306,3.53159020000,1688.00,6248.00,1.573000,1.343000
"HD 159868 c",14.00000000,244.09344000,351.00000000000,383.37,5534.00,2.130000,1.190000
"Kepler-1665 b",2.83910787,8.44000000,11.95480000000,906.00,5049.84,0.777785,0.842000
"HIP 111909 b",13.70000000,384.57237247,487.08000000000,436.91,4891.00,4.530000,1.280000
"Kepler-1125 b",1.84000000,4.04000000,17.67006420000,778.00,5683.00,0.940000,0.950000
"Kepler-384 b",1.12000000,1.46000000,22.59705300000,670.00,5577.00,0.882000,0.882000
"HD 37605 b",13.20000000,854.96270000,55.01292000000,465.76,5329.00,0.910000,0.940000
"Kepler-1618 b",1.26000000,2.13000000,6.10826019000,1267.00,6620.00,1.650000,1.410000
"Kepler-352 d",0.80628032,0.44900000,6.88727998700,788.00,5208.00,0.772000,0.796000
"K2-148 c",1.73000000,3.64000000,6.92260000000,630.02,4079.00,0.632000,0.650000
"NGTS-9 b",11.99363000,921.70700000,4.43527000000,1448.00,6330.00,1.380000,1.340000
"Kepler-584 b",4.21000000,16.50000000,35.18103040000,664.00,6195.00,1.240000,1.170000
"Kepler-92 b",3.51000000,64.30000000,13.74900000000,975.00,5883.00,1.700000,1.210000
"TOI-277 b",2.65000000,7.51000000,3.99400000000,587.92,4031.00,0.362000,0.160000
"EPIC 212297394 b",1.48000000,2.79000000,2.28936300000,1149.00,5171.00,0.800000,0.830000
"TIC 67686059 b",2.59125922,7.23000000,3.52163529551,,5090.09,0.820458,0.860000
"K2-270 b",1.38000000,2.48000000,1.54306900000,1203.00,4877.00,0.770000,0.850000
"TIC 160113658 b",3.49015778,12.00000000,6.72952262077,,4817.31,0.789834,0.760000
"Kepler-533 b",3.38000000,11.40000000,28.51120525000,423.00,4758.00,0.720000,0.780000
"VHS J125601.92-125723.9 b",13.67495645,5085.25451200,5800000.00000000000,1194.00,2620.00,,0.070000
"HD 23079 c",2.80000000,8.26000000,5.74891300000,,5994.00,1.080000,1.160000
"Kepler-55 e",1.55000000,3.02000000,4.61753400000,728.00,4503.00,0.619000,0.631000
"GJ 887 b",1.80000000,3.90000000,9.26190000000,426.00,3688.00,0.468000,0.495000
"Kepler-1467 b",3.30000000,10.90000000,47.05690430000,411.00,5332.00,0.820000,0.860000
"Kepler-199 c",3.25000000,10.60000000,67.09340800000,420.00,5644.00,0.967000,0.960000
"HD 222076 b",13.50000000,495.81480000,871.00000000000,346.88,4806.00,4.100000,1.070000
"Kepler-282 b",1.01000000,1.01000000,9.22052400000,817.00,5602.00,0.904000,0.860000
"K2-388 b",3.90000000,14.50000000,6.33932000000,874.00,5310.00,0.910000,0.930000
"TOI-1224 b",2.10400000,5.08000000,4.17827450000,541.00,3326.00,0.404000,0.400000
"Kepler-623 b",3.01000000,9.32000000,9.07097734000,825.00,5443.00,0.860000,0.900000
"WASP-176 b",16.86954500,271.74465000,3.89905200000,1721.00,5941.00,1.925000,1.345000
"Kepler-363 d",2.05000000,4.86000000,11.93212500000,905.00,5593.00,1.485000,1.226000
"HD 4917 b",13.50000000,513.29545000,400.50000000000,479.78,4802.00,5.010000,1.320000
"KOBE-1 c",3.56000000,12.40000000,29.67100000000,392.50,4135.00,0.619000,0.629000
"Kepler-970 b",2.60900000,7.31000000,16.73652500000,464.00,4290.00,0.710000,0.670000
"HAT-P-70 b",20.96083000,2154.88740000,2.74432452000,2562.00,8450.00,1.858000,1.890000
"Kepler-943 b",5.93000000,29.50000000,49.77014380000,455.00,5612.00,0.910000,0.930000
"Kepler-10 b",1.47000000,3.24000000,0.83749070000,2188.00,5708.00,1.065000,0.910000
"Kepler-271 d",0.66000000,0.21900000,5.24972541000,954.00,5555.00,0.870000,0.900000
"TOI-1233.01",2.53900000,6.98000000,14.17568500000,708.00,5660.00,0.877000,0.869000
"HD 221585 b",13.50000000,511.70630000,1173.00000000000,242.77,5620.00,1.850575,1.190000
"TIC 18942729 b",2.00021315,4.66000000,0.99817838064,,4360.11,0.825257,0.652000
"HD 22496 b",2.22000000,5.57000000,5.09071000000,573.00,4385.00,0.674000,0.684000
"Kepler-1640 b",4.82000000,20.70000000,7.58441260000,1228.00,6324.00,1.430000,1.270000
"Kepler-589 c",1.11727238,1.45000000,3.52466011000,1098.00,5372.00,0.916000,0.832000
"Kepler-647 b",1.17000000,1.71000000,16.22546490000,788.00,6020.00,1.070000,1.030000
"Gaia-1 b",13.77583728,533.95172376,3.05252400000,1159.07,5470.00,0.952000,0.949000
"Kepler-1527 b",4.77000000,20.40000000,160.12991800000,450.00,6224.00,1.320000,1.210000
"Kepler-1980 b",2.21000000,5.52000000,33.02571790000,564.00,5819.00,0.990000,1.049000
"TOI-122 b",2.72000000,7.85000000,5.07803000000,471.00,3403.00,0.334000,0.312000
"HATS-52 b",15.49083800,711.93920000,1.36665436000,1834.00,6010.00,1.046000,1.111000
"Kepler-250 d",2.18000000,5.39000000,17.64831200000,579.00,5160.00,0.805000,0.806000
"Kepler-1298 b",1.31000000,2.27000000,7.12811928000,1373.00,6339.00,2.000000,1.450000
"Kepler-1361 b",0.86000000,0.56600000,3.57554956000,1061.00,5131.00,0.790000,0.830000
"Kepler-619 b",3.16000000,10.10000000,5.40427219700,1073.00,5980.00,1.110000,1.090000
"K2-99 b",11.88151954,276.51071409,18.24783000000,1184.00,6069.00,2.550000,1.440000
"TOI-532 b",5.82000000,61.50000000,2.32665080000,867.00,3927.00,0.612000,0.639000
"HD 210277 b",13.60000000,410.00070000,442.19000000000,259.86,5538.00,1.070000,1.010000
"Kepler-178 b",2.90000000,8.75000000,9.57669400000,846.00,5676.00,1.066000,0.852000
"Kepler-1604 b",1.41000000,2.57000000,0.68368425600,2023.00,4976.00,0.760000,0.810000
"Kepler-984 b",2.12000000,5.14000000,43.03422720000,484.00,5610.00,0.930000,0.960000
"HD 13724 c",8.18000000,50.85254512,142.22895000000,393.06,5835.31,1.041980,1.004000
"Kepler-1286 b",2.15000000,5.27000000,11.25402929000,888.00,5753.00,0.980000,1.000000
"Kepler-318 b",4.71000000,19.90000000,4.66271500000,1039.00,5746.00,1.189000,1.073000
"Kepler-732 b",2.18000000,5.39000000,9.46781404800,407.00,3631.00,0.460000,0.490000
"HIP 109600 b",13.20000000,851.78440000,232.08000000000,312.88,5530.00,0.971958,0.870000
"Kepler-407 b",1.19000000,1.93000000,0.66931240000,1983.00,5487.00,1.040000,0.990000
"GJ 1148 c",9.71000000,68.06000000,532.58000000000,99.38,3287.00,0.358519,0.344045
"Kepler-897 b",2.39000000,6.30000000,8.04726420000,855.00,5839.00,1.040000,1.030000
"Kepler-435 b",22.31000000,266.97000000,8.60015360000,1729.00,6161.00,3.210000,1.538000
"HD 184010 d",14.30000000,143.02278315,836.40000000000,381.37,4971.00,4.860000,1.350000
"WASP-70 A b",13.04700000,187.51200000,3.71302030000,1387.00,5763.00,1.215000,1.106000
"TOI-1798.01",2.44800000,6.50000000,8.02152233100,734.31,5165.00,0.780000,0.870000
"TOI-444 b",2.77000000,8.10000000,17.96360000000,609.00,5225.00,0.779000,0.960000
"TOI-2202 b",10.95117414,287.31687993,11.91260750000,652.07,5169.00,0.808000,0.841000
"TrES-1 b",12.66617000,266.97720000,3.03007000000,1140.00,5230.00,0.850000,1.040000
"Kepler-1052 c",2.30000000,5.90000000,180.92172900000,302.00,5818.00,0.848000,0.937000
"Kepler-206 b",1.20000000,1.87000000,7.78198700000,983.00,5764.00,1.185000,0.957000
"Kepler-763 b",1.22000000,1.98000000,1.19655156000,1414.00,5166.00,0.800000,0.840000
"Kepler-155 b",2.09000000,5.02000000,5.93119400000,614.00,4508.00,0.620000,0.635000
"ups And c",12.30000000,4443.24112986,241.25800000000,407.56,6156.77,1.560000,1.300000
"NGTS-34 b",3.65000000,19.10000000,43.12655000000,624.00,6134.00,1.367000,1.266000
"K2-274 b",2.08000000,4.98000000,14.13303140000,655.00,5044.00,0.700000,0.790000
"DH Tau b",30.26430000,3496.00000000,,2200.00,4371.00,0.270000,0.330000
"HD 200964 c",13.70000000,385.84562000,852.50000000000,380.62,4982.00,4.920000,1.390000
"TOI-1011 b",1.45000000,4.04000000,2.47049800000,1364.00,5475.00,0.920000,0.910000
"Kepler-1583 b",0.60000000,0.15600000,9.32807355000,788.00,5645.00,0.910000,0.940000
"HATS-32 b",14.00004100,292.40360000,2.81265480000,1437.00,5700.00,1.097000,1.099000
"ZTF J1828+2308 b",11.13051784,6356.56814000,0.11200670000,,15900.00,0.013100,0.610000
"Kepler-1876 b",0.85300000,2.40000000,6.99205000000,1299.00,6104.00,1.477000,1.187000
"TOI-6564 b",16.39873876,222.16205649,3.98541300000,1445.00,5943.00,1.700000,1.180000
"K2-219 c",1.43839723,2.66000000,6.66767000000,,5753.00,1.189232,1.021545
"HD 37124 b",14.00000000,214.53525000,154.37800000000,366.48,5698.64,0.949168,0.850000
"Kepler-881 b",1.78000000,3.82000000,4.44448017000,1217.00,5961.00,1.090000,1.060000
"TOI-333 b",4.26000000,20.10000000,3.78525030000,1445.00,6241.00,1.100000,1.200000
"Kepler-60 c",1.90000000,3.85000000,8.91870000000,1023.00,5905.00,1.257000,1.041000
"Kepler-665 b",2.60000000,7.27000000,16.01310205000,593.00,4913.00,0.740000,0.790000
"Kepler-1848 b",1.40885390,2.57000000,5.60402011900,774.00,4847.00,0.737000,0.756000
"TOI-2096 c",1.91400000,4.32000000,6.38784000000,349.00,3300.00,0.235000,0.231000
"Kepler-1698 b",1.07315686,1.25000000,1.21070000000,1351.00,4975.03,0.741698,0.822000
"HIP 14810 c",13.60000000,416.35730000,147.74700000000,373.22,5544.00,1.070000,1.010000
"HD 25463 c",1.36354953,4.30000000,3.04405000000,1585.57,6353.00,1.418200,1.251000
"Kepler-1869 c",0.74000000,0.33000000,1.71682830400,1455.00,5808.00,0.902000,0.987000
"Kepler-292 b",1.32000000,2.30000000,2.58082700000,1130.00,5299.00,0.826000,0.865000
"Kepler-33 b",1.74000000,3.68000000,5.66793000000,1336.00,5904.00,1.820000,1.291000
"Kepler-601 b",1.90000000,4.27000000,5.37886844100,833.00,5160.00,0.790000,0.850000
"TOI-1347 b",1.80000000,11.10000000,0.84742346000,1400.00,5464.00,0.830000,0.913000
"K2-417 b",3.31000000,699.22249540,6.53500000000,558.00,3861.00,0.577600,0.569000
"Kepler-1020 b",2.28000000,5.82000000,96.91514960000,325.00,5227.00,0.800000,0.870000
"Kepler-1346 b",1.58000000,3.12000000,3.40165668000,1236.00,6133.00,1.210000,1.140000
"TOI-1750 b",2.78943837,8.19000000,11.33727129656,612.92,4683.75,0.768675,0.767000
"HD 180314 b",12.00000000,7216.92963775,394.73000000000,597.64,4917.00,9.200000,2.600000
"Kepler-181 c",1.99000000,4.62000000,4.30214900000,937.00,5333.00,0.749000,0.810000
"Kepler-953 c",1.19000000,1.81000000,9.10967112000,873.00,5416.00,0.990000,0.950000
"TOI-1696 b",3.09000000,48.80000000,2.50031100000,489.00,3185.00,0.277500,0.255000
"TIC 77552382 b",5.69176189,27.50000000,3.51025904942,1433.88,4981.07,0.886956,0.830000
"HD 96167 b",14.00000000,227.88411000,498.04000000000,333.63,5733.00,1.940000,1.270000
"Kepler-1770 b",2.84141754,8.45000000,16.84189987000,699.00,5602.00,1.009000,0.941000
"Kepler-292 e",2.67000000,7.61000000,11.97901000000,678.00,5299.00,0.826000,0.865000
"Kepler-154 b",2.26000000,5.73000000,33.04053200000,561.00,5690.00,1.001000,0.933000
"Kepler-1660 AB b",12.90000000,1586.59940774,239.50440000000,415.08,6305.24,1.491000,1.136600
"Kepler-379 b",1.66000000,3.39000000,20.09838000000,775.00,6054.00,1.306000,1.125000
"HAT-P-33 b",20.73665000,292.40360000,3.47447000000,1782.00,6446.00,1.790000,1.820000
"Kepler-567 b",2.25000000,5.69000000,16.54297375000,611.00,5148.00,0.790000,0.840000
"KIC 8121913 b",13.40000000,667.43965470,3.29460100000,,5975.30,2.233000,1.456000
"K2-198 d",2.43800000,6.52000000,7.45001770000,943.20,5212.90,0.757000,0.799000
"Kepler-176 e",1.45000000,0.52075000,51.16579000000,398.00,5295.00,0.830000,0.870000
"HD 109246 b",13.90000000,273.33380000,68.27000000000,507.43,5844.00,1.070000,1.200000
"TOI-5489 c",1.28000000,2.18000000,4.92126000000,536.00,3547.00,0.420000,0.410000
"K2-415 b",1.01500000,7.50000000,4.01796940000,412.40,3173.00,0.196500,0.163500
"Kepler-800 b",2.85000000,8.50000000,14.13176026000,675.00,5315.00,0.820000,0.850000
"Kepler-327 c",1.03000000,20.30000000,5.21233300000,537.00,3799.00,0.492000,0.591913
"Kepler-28 c",1.85700000,2.06000000,8.99000000000,509.00,4499.30,0.664000,0.684000
"K2-271 b",7.28000000,41.80000000,8.56242100000,893.00,5644.00,0.990000,0.830000
"KMT-2018-BLG-0748L b",9.01000000,60.00000000,,,,,0.087000
"KMT-2024-BLG-1870L b",13.80000000,336.89811142,,,,,0.670000
"KMT-2017-BLG-0849L b",2.41000000,6.39000000,,,,,0.190000
"Kepler-1418 b",1.66000000,3.39000000,22.47644250000,419.00,4770.00,0.720000,0.770000
"OGLE-2016-BLG-0613L AB b",13.00000000,1330.00000000,,,,,0.720000
"KOI-142 c",14.00000000,214.10000000,22.26492000000,635.87,5466.00,0.897000,0.990000
"HD 9446 c",13.40000000,578.42600000,192.90000000000,345.42,5793.00,1.000000,1.000000
"MASCARA-4 b",16.98160576,532.36258173,2.82409320000,2250.00,7800.00,1.790000,1.750000
"Kepler-1846 b",1.76378826,3.76000000,14.82009983000,552.00,4825.00,0.732000,0.785000
"HD 147873 b",12.80000000,1633.64620000,116.59600000000,603.16,5972.00,2.290000,1.380000
"Kepler-224 e",1.97000000,4.54000000,18.64357700000,517.00,5018.00,0.676000,0.777000
"Kepler-1670 b",3.35648010,11.20000000,20.49980000000,731.00,5838.00,1.518890,1.050000
"Kepler-92 c",2.60000000,6.10000000,26.72300000000,781.00,5883.00,1.700000,1.210000
"Kepler-1799 b",4.12801189,15.90000000,11.92969990000,770.00,5831.00,0.921000,1.016000
"KMT-2021-BLG-0736L b",4.86000000,21.00000000,,,,,0.600000
"PSR B1620-26 b",13.30000000,794.57500000,,,,,1.350000
"TYC 8998-760-1 b",21.18497352,6928.65927260,,2638.00,4573.00,1.020000,1.000000
"OGLE-2017-BLG-1434L b",1.94000000,4.43000000,,,,,0.234000
"KMT-2019-BLG-2783L b",13.70000000,368.68095212,,,,,0.340000
"OGLE-2016-BLG-1093L b",14.00000000,225.65816897,,,,,0.460000
"MOA-2010-BLG-117L b",14.20000000,170.00000000,,,,,0.580000
"OGLE-2006-BLG-109L b",14.00000000,231.00000000,1788.50000000000,82.00,,,0.510000
"OGLE-2012-BLG-0406L b",13.20000000,868.00000000,,,,,0.440000
"Kepler-1265 b",1.35000000,2.39000000,6.49441289000,732.00,4630.00,0.690000,0.710000
"HD 332231 b",9.07303305,74.10000000,18.71202400000,798.30,6128.00,1.266000,1.164200
"HD 233604 b",12.70000000,2089.64400000,192.00000000000,882.50,4791.00,10.900000,1.500000
"Kepler-1591 b",1.27000000,2.15000000,8.18504949000,892.00,6082.00,1.160000,1.100000
"HD 22532 b",13.40000000,673.79622284,872.60000000000,420.41,5038.00,5.690000,1.570000
"KMT-2021-BLG-0322L b",12.70000000,2034.10180480,,,,,0.620000
"MOA-2016-BLG-526L b",3.97000000,14.93793513,,,,,0.370000
"TOI-6695 c",13.60000000,460.85119015,242.40000000000,415.00,6400.00,1.517000,1.338000
"Kepler-249 b",1.09000000,1.32000000,3.30653900000,554.00,3568.00,0.482000,0.510238
"OGLE-2018-BLG-1185L b",2.83000000,8.40000000,,,,,0.370000
"WISEP J121756.91+162640.2 A b",10.46800000,6992.00000000,,450.00,575.00,0.091000,0.029000
"KMT-2024-BLG-0176L b",14.00000000,241.54958932,,,,,0.103000
"KMT-2021-BLG-1150L b",13.90000000,279.68899816,,,,,0.730000
"KMT-2017-BLG-1146L b",14.00000000,230.00000000,,,,,0.330000
"MOA-2007-BLG-400L b",13.50000000,540.30829190,,34.00,,,0.690000
"UZ For b",,2002.20000000,5840.00000000000,,5286.90,,0.700000
"TWA 7 b",12.70000000,108.06165838,,316.00,3509.00,0.917173,0.460000
"Kepler-1222 b",0.79000000,0.41800000,1.91694425400,1246.00,5239.00,0.800000,0.840000
"Kepler-463 b",3.05000000,9.53000000,8.98101683300,880.00,5661.00,0.900000,0.870000
"TOI-2337 b",10.08808263,508.52545120,2.99432000000,1272.46,4780.00,3.220000,1.325000
"MOA-2010-BLG-477L b",13.60000000,480.00000000,,,5950.00,,0.670000
"OGLE-2017-BLG-1522L b",14.00000000,240.00000000,,,,,0.045000
"Kepler-566 b",2.15000000,5.27000000,18.42794624000,526.00,5132.00,0.790000,0.830000
"Kepler-1224 b",1.33000000,2.33000000,13.32351601000,872.00,6155.00,1.220000,1.180000
"WASP-149 b",15.24421375,314.96795134,1.33281300000,1855.00,5750.00,1.080000,1.050000
"KMT-2019-BLG-1042L b",9.05000000,60.38739733,,,,,0.300000
"KMT-2019-BLG-0298L b",13.40000000,575.26941667,,,,,0.700000
"WASP-60 b",9.86392000,174.80650000,4.30500000000,1479.00,5900.00,1.170000,1.190000
"KMT-2019-BLG-0371L b",12.60000000,2447.27873390,,,,,0.090000
"OGLE-2017-BLG-1237L b",13.00000000,1207.74794660,,,,,0.460000
"OGLE-2017-BLG-0640L b",13.50000000,514.88201934,,,,,0.320000
"MXB 1658-298 b",12.00000000,7532.57100000,760.00000000000,,,,1.980000
"KMT-2018-BLG-0029L b",2.67000000,7.59000000,,,,,1.140000
"Kepler-619 c",1.69000000,3.50000000,1.20846502600,1767.00,5980.00,1.110000,1.090000
"Kepler-186 b",1.07000000,1.24000000,3.88679070000,571.00,3788.00,0.472000,0.478000
"K2-183 d",2.30000000,5.90000000,22.62034400000,615.00,5482.00,0.870000,0.942219
"Kepler-1677 b",2.70216183,7.76000000,22.06400000000,712.00,6013.72,1.249590,1.110000
"KMT-2018-BLG-0087L b",10.10000000,73.10053361,,,,,0.100000
"KOI-55 c",0.86700000,0.65500000,0.34288700000,6910.74,27730.00,0.203000,0.496000
"KMT-2024-BLG-1044L b",2.70000000,7.75000000,,,,,0.069000
"KMT-2019-BLG-0297L b",12.10000000,6038.73973300,,,,,0.210000
"OGLE-2012-BLG-0724L b",14.30000000,150.00000000,,,,,0.290000
"Kepler-1620 b",1.61000000,3.22000000,101.95182900000,428.00,6157.00,1.230000,1.150000
"KMT-2019-BLG-0578L b",13.70000000,381.39408840,,,,,0.280000
"Kepler-85 e",1.27000000,0.60000000,25.21675100000,559.00,5436.00,0.893000,0.947000
"TOI-2128 b",2.08874836,4.50000000,16.34136000000,780.53,5968.00,1.117400,1.025100
"Kepler-1693 c",0.97698289,0.89400000,5.36370992700,1059.00,5553.00,1.098000,0.941000
"TOI-5174 b",5.35100000,24.80000000,12.21428600000,808.37,5643.77,1.094570,1.000000
"WASP-172 b",17.59813000,149.38010000,5.47743300000,1740.00,6900.00,1.910000,1.490000
"Kepler-403 b",1.25000000,2.10000000,7.03146200000,1194.00,6090.00,1.329000,1.299000
"KMT-2022-BLG-2286L b",12.10000000,6038.73973300,,,,,0.200000
"Kepler-1493 b",1.41000000,2.57000000,15.02179830000,874.00,5863.00,1.290000,1.060000
"OGLE-2019-BLG-0249L b",12.70000000,2262.93825784,,,,,0.910000
"Kepler-137 c",1.88000000,4.19000000,18.73575300000,568.00,5187.00,0.802000,0.850000
"OGLE-2018-BLG-1011L c",13.20000000,890.00000000,,,,,0.180000
"OGLE-2018-BLG-0677L b",1.82000000,3.96000000,,,,,0.120000
"OGLE-2019-BLG-0679L b",13.10000000,1061.54687938,,,,,0.660000
"MOA-bin-1L b",13.00000000,1200.00000000,,,,,0.750000
"Kepler-365 b",2.04000000,4.82000000,10.66490300000,865.00,6012.00,1.048000,1.020000
"KMT-2020-BLG-0414L c",11.90000000,8581.36698900,,,,,0.490000
"HD 11977 b",12.70000000,2080.00000000,711.00000000000,547.97,4970.00,10.090000,1.910000
"Kepler-1038 b",3.53000000,12.20000000,148.46033820000,285.00,5335.00,0.830000,0.870000
"Kepler-250 c",2.28000000,5.82000000,7.15680400000,782.00,5160.00,0.805000,0.806000
"eps CrB b",12.70000000,2129.46100000,417.90000000000,853.92,4406.00,21.000000,1.700000
"TOI-521 b",1.98000000,5.30000000,1.54285047000,794.00,3544.00,0.421000,0.420000
"OGLE-2015-BLG-0954L b",13.10000000,1100.00000000,,,,,0.300000
"Kepler-247 b",1.64000000,3.33000000,3.33616000000,970.00,5100.00,0.768000,0.887000
"KOI-884 e",13.30000000,769.14474494,59.94700000000,,5094.00,0.791000,0.884000
"Kepler-247 c",4.09000000,15.70000000,9.43945200000,686.00,5100.00,0.768000,0.887000
"Kepler-247 d",4.50000000,50.00000000,20.47370000000,530.00,5094.00,0.791000,0.884000
"KMT-2019-BLG-0953L b",4.06000000,15.50000000,,,,,0.280000
"OGLE-2017-BLG-1691L b",3.92000000,14.62010672,,,,,0.450000
"alf Ari b",13.40000000,572.07000000,380.80000000000,747.22,4553.00,13.900000,1.500000
"TOI-2180 b",11.32107051,875.61726129,260.79000000000,348.00,5695.00,1.636000,1.111000
"KMT-2024-BLG-0404L c",4.33000000,17.30000000,,,,,0.090000
"OGLE-2018-BLG-1428L b",14.00000000,240.00000000,,,,,0.430000
"KMT-2021-BLG-1689L b",7.71000000,46.00000000,,,4570.00,,0.580000
"MOA-2010-BLG-073L b",12.40000000,3500.00000000,,,,,0.160000
"KMT-2017-BLG-2197L b",12.50000000,2809.60311788,,,,,0.360000
"KMT-2018-BLG-1988L b",2.22000000,5.56000000,,,,,0.470000
"Kepler-302 b",4.06000000,15.50000000,30.18410400000,634.00,5740.00,1.220000,1.021000
"GJ 3779 b",2.75000000,8.00000000,3.02320000000,526.94,3324.00,0.281000,0.270000
"Kepler-985 b",2.98000000,9.17000000,116.33190100000,323.00,5434.00,0.850000,0.910000
"Kepler-248 b",3.02000000,9.38000000,6.30820500000,819.00,5190.00,0.831000,0.838000
"Kepler-836 b",2.73000000,7.90000000,11.36112327000,869.00,5895.00,1.040000,1.030000
"TOI-1224 c",2.88400000,8.67000000,17.94546600000,303.12,3326.00,0.404000,0.400000
"Kepler-142 d",2.16000000,5.31000000,41.80911800000,582.00,5790.00,1.269000,0.978000
"OGLE-2019-BLG-0304L b",14.20000000,162.09248757,,,,,0.270000
"MOA-2022-BLG-563L b",14.00000000,127.13136280,,,,,0.480000
"KMT-2021-BLG-2010L b",13.80000000,340.07639549,,,,,0.370000
"KMT-2024-BLG-1005L b",12.10000000,6674.39654700,,,,,0.055000
"KMT-2021-BLG-1077L c",10.60000000,79.45710175,,,,,0.140000
"Kepler-1676 b",3.37695960,11.30000000,29.92210000000,782.00,5878.30,1.060660,1.070000
"K2-65 b",1.58000000,3.12000000,12.64750000000,723.51,5213.00,0.840000,0.870000
"OGLE-2018-BLG-0799L b",10.90000000,82.63538582,,,,,0.093000
"KMT-2023-BLG-0466L b",13.10000000,1032.94232275,,,,,0.440000
"BD+63 1405 b",12.40000000,3305.41543280,1198.48000000000,150.69,5000.00,0.804724,0.816000
"WASP-73 b",15.91678000,908.99380000,4.08722000000,1790.00,6030.00,2.550000,2.520000
"Kepler-733 b",2.82000000,8.35000000,20.83424726000,595.00,5418.00,0.860000,0.900000
"Kepler-124 d",1.11000000,1.41000000,30.95085100000,428.00,4984.00,0.636000,0.706000
"Kepler-244 c",2.05000000,4.86000000,9.76729200000,791.00,5554.00,0.803000,0.933000
"Kepler-2001 c",1.82000000,3.97000000,14.09258318900,597.00,5081.00,0.770000,0.864000
"KMT-2021-BLG-0852L b",14.20000000,155.73591943,,,,,0.750000
"Kepler-32 b",2.20000000,1303.00000000,5.90124000000,514.00,3900.00,0.530000,0.580000
"TOI-5108 b",6.60000000,32.00000000,6.75358100000,1180.00,5808.00,1.290000,1.100000
"KMT-2016-BLG-2605L b",14.00000000,245.04570180,,,,,0.064000
"OGLE-2018-BLG-0977L b",2.41000000,6.40000000,,,,,0.470000
"OGLE-2007-BLG-368L b",4.72000000,20.00000000,,,,,0.640000
"MOA-2011-BLG-262L b",4.29000000,17.00000000,,,,,0.110000
"Kepler-132 c",1.28000000,2.18000000,6.41491400000,1069.00,6003.00,1.178000,0.929000
"KMT-2025-BLG-0481L b",14.10000000,187.51876013,,,,,0.220000
"KMT-2019-BLG-1339L b",13.70000000,397.00000000,,,,,0.480000
"OGLE-2017-BLG-1140L b",13.50000000,505.00000000,,,,,0.211000
"KMT-2022-BLG-1790L b",13.50000000,549.84314411,,,,,0.580000
"KMT-2018-BLG-1996L b",13.70000000,346.43296363,,,,,0.690000
"Kepler-47 b",3.05000000,2.07000000,49.46430000000,490.20,5636.00,0.936000,0.957000
"HD 190007 b",4.06000000,15.50000000,11.72412800000,651.41,4610.00,0.790000,0.770000
"Kepler-1219 b",2.12000000,5.14000000,16.10467749000,1159.00,5944.00,1.940000,1.250000
"Kepler-1808 b",3.02511302,9.40000000,23.34040070000,601.00,5530.00,0.892000,0.773000
"Kepler-824 b",1.87000000,4.16000000,4.51436633000,1231.00,6035.00,1.220000,1.150000
"HD 95089 b",13.70000000,400.46580000,464.40000000000,458.34,4918.00,5.080000,1.540000
"Kepler-610 c",3.30000000,10.90000000,151.86392000000,318.00,5943.00,1.130000,1.100000
"Kepler-410 A b",2.83800000,8.44000000,17.83364800000,866.00,6273.00,1.352000,1.214000
"DMPP-6 b",2.28000000,5.80000000,7.60270000000,1203.65,6182.09,1.270000,1.079000
"Gaia22dkvL b",14.10000000,187.83658854,,,,,1.145000
"MOA-2022-BLG-249L b",2.04000000,4.83000000,,,,,0.180000
"Kepler-1063 b",1.49000000,2.83000000,14.07971466000,931.00,5945.00,1.140000,1.090000
"KMT-2021-BLG-1303L b",13.60000000,120.77479466,,,,,0.570000
"OGLE-2018-BLG-0596L b",3.81000000,13.93000000,,,,,0.231000
"KMT-2023-BLG-0830L b",4.41000000,17.79839079,,,,,0.220000
"KMT-2023-BLG-0735L b",6.97000000,38.77506565,,,,,0.610000
"KMT-2021-BLG-0320L b",6.20000000,31.78284070,,,,,0.320000
"OGLE-2023-BLG-0766L b",13.70000000,349.61124770,,,,,0.390000
"Kepler-1628 b",6.43000000,33.80000000,76.37803300000,240.00,3724.00,0.520000,0.550000
"OGLE2-TR-L9 b",18.04600000,1430.17500000,2.48553350000,2034.00,6933.00,1.530000,1.520000
"TOI-5736 b",1.56000000,3.05000000,0.64899000000,1311.00,3949.00,0.580000,0.570000
"Kepler-1577 b",1.13000000,1.51000000,6.30560247000,1125.00,4862.00,0.740000,0.780000
"K2-13 b",1.89000000,4.23000000,39.91488000000,511.00,5698.00,0.780000,0.800000
"Kepler-416 b",2.48000000,58.20000000,6.31900000000,986.00,5718.00,1.075000,1.000000
"TOI-1533 b",2.89000000,28.10000000,3.64579740000,1011.00,5146.00,0.849000,0.880000
"Kepler-675 b",2.44000000,6.53000000,2.33743801000,1070.00,4945.00,0.750000,0.790000
"Kepler-1489 c",0.51000000,0.08700000,0.68074100000,,5565.53,0.957000,0.977000
"K2-190 c",1.09308317,1.34000000,21.57402300000,,5631.00,0.912206,0.904597
"Kepler-276 c",2.90000000,16.60000000,31.88400000000,563.00,5693.00,1.030000,1.100000
"HD 148164 b",13.70000000,390.93090000,328.55000000000,337.89,6032.00,1.340000,1.210000
"Kepler-1996 b",2.26000000,5.73000000,32.37618300000,392.00,4580.00,0.675000,0.748000
"HIP 107772 b",3.64000000,12.90000000,55.19900000000,280.92,4006.00,0.513922,0.630000
"Kepler-446 c",1.11000000,1.41000000,3.03617900000,520.00,3359.00,0.240000,0.220000
"KIC 3526061 b",12.10000000,5768.58558705,3552.00000000000,248.63,4829.00,5.860000,1.420000
"HD 11964 c",5.38000000,25.00000000,37.91000000000,757.54,5303.00,2.009710,0.910000
"Kepler-1482 b",1.01000000,1.01000000,12.25383217000,678.00,5381.00,0.840000,0.880000
"TOI-5515 b",2.65362762,7.53000000,8.59225810839,778.10,5483.65,0.835682,0.963000
"TOI-2184 b",11.39953337,206.58846455,6.90683000000,1676.05,5966.00,2.900000,1.530000
"HD 102329 c",13.50000000,483.10160000,1123.00000000000,,4830.00,6.300000,1.300000
"HD 39194 b",1.99000000,4.62000000,5.63692000000,915.16,5205.00,0.783742,0.860000
"HD 199509 b",7.43000000,43.22466335,99.62167000000,410.73,5796.02,0.920000,1.040000
"Kepler-325 d",2.79000000,8.20000000,38.71518500000,498.00,5752.00,1.003000,0.914000
"Kepler-1940 b",1.54732469,3.01000000,4.95061016100,885.00,5431.00,0.717000,0.802000
"TOI-2545 b",2.75000000,8.00000000,7.99403700000,1022.99,5846.29,1.253240,1.055000
"Kepler-1612 b",1.03000000,1.08000000,3.91795101000,1030.00,5643.00,0.940000,0.960000
"HD 136352 c",2.91600000,11.24000000,27.59221000000,677.00,5664.00,1.058000,0.870000
"EPIC 201615463 c",1.22000000,1.98000000,3.80464000000,,5960.00,1.610000,1.073000
"Kepler-225 b",1.20000000,1.87000000,6.73897500000,579.00,3682.00,0.480000,0.593000
"HD 20868 b",13.70000000,397.28750000,380.85001000000,207.11,4802.00,0.760000,0.390000
"Kepler-1930 b",1.52955541,2.95000000,13.02680016000,643.00,5083.00,0.844000,0.844000
"Kepler-1439 b",1.46000000,2.73000000,8.07392849000,420.00,3578.00,0.430000,0.460000
"HD 155193 b",14.00000000,238.37130525,352.65000000000,391.86,6239.00,1.764390,1.221000
"TOI-1266 c",1.98000000,3.17000000,18.80270000000,346.00,3563.00,0.423200,0.437000
"Kepler-1536 b",3.14000000,10.00000000,364.75803100000,166.00,4434.00,0.670000,0.710000
"HD 134987 b",13.50000000,511.70630000,258.17999000000,339.45,5736.00,1.220000,1.100000
"Kepler-961 b",2.55000000,7.04000000,16.87727414000,642.00,5582.00,0.900000,0.960000
"TOI-262 b",2.07000000,4.94000000,11.14529000000,584.00,5310.00,0.853000,0.913000
"Kepler-539 b",8.37312300,308.29510000,125.63243000000,387.60,5820.00,0.952000,1.048000
"Kepler-319 c",2.63000000,7.41000000,6.94135700000,876.00,5526.00,0.903000,0.933000
"HD 179079 b",,4195.33497240,14.47900000000,997.61,5646.00,1.630000,1.140000
"Kepler-1099 b",2.83000000,8.40000000,2.16845259300,1558.00,5837.00,1.000000,1.010000
"Kepler-244 d",2.31000000,15.20000000,20.05040100000,622.00,5554.00,0.803000,0.933000
"NY Vir c",12.80000000,1760.77820000,8799.00000000000,,32780.00,0.151000,0.459000
"Kepler-377 b",1.39000000,2.51000000,12.50952900000,875.00,5949.00,1.224000,1.043000
"Kepler-879 b",2.57000000,7.13000000,33.38559380000,580.00,5792.00,1.020000,1.020000
"Kepler-705 b",2.11000000,5.10000000,56.05605380000,265.00,3722.00,0.510000,0.530000
"Kepler-163 c",2.26000000,5.73000000,21.34726200000,648.00,5776.00,0.917000,0.882000
"TOI-778 b",15.40000000,878.00000000,4.63361100000,1561.00,6643.00,1.710000,1.400000
"Kepler-1355 b",1.46000000,2.73000000,1.28958811200,1448.00,5352.00,0.830000,0.880000
"Kepler-411 d",3.31900000,15.20000000,58.02035000000,410.00,4974.00,0.820000,0.870000
"Kepler-1542 e",0.76000000,0.36300000,5.10115756000,1065.00,5564.00,0.990000,0.940000
"Kepler-1579 b",0.84000000,0.52000000,0.84990788900,1139.00,4584.00,0.700000,0.750000
"K2-264 c",2.66800000,7.60000000,19.66030200000,331.00,3660.00,0.473000,0.496000
"Kepler-1073 d",1.48770949,2.82000000,2.50476002700,1369.00,5509.00,1.116000,0.924000
"Kepler-510 b",2.47000000,6.66000000,19.55659418000,797.00,5746.00,1.410000,0.910000
"HD 164509 b",14.30000000,140.79869000,280.17000000000,319.12,5859.00,1.110000,1.120000
"TIC 34085383 b",3.91982296,14.60000000,3.47793368523,,4694.84,0.809951,0.733000
"TYC 3667-1280-1 b",12.80000000,1716.28200000,26.46800000000,1350.00,5130.00,6.260000,1.870000
"HATS-59 c",12.30000000,4036.44100000,1422.00000000000,175.90,5670.00,1.036000,1.038000
"Kepler-1605 b",1.08000000,1.28000000,85.75654950000,528.00,5280.00,0.820000,0.860000
"Ross 458 c",14.01125000,1906.98000000,,4.32,3965.42,0.562566,0.556419
"SR 12 AB c",12.30000000,4131.62000000,,,3828.93,1.103075,
"HD 187123 b",14.20000000,166.21800000,3.09658280000,1450.90,5790.00,1.150430,1.040000
"OGLE-TR-132 b",13.45000000,375.02000000,1.68986800000,2013.00,6210.00,1.320000,1.305000
"OGLE-TR-56 b",15.27800000,441.77000000,1.21191890000,2212.00,6050.00,1.363000,1.228000
"WASP-156 b",6.15000000,42.00000000,3.83616290000,934.50,5036.00,0.826800,0.871200
"HD 22781 b",12.30000000,4338.20000000,528.07000000000,193.48,5027.00,0.743475,0.750000
"Kepler-16 b",8.44930000,105.83300000,228.77600000000,205.90,4450.00,0.648900,0.689700
"Kepler-27 c",4.90000000,4385.87000000,31.33090000000,481.00,5400.00,0.590000,0.650000
"WASP-23 b",10.78300000,280.95000000,2.94442560000,1076.55,5150.00,0.765000,0.780000
"Kepler-27 b",4.00000000,2895.31000000,15.33480000000,610.00,5400.00,0.590000,0.650000
"HD 114783 b",13.70000000,349.60000000,493.70000000000,210.79,5135.00,0.840622,0.853000
"HD 19994 b",13.60000000,435.41000000,466.20000000000,350.10,6188.00,1.796470,1.365000
"47 UMa b",13.20000000,804.08000000,1078.00000000000,215.23,5872.00,1.213340,1.060000
"Kepler-18 c",5.49000000,17.30000000,7.64159000000,899.00,5345.00,1.108000,0.972000
"Kepler-18 b",2.00000000,6.90000000,3.50472500000,1165.00,5345.00,1.108000,0.972000
"Kepler-31 c",5.30000000,1493.70000000,42.63180000000,615.00,6340.00,1.220000,1.210000
"Kepler-32 e",1.50000000,4.08181000,2.89600000000,652.00,3900.00,0.530000,0.580000
"61 Vir b",2.11000000,5.10000000,4.21500000000,1177.85,5577.00,0.963000,0.942000
"61 Vir c",4.46000000,18.20000000,38.02100000000,565.87,5577.00,0.963000,0.942000
"47 UMa d",13.50000000,521.22000000,14002.00000000000,91.58,5872.00,1.213340,1.060000
"47 UMa c",14.20000000,171.62100000,2391.00000000000,164.38,5872.00,1.213340,1.060000
"BD-08 2823 c",12.50000000,104.00000000,237.60000000000,233.85,4746.00,0.710000,0.740000
"CoRoT-23 b",11.77000000,889.90000000,3.63130000000,1660.00,5900.00,1.610000,1.140000
"Kepler-18 d",6.98000000,16.40000000,14.85888000000,720.00,5345.00,1.108000,0.972000
"HATS-1 b",14.59400000,589.55000000,3.44645900000,1359.00,5870.00,1.038000,0.986000
"HD 47186 c",13.00000000,111.42000000,1353.60000000000,183.18,5657.00,1.080000,0.960000
"HD 196885 A b",13.20000000,819.97000000,1333.00000000000,224.21,6254.00,1.310000,1.280000
"CoRoT-6 b",13.06800000,940.74000000,8.88659300000,1017.00,6090.00,1.025000,1.050000
"HR 8799 b",13.00000000,2000.00000000,170000.00000000000,1200.00,7204.58,1.493380,1.500000
"HAT-P-37 b",13.20400000,371.52800000,2.79743600000,1271.00,5500.00,0.877000,0.929000
"Kepler-42 b",0.78000000,0.70594400,1.21376720000,519.00,3068.00,0.170000,0.130000
"Kepler-32 d",2.70000000,39.90890000,22.78020000000,328.00,3900.00,0.530000,0.580000
"Kepler-32 f",0.82000000,1862.11000000,0.74296000000,1026.00,3900.00,0.530000,0.580000
"BD+20 2457 b",12.10000000,6807.63000000,379.63000000000,1159.67,4137.00,49.000000,2.800000
"HR 8799 d",13.00000000,3000.00000000,37000.00000000000,1300.00,7204.58,1.493380,1.500000
"GJ 179 b",13.80000000,301.93698665,2288.00000000000,64.53,3370.00,0.380000,0.357000
"SWEEPS-4 b",9.07900000,1207.70000000,4.20000000000,,,1.180000,1.240000
"Kepler-42 c",0.73000000,60.33700000,0.45328509000,720.00,3068.00,0.170000,0.130000
"Kepler-33 c",3.20000000,0.39000000,13.17562000000,1009.00,5904.00,1.820000,1.291000
"Kepler-35 b",8.16000000,40.36300000,131.45800000000,352.89,5606.00,1.028400,0.887700
"CoRoT-16 b",13.11000000,170.03200000,5.35227000000,1195.53,5650.00,1.190000,1.098000
"HD 240210 b",12.80000000,1655.82000000,501.75000000000,970.67,4297.00,25.456816,0.820000
"BD+20 2457 c",12.40000000,3963.17000000,621.99000000000,984.96,4137.00,49.000000,2.800000
"HD 110014 b",12.40000000,3524.59000000,835.47700000000,669.84,4445.00,20.900000,2.170000
"HIP 5158 b",13.60000000,451.00000000,345.72000000000,219.65,4962.00,0.750000,0.780000
"Kepler-33 e",4.02000000,5.57000000,31.78440000000,752.00,5904.00,1.820000,1.291000
"Kepler-33 d",5.35000000,3.91000000,21.77596000000,853.00,5904.00,1.820000,1.291000
"BD+20 274 b",13.00000000,1334.88600000,578.20000000000,755.70,4296.00,17.300000,0.800000
"KELT-1 b",12.44200000,8654.15000000,1.21751400000,2361.00,6516.00,1.471000,1.335000
"CoRoT-5 b",15.55800000,148.42000000,4.03789620000,1438.00,6100.00,1.186000,1.000000
"HD 134987 c",13.90000000,260.00000000,5000.00000000000,125.03,5585.00,1.250000,1.100000
"HD 147018 b",13.40000000,674.00000000,44.23600000000,519.98,5441.00,0.937948,0.927000
"Kepler-33 f",4.46000000,9.60000000,41.02902000000,691.00,5904.00,1.820000,1.291000
"Kepler-31 b",5.50000000,36.74180000,20.86130000000,781.00,6340.00,1.220000,1.210000
"Kepler-34 b",8.56400000,69.92000000,288.82200000000,294.42,5913.00,1.161800,1.047900
"HD 45350 b",13.50000000,568.89000000,963.60000000000,217.81,5566.00,1.264420,0.980000
"HD 147018 c",12.70000000,2080.00000000,1008.00000000000,183.28,5441.00,0.937948,0.927000
"CFBDSIR J145829+101343 b",12.40000000,3337.10000000,10037.50000000000,370.00,580.50,,0.021000
"HD 220773 b",13.60000000,460.80000000,3724.70000000000,167.02,5940.00,1.679696,1.160000
"HD 147513 b",13.70000000,385.00000000,528.40000000000,244.43,5883.00,0.980000,1.110000
"HD 129445 b",13.30000000,797.74930157,1840.00000000000,173.36,5646.00,1.175816,0.990000
"WASP-5 b",12.18400000,502.15000000,1.62842790000,1706.00,5700.00,1.029000,0.960000
"OGLE-TR-111 b",11.42197100,174.79900000,4.01444630000,1019.00,5040.00,0.830000,0.820000
"HD 8535 b",14.00000000,216.12440000,1313.00000000000,206.21,6136.00,1.190000,1.130000
"MOA-2009-BLG-266L b",3.21000000,10.40000000,2800.00000000000,,,,0.560000
"GJ 667 C b",2.25000000,5.68000000,7.20300000000,,3350.00,,0.330000
"HIP 5158 c",12.20000000,4780.16320000,9017.76000000000,72.63,4813.00,0.754089,0.780000
"HAT-P-23 b",15.33400000,664.23700000,1.21288400000,2056.00,5905.00,1.203000,1.130000
"HAT-P-20 b",9.71800000,2302.89900000,2.87531700000,970.00,4595.00,0.694000,0.756000
"CoRoT-17 b",11.43000000,772.29000000,3.76810000000,1626.00,5740.00,1.590000,1.040000
"HD 132563 b",13.60000000,473.54700000,1544.00000000000,213.27,6289.00,1.295770,1.231000
"Kepler-45 b",10.76000000,160.49700000,2.45523900000,1000.00,3820.00,0.550000,0.590000
"HU Aqr AB b",12.80000000,1875.19700000,2390.00000000000,,5952.00,,0.880000
"Kepler-419 b",10.80000000,794.50000000,69.75460000000,613.00,6430.00,1.740000,1.390000
"GJ 3634 b",2.83000000,8.40000000,2.64561000000,656.45,3517.00,0.430000,0.450000
"Kepler-14 b",12.73300000,2669.66000000,6.79012300000,1605.00,6395.00,2.048000,1.512000
"CoRoT-18 b",14.68000000,1102.82000000,1.90006930000,1550.00,5440.00,1.000000,0.950000
"Kepler-15 b",10.76000000,209.76000000,4.94278200000,1251.00,5515.00,0.992000,1.018000
"KOI-55 b",0.75900000,0.44000000,0.24010400000,7777.78,27730.00,0.203000,0.496000
"PSR J1719-1438 b",,382.80000000,0.09070629300,,4500.00,,1.400000
"CoRoT-14 b",12.22000000,2415.40000000,1.51214000000,1952.00,6035.00,1.210000,1.130000
"HD 11964 b",14.10000000,198.00000000,1945.00000000000,203.93,5303.00,2.009710,0.910000
"HAT-P-4 b",14.28000000,213.25500000,3.05653600000,1686.00,5860.00,1.596000,1.248000
"OGLE-TR-10 b",14.01100000,197.04600000,3.10127800000,1702.00,5950.00,1.170000,1.140000
"OGLE-TR-113 b",12.25100000,400.44900000,1.43247520000,1342.00,4790.00,0.774000,0.779000
"HD 192310 b",4.27000000,16.90000000,74.72000000000,355.00,5166.00,0.857922,0.800000
"OGLE-2014-BLG-1760L b",13.80000000,295.89824692,,,,,0.803000
"OGLE-2013-BLG-0132L b",11.60000000,92.00000000,,,,,0.540000
"Kepler-277 b",2.92000000,87.30000000,17.32400000000,964.00,5946.00,1.690000,1.120000
"KMT-2017-BLG-1194L b",1.70000000,3.54000000,,,,,0.410000
"KMT-2017-BLG-2331L b",14.20000000,171.00000000,,,,,0.400000
"HD 41004 A b",13.20000000,807.25000000,963.00000000000,,5310.00,0.850000,0.950000
"OGLE-2019-BLG-0299L b",12.70000000,1976.89269154,,,,,0.590000
"Kepler-476 b",3.08000000,9.69000000,14.00640607000,807.00,5837.00,1.090000,1.030000
"KMT-2021-BLG-2294L b",5.02000000,22.24798849,,,,,0.140000
"KMT-2022-BLG-1013L b",12.10000000,98.52680617,,,,,0.180000
"HD 114082 b",11.20898070,2542.62725600,109.75000000000,547.70,6651.00,1.490000,1.470000
"WASP-155 b",13.45077684,276.82854250,3.11041300000,1468.00,5660.00,1.240000,1.090000
"KMT-2019-BLG-0414L b",12.90000000,1452.47581999,,,,,0.740000
"HD 62509 b",13.30000000,731.00000000,589.64000000000,549.60,4892.63,8.900000,2.000000
"Kepler-65 b",1.42000000,2.40000000,2.15491000000,1740.00,6211.00,1.410000,1.250000
"RR Cae b",13.00000000,1334.88600000,4343.50000000000,35.94,3904.00,0.193119,0.440000
"WASP-65 b",12.46400000,492.62000000,2.31142430000,1480.00,5600.00,1.010000,0.930000
"Kepler-30 c",12.30000000,640.00000000,60.32310500000,411.00,5498.00,0.950000,0.990000
"Kepler-38 b",4.30000000,122.00000000,105.59900000000,475.00,5623.00,1.752000,0.941000
"WASP-8 c",12.50000000,3003.37000000,4323.00000000000,116.99,5690.00,0.960000,1.040000
"ROXs 42 B b",12.50000000,2860.00000000,,1975.00,3433.00,1.336580,1.000000
"WASP-1 b",16.62300000,271.41500000,2.51994540000,1812.00,6110.00,1.470000,1.240000
"Kepler-50 c",2.17000000,8.20000000,9.37647000000,1125.00,6225.00,1.580000,1.240000
"BD+15 2940 b",13.70000000,352.78000000,137.48000000000,1207.75,4796.00,14.700000,1.100000
"Kepler-87 b",13.49000000,324.20000000,114.73635000000,478.00,5600.00,1.820000,1.100000
"WASP-75 b",14.23500000,340.06000000,2.48419300000,1710.00,6100.00,1.260000,1.140000
"Kepler-87 c",6.14000000,6.40000000,191.23180000000,403.00,5600.00,1.820000,1.100000
"HD 40307 b",,1188.99607059,4.31230000000,910.00,4956.00,0.716684,0.770000
"WTS-1 b",16.70000000,1274.44000000,3.35205700000,1500.00,6250.00,1.150000,1.200000
"HD 40307 c",,1868.51320475,9.61840000000,696.00,4956.00,0.716684,0.770000
"CoRoT-26 b",14.12000000,165.26000000,4.20474000000,1600.00,5590.00,1.790000,1.090000
"91 Aqr b",13.10000000,1017.00000000,181.40000000000,891.73,4665.00,11.000000,1.400000
"tau Gem b",12.10000000,6547.00000000,305.50000000000,1012.69,4388.00,26.800000,2.300000
"HAT-P-42 b",14.34800000,331.80100000,4.64187800000,1428.00,5743.00,1.530000,1.178000
"Kepler-56 c",9.80000000,181.00000000,21.40239000000,1087.00,4840.00,4.230000,1.320000
"HD 40307 d",,1775.38948150,20.43200000000,541.00,4956.00,0.716684,0.770000
"HD 40307 f",2.13000000,5.20000000,51.76000000000,398.00,4956.00,0.716684,0.770000
"Kepler-186 e",1.27000000,2.15000000,22.40770400000,319.00,3788.00,0.472000,0.478000
"Kepler-186 c",1.25000000,2.10000000,7.26730200000,464.00,3788.00,0.472000,0.478000
"GJ 163 c",2.50000000,6.80000000,25.63058000000,305.07,3500.00,0.409738,0.400000
"GJ 163 d",5.92000000,29.40000000,603.95116000000,106.43,3500.00,0.409738,0.400000
"Kepler-56 b",6.51000000,22.10000000,10.50160000000,1378.00,4840.00,4.230000,1.320000
"HD 208527 b",12.50000000,3146.40000000,875.50000000000,959.79,4035.00,51.100000,1.600000
"HD 40307 g",2.56000000,7.10000000,197.80000000000,255.00,4956.00,0.716684,0.770000
"Kepler-186 d",1.40000000,2.54000000,13.34299600000,379.00,3788.00,0.472000,0.478000
"GU Psc b",14.17900000,3591.30000000,,1050.00,4031.81,0.450458,0.325000
"HIP 63242 b",12.50000000,2917.56000000,124.60000000000,993.26,4830.00,10.275655,1.540000
"Kepler-11 b",1.80000000,1.90000000,10.30390000000,849.00,5663.00,1.065000,0.961000
"KOI-351 f",2.88000000,8.65000000,124.91440000000,407.00,6080.00,1.200000,1.200000
"CoRoT-1 b",16.70000000,327.35000000,1.50895570000,1898.00,5950.00,1.110000,0.950000
"HAT-P-45 b",15.98400000,283.49200000,3.12899200000,1652.00,6330.00,1.319000,1.259000
"HAT-P-44 b",13.92200000,111.87100000,4.30121900000,1108.00,5295.00,0.949000,0.942000
"Kepler-11 e",4.19000000,8.00000000,31.99960000000,582.00,5663.00,1.065000,0.961000
"HD 95086 b",12.90000000,1589.00000000,,1000.00,7595.00,1.486670,1.600000
"BD-06 1339 b",,1523.03372634,3.87280000000,834.97,4324.00,0.686355,0.700000
"HD 103774 b",13.30000000,116.00000000,5.88810000000,1487.08,6489.00,1.581047,1.335000
"HAT-P-44 c",13.00000000,1271.30000000,872.20000000000,187.92,5295.00,0.949000,0.942000
"HATS-5 b",10.22300000,75.32300000,4.76338700000,1025.00,5304.00,0.871000,0.936000
"Kepler-11 g",3.33000000,25.00000000,118.38070000000,376.00,5663.00,1.065000,0.961000
"KOI-351 e",2.66000000,7.56000000,91.93913000000,450.00,6080.00,1.200000,1.200000
"KOI-351 c",1.19000000,1.81000000,8.71937500000,987.00,6080.00,1.200000,1.200000
"HD 109271 b",4.31000000,17.16200000,7.85430000000,1128.86,5783.00,1.294595,1.047000
"HD 109271 c",5.27000000,24.15400000,30.93000000000,716.68,5783.00,1.294595,1.047000
"bet Cnc b",12.60000000,2479.00000000,605.20000000000,1039.74,4092.10,47.200000,1.700000
"mu Leo b",13.30000000,762.80000000,357.80000000000,704.49,4538.20,11.400000,1.500000
"Kepler-11 c",2.87000000,2.90000000,13.02410000000,786.00,5663.00,1.065000,0.961000
"OGLE-2012-BLG-0358L b",13.40000000,588.00000000,,,,,0.022000
"HD 166724 b",13.00000000,1207.74794660,5144.00000000000,94.83,5127.00,0.797485,0.810000
"WASP-64 b",14.24700000,403.94500000,1.57329180000,1689.00,5400.00,1.058000,1.004000
"Kepler-415 c",2.01000000,4.70000000,8.70800000000,543.00,4362.00,0.643000,0.670000
"Kepler-67 b",2.94000000,8.96000000,15.72590000000,602.00,5331.00,0.778000,0.865000
"GJ 667 C c",1.77000000,3.80000000,28.14000000000,,3350.00,,0.330000
"HAT-P-38 b",9.24700000,84.85700000,4.64038200000,1082.00,5330.00,0.923000,0.886000
"WASP-7 b",14.90797000,305.11680000,4.95464160000,1487.00,6400.00,1.432000,1.276000
"OGLE-2011-BLG-0251L b",14.20000000,170.00000000,,,,,0.260000
"PH1 b",6.18000000,169.00000000,138.31700000000,481.00,6407.00,1.734000,1.528000
"Kepler-414 c",3.01000000,29.90000000,7.17100000000,890.00,5536.00,0.946000,0.890000
"Kepler-122 f",1.75000000,36.00000000,56.26800000000,543.00,5917.00,0.949000,1.030000
"Kepler-1544 b",1.78000000,3.82000000,168.81117400000,269.00,4886.00,0.740000,0.810000
"GJ 667 C e",1.45000000,2.70000000,62.24000000000,,3350.00,,0.330000
"HD 207832 c",14.00000000,232.01590000,1155.70000000000,179.84,5710.00,0.901000,0.940000
"HAT-P-39 b",17.60900000,190.37200000,3.54387000000,1752.00,6430.00,1.625000,1.404000
"HD 150706 b",13.30000000,772.32302901,5894.00000000000,108.81,5961.00,0.960000,1.170000
"HIP 57274 d",14.20000000,167.40000000,431.70000000000,183.59,4640.00,0.680000,0.730000
"Kepler-415 b",1.21000000,119.90000000,4.17600000000,694.00,4362.00,0.643000,0.670000
"CoRoT-2 b",16.43200000,1102.82000000,1.74299350000,1521.00,5625.00,0.906000,0.960000
"Kepler-46 c",13.50000000,119.49900000,57.01100000000,455.00,5155.00,0.938000,0.902000
"Oph 11 b",12.30000000,4449.62000000,7300000.00000000000,2175.00,2375.00,0.232692,0.016000
"Kepler-338 e",1.56000000,8.50000000,9.34100000000,1143.00,5999.00,1.735000,1.140000
"Kepler-418 b",13.45000000,349.61124770,86.67856000000,434.00,5820.00,1.090000,0.980000
"DP Leo b",12.70000000,1995.88832000,10220.00000000000,24.39,13500.00,0.011500,0.690000
"Kepler-58 b",2.78000000,35.50000000,10.21849540000,920.00,5843.00,1.030000,0.950000
"Kepler-59 c",1.98000000,3.81000000,17.98012350000,752.00,6074.00,0.940000,1.040000
"Kepler-130 c",2.90000000,8.75000000,27.50868000000,683.00,5879.00,1.170000,1.000000
"CoRoT-27 b",11.28700000,3302.11000000,3.57532000000,1500.00,5900.00,1.080000,1.050000
"HIP 105854 b",12.60000000,2606.10000000,184.20000000000,822.14,4780.00,10.305119,2.100000
"Kapteyn c",2.54000000,7.00000000,121.54000000000,165.59,3550.00,0.291000,0.281000
"2MASS J01225093-2439505 b",11.20900000,7786.50000000,,1600.00,3530.00,0.366450,0.400000
"Kepler-63 b",6.11000000,120.00000000,9.43415050000,791.00,5576.00,0.901000,0.984000
"Kepler-53 c",3.17000000,36.00000000,38.55830380000,550.00,5858.00,0.890000,0.980000
"Kepler-54 c",1.23000000,0.70000000,12.07172490000,395.00,3705.00,0.500000,0.510000
"Kepler-83 c",2.36000000,2.03000000,20.09000000000,362.00,4082.00,0.610000,0.660000
"Kepler-81 b",2.42000000,17.20000000,5.95500000000,635.00,4385.00,0.590000,0.640000
"Kepler-55 c",2.21000000,69.80000000,42.15164180000,349.00,4362.00,0.580000,0.620000
"Kepler-59 b",1.10000000,4.10000000,11.86817070000,864.00,6074.00,0.940000,1.040000
"HD 82943 b",13.50000000,534.25000000,441.47000000000,286.13,5935.00,1.182600,1.080000
"HD 154857 c",13.20000000,819.97000000,3452.00000000000,154.88,5605.00,1.760000,1.718000
"Kepler-62 d",1.95000000,14.00000000,18.16406000000,510.00,4925.00,0.640000,0.690000
"Kepler-62 b",1.31000000,9.00000000,5.71493200000,750.00,4925.00,0.640000,0.690000
"Kepler-83 b",2.83000000,2.94000000,9.77000000000,460.00,4082.00,0.610000,0.660000
"POTS-1 b",10.54800000,734.16000000,3.16062960000,841.95,4400.00,0.588000,0.695000
"Kepler-54 b",2.10000000,0.98000000,8.01094340000,453.00,3705.00,0.500000,0.510000
"Kepler-55 b",2.43000000,43.00000000,27.94814490000,400.00,4362.00,0.580000,0.620000
"HD 82943 c",13.40000000,622.60300000,220.07800000000,360.95,5935.00,1.182600,1.080000
"Kepler-413 b",4.34700000,67.00000000,66.26200000000,334.96,4700.00,0.776100,0.820000
"Kepler-61 b",2.15000000,5.27000000,59.87756000000,273.00,4017.00,0.620000,0.635000
"HAT-P-27 b",11.43000000,197.05000000,3.03957700000,1091.99,5316.00,0.864673,0.916000
"Qatar-4 b",12.72221500,1938.76300000,1.80535640000,1385.00,5215.00,0.849000,0.896000
"WTS-2 b",15.27786700,355.96960000,1.01870680000,2000.00,5000.00,0.752000,0.820000
"HD 4203 c",13.30000000,689.66000000,6700.00000000000,124.96,5582.00,1.497950,0.990000
"Kepler-193 c",2.75000000,8.00000000,50.69749400000,595.00,6335.00,1.147000,1.051000
"Kepler-207 b",1.57000000,3.09000000,1.61186500000,1930.00,5920.00,1.588000,1.313000
"Kepler-313 b",2.53000000,6.94000000,14.97041800000,883.00,5727.00,1.536000,1.114000
"Kepler-120 c",1.53000000,2.96000000,12.79458500000,455.00,4096.00,0.534000,0.654000
"Kepler-238 e",5.60000000,169.70000000,23.65400000000,731.00,5800.00,0.960000,1.060000
"Kepler-328 b",2.30000000,28.50000000,34.92100000000,602.00,6064.00,1.060000,1.150000
"Kepler-280 b",1.45000000,2.70000000,2.13954200000,1425.00,5744.00,0.886000,0.962000
"Kepler-275 c",3.38000000,11.40000000,16.08813400000,875.00,6165.00,1.383000,1.189000
"Kepler-214 b",2.61000000,7.32000000,15.66054400000,758.00,6169.00,1.352000,1.110000
"Kepler-219 c",3.58000000,12.50000000,22.71461300000,766.00,5786.00,1.491000,1.164000
"Kepler-331 b",1.82000000,3.97000000,8.45749600000,540.00,4347.00,0.492000,0.653000
"Kepler-340 c",3.37000000,11.30000000,22.82466900000,946.00,6620.00,1.850000,1.650000
"TOI-4438 b",2.40000000,4.11000000,7.44629500000,446.00,3501.00,0.365000,0.345000
"Kepler-293 b",3.07000000,9.64000000,19.25419600000,657.00,5804.00,0.957000,0.934000
"Kepler-291 b",2.16000000,5.31000000,3.54651100000,1212.00,6002.00,1.016000,1.023000
"Kepler-224 d",2.30000000,5.90000000,11.34939300000,610.00,5018.00,0.676000,0.777000
"Kepler-124 c",1.75000000,3.71000000,13.82137500000,560.00,4984.00,0.636000,0.706000
"Kepler-338 b",2.44000000,30.60000000,13.72697600000,1005.00,5923.00,1.735000,1.105000
"Kepler-111 b",1.58000000,3.12000000,3.34181500000,1356.00,5952.00,1.157000,1.171000
"Kepler-148 c",3.60000000,12.60000000,4.18004300000,957.00,5272.00,0.851000,0.860000
"Kepler-179 b",1.64000000,3.33000000,2.73592600000,1075.00,5302.00,0.759000,0.893000
"Kepler-290 c",2.70000000,7.75000000,36.77031000000,437.00,5147.00,0.743000,0.756000
"Kepler-302 c",12.45000000,,127.28218400000,392.00,5740.00,1.220000,1.021000
"Kepler-226 b",1.55000000,24.00000000,3.94099700000,1018.00,5571.00,0.802000,0.904000
"Kepler-333 b",1.32000000,28.20000000,12.55115800000,480.00,4259.00,0.534000,0.601000
"Kepler-343 b",2.41000000,6.39000000,8.96855000000,1024.00,5807.00,1.433000,1.055000
"Kepler-197 d",1.22000000,1.98000000,15.67756300000,810.00,6004.00,1.120000,0.857000
"TOI-762 A b",8.33948164,79.77493016,3.47168260000,555.40,3266.00,0.425000,0.442000
"Kepler-125 b",2.37000000,6.21000000,4.16438900000,590.00,3810.00,0.512000,0.542101
"Kepler-306 c",2.35000000,6.12000000,7.24019300000,716.00,4954.00,0.719000,0.750000
"Kepler-53 d",2.12000000,166.50300000,9.75196200000,870.00,6085.00,0.958000,0.966000
"Kepler-238 d",3.07000000,23.10000000,13.23354900000,888.00,5751.00,1.430000,1.229000
"Kepler-127 d",2.64000000,7.46000000,48.63040800000,590.00,6106.00,1.359000,1.248000
"Kepler-222 c",4.64000000,19.40000000,10.08881000000,734.00,5433.00,0.869000,0.933000
"Kepler-257 d",4.95000000,21.70000000,24.66455100000,567.00,5180.00,1.037000,0.916000
"Kepler-308 b",2.12000000,5.14000000,9.69492800000,833.00,5895.00,0.941000,0.920000
"Kepler-310 c",3.38000000,11.40000000,56.47542000000,417.00,5797.00,0.876000,0.854000
"Kepler-242 c",2.00000000,4.66000000,14.49648100000,613.00,5020.00,0.850000,0.748000
"Kepler-241 c",2.57000000,7.13000000,36.06597800000,397.00,4699.00,0.668000,0.671000
"Kepler-351 c",3.19000000,11.10000000,57.24809000000,431.00,5643.00,0.854000,0.810000
"Kepler-341 c",1.70000000,3.53000000,8.01041000000,940.00,6012.00,1.024000,0.976000
"Kepler-166 c",2.38000000,6.26000000,34.26028100000,468.00,5413.00,0.742000,0.811000
"Kepler-108 c",8.18000000,50.90000000,190.32349400000,426.00,5854.00,2.192000,1.247000
"Kepler-311 b",1.70000000,3.53000000,9.17609200000,960.00,5905.00,1.188000,0.994000
"Kepler-276 b",2.87000000,731.20900000,14.12841000000,739.00,6105.00,1.046000,0.845000
"Kepler-254 c",2.15000000,3.20000000,12.41218300000,787.00,5957.00,0.910000,0.849000
"Kepler-268 c",3.38000000,11.40000000,83.44639300000,471.00,6081.00,1.274000,1.109000
"Kepler-321 c",2.32000000,5.99000000,13.09392100000,752.00,5740.00,1.194000,1.024000
"Kepler-349 b",1.90000000,94.50000000,5.92977800000,972.00,5956.00,0.927000,1.083000
"Kepler-108 b",8.65000000,56.00000000,49.18392100000,669.00,5854.00,2.192000,1.247000
"Kepler-264 b",3.33000000,11.10000000,40.80623100000,772.00,6158.00,1.550000,1.426000
"Kepler-279 b",3.62000000,4180.93000000,12.30968100000,1104.00,6363.00,1.746000,1.200000
"Kepler-286 c",1.37000000,2.45000000,3.46809500000,1098.00,5580.00,0.863000,0.830000
"Kepler-171 c",2.56000000,7.08000000,11.46346200000,752.00,5642.00,0.839000,0.978000
"Kepler-238 b",1.73000000,3305.02000000,2.09087600000,1642.00,5751.00,1.430000,1.229000
"Kepler-329 c",1.93000000,4.38000000,18.68473700000,402.00,4257.00,0.523000,0.602000
"Kepler-345 c",1.20000000,2.20000000,9.38742700000,575.00,4504.00,0.623000,0.610000
"Kepler-263 b",2.67000000,7.61000000,16.56808700000,548.00,5265.00,0.785000,0.793000
"Kepler-268 b",2.55000000,7.04000000,25.93413800000,695.00,6081.00,1.274000,1.109000
"Kepler-287 b",2.33000000,83.00000000,20.34219900000,667.00,5806.00,1.032000,0.963000
"Kepler-290 b",2.25000000,5.69000000,14.58934700000,594.00,5147.00,0.743000,0.756000
"Kepler-82 d",1.77000000,885.09800000,2.38296100000,1253.00,5428.00,0.945000,0.946000
"Kepler-148 b",1.80000000,3.89000000,1.72936600000,1284.00,5272.00,0.851000,0.860000
"HD 13908 c",12.80000000,1630.40000000,931.00000000000,273.57,6255.00,1.670000,1.290000
"HD 159243 b",13.70000000,359.13000000,12.62000000000,942.13,6123.00,1.120000,1.125000
"Kepler-292 d",2.23000000,5.60000000,7.05567900000,808.00,5299.00,0.826000,0.865000
"Kepler-297 c",6.54000000,42.10000000,74.92013700000,409.00,5619.00,0.915000,0.927000
"Kepler-150 e",3.12000000,9.91000000,30.82655700000,544.00,5560.00,0.939000,0.956000
"Kepler-178 c",2.88000000,8.65000000,20.55280200000,656.00,5676.00,1.066000,0.852000
"HD 73526 c",13.30000000,715.09000000,379.10000000000,329.17,5601.00,1.530000,1.014000
"HD 106906 b",12.40000000,3496.00000000,,1800.00,6516.00,2.123510,1.500000
"Kepler-267 b",1.98000000,37.90000000,3.35372800000,615.00,4258.00,0.555000,0.541571
"Kepler-273 b",1.50000000,2.86000000,2.93653200000,1209.00,5626.00,0.815000,0.756000
"Kepler-306 b",1.52000000,2.92000000,4.64618600000,830.00,4954.00,0.719000,0.750000
"Kepler-309 c",2.51000000,6.85000000,105.35638300000,204.00,4713.00,0.721000,0.816000
"Kepler-207 c",1.50000000,2.86000000,3.07157100000,1556.00,5920.00,1.588000,1.313000
"Kepler-224 b",1.39000000,2.51000000,3.13292400000,937.00,5018.00,0.676000,0.777000
"Kepler-265 c",2.63000000,7.41000000,17.02893700000,755.00,5835.00,1.103000,0.970000
"Kepler-269 b",2.47000000,6.66000000,5.32671800000,1007.00,5847.00,0.959000,0.920000
"Kepler-119 c",0.92000000,0.72100000,4.12510300000,1016.00,5595.00,0.839000,0.918000
"Kepler-130 b",1.02000000,1.04000000,8.45745800000,982.00,5884.00,1.127000,0.927000
"Kepler-235 e",2.22000000,5.56000000,46.18366900000,306.00,4255.00,0.554000,0.581000
"Kepler-228 b",1.53000000,2.96000000,2.56654600000,1360.00,6043.00,1.014000,1.006000
"Kepler-305 b",3.60000000,10.50000000,5.48700000000,836.00,5080.00,0.800000,0.760000
"Kepler-277 c",3.36000000,64.20000000,33.00600000000,778.00,5946.00,1.690000,1.120000
"Kepler-301 b",1.35000000,2.39000000,2.50855300000,1278.00,5815.00,0.900000,1.022000
"Kepler-300 c",2.25000000,5.69000000,40.71495500000,516.00,5986.00,0.900000,1.070000
"Kepler-133 b",1.76000000,3.75000000,8.12997600000,1041.00,5736.00,1.425000,1.020000
"Kepler-152 c",2.39000000,6.30000000,88.25505500000,326.00,5088.00,0.724000,0.779000
"Kepler-82 e",2.47000000,254.02000000,5.90220600000,926.00,5428.00,0.945000,0.946000
"Kepler-299 c",2.65000000,7.51000000,6.88587500000,946.00,5617.00,1.032000,1.004000
"Kepler-298 b",1.96000000,4.50000000,10.47546400000,540.00,4465.00,0.582000,0.660000
"Kepler-157 b",1.32000000,2.30000000,1.73234200000,1546.00,5774.00,1.044000,0.950000
"Kepler-162 b",1.26000000,2.13000000,6.91979800000,961.00,5816.00,0.958000,1.053000
"Kepler-249 d",1.57000000,3.09000000,15.36845900000,332.00,3568.00,0.482000,0.510238
"Kepler-254 d",2.50000000,6.80000000,18.74647700000,686.00,5957.00,0.910000,0.849000
"Kepler-114 c",1.60000000,2.80000000,8.04100000000,507.00,4660.00,0.540000,0.560000
"Kepler-145 b",2.65000000,37.10000000,22.95100000000,873.00,6022.00,1.850000,1.320000
"Kepler-295 b",1.22000000,1.98000000,12.64516400000,741.00,5603.00,0.898000,0.890000
"Kepler-288 c",2.85000000,8.50000000,19.30577200000,815.00,5918.00,1.091000,0.842000
"Kepler-286 d",1.33000000,2.33000000,5.91432300000,919.00,5580.00,0.863000,0.830000
"Kepler-312 c",3.15000000,10.10000000,19.74741200000,754.00,6115.00,1.467000,1.314000
"Kepler-287 c",3.26000000,66.00000000,44.85189600000,513.00,5806.00,1.032000,0.963000
"Kepler-285 b",1.34000000,2.36000000,2.63386700000,1131.00,5411.00,0.808000,0.915000
"Kepler-178 d",3.95000000,14.80000000,96.67898800000,392.00,5676.00,1.066000,0.852000
"Kepler-183 b",2.06000000,4.90000000,5.68794500000,1088.00,5888.00,0.958000,0.990000
"Kepler-315 b",3.77000000,13.70000000,96.10114100000,409.00,5796.00,1.037000,0.831000
"Kepler-316 c",1.16000000,1.65000000,6.82776600000,577.00,4204.00,0.520000,0.587000
"Kepler-284 b",2.24000000,5.65000000,12.69914900000,686.00,5615.00,0.814000,0.766000
"Kepler-281 c",5.31000000,161.12400000,36.33737300000,513.00,5723.00,0.899000,0.950000
"Kepler-85 d",1.20000000,8.69679000,17.91323000000,626.00,5436.00,0.893000,0.947000
"Kepler-353 b",0.89000000,0.64000000,5.79527800000,534.00,3903.00,0.504000,0.553000
"Kepler-372 c",2.09000000,5.02000000,20.05376300000,755.00,6509.00,1.137000,1.202000
"Kepler-374 c",1.10000000,1.37000000,3.28280700000,1467.00,5977.00,0.911000,1.033000
"Kepler-151 c",2.09000000,5.02000000,24.67461200000,544.00,5460.00,0.830000,0.870000
"Kepler-386 c",1.58000000,3.12000000,25.19345800000,513.00,5178.00,0.767000,0.825000
"Kepler-213 c",2.34000000,6.08000000,4.82296200000,1060.00,5696.00,1.195000,1.070000
"Kepler-211 b",1.26000000,2.13000000,4.13857500000,954.00,5123.00,0.816000,0.867000
"Kepler-355 b",1.46000000,2.73000000,11.03189000000,840.00,6184.00,1.066000,0.933000
"Kepler-356 b",1.57000000,3.09000000,4.61269600000,1294.00,6133.00,1.335000,1.163000
"Kepler-355 c",2.71000000,7.80000000,25.76229400000,633.00,6184.00,1.066000,0.933000
"Kepler-356 c",1.81000000,3.93000000,13.12163200000,913.00,6133.00,1.335000,1.163000
"Kepler-387 b",1.03000000,1.08000000,6.79163600000,994.00,5774.00,1.046000,0.850000
"Kepler-388 b",0.81000000,0.45700000,3.17331500000,830.00,4498.00,0.586000,0.635000
"Kepler-404 b",1.27000000,2.15000000,11.82985100000,730.00,5654.00,0.884000,0.860000
"Kepler-221 d",2.73000000,3.61000000,10.04156000000,712.00,5243.00,0.821000,0.854000
"Kepler-357 b",1.84000000,4.04000000,6.47543400000,793.00,5036.00,0.834000,0.794000
"Kepler-358 b",2.72000000,7.85000000,34.06046700000,554.00,5908.00,0.954000,0.940000
"Kepler-376 c",1.79000000,3.86000000,14.17232700000,873.00,5900.00,1.175000,0.968000
"Kepler-378 b",0.75000000,0.34700000,16.09236100000,503.00,4661.00,0.671000,0.780000
"Kepler-389 b",1.51000000,2.89000000,3.24410700000,1047.00,5376.00,0.792000,0.765000
"Kepler-118 b",1.96000000,4.50000000,7.51849600000,784.00,5274.00,1.094000,0.811000
"Kepler-359 b",3.53000000,12.20000000,25.56322200000,671.00,6248.00,1.086000,0.827000
"Kepler-363 c",1.69000000,66.40000000,7.54242700000,1054.00,5593.00,1.485000,1.226000
"Kepler-379 c",2.29000000,5.86000000,62.78469700000,530.00,6054.00,1.306000,1.125000
"Kepler-112 c",2.40000000,6.35000000,28.57426300000,538.00,5544.00,0.841000,0.782000
"Kepler-163 b",1.05000000,1.16000000,7.81093700000,906.00,5776.00,0.917000,0.882000
"Kepler-390 b",0.82000000,0.47700000,6.73808800000,786.00,5166.00,0.776000,0.787000
"Kepler-52 d",1.95000000,88.87750000,36.44517100000,332.00,4263.00,0.556000,0.577000
"Kepler-231 b",1.73000000,35.40000000,10.06527500000,488.00,3767.00,0.490000,0.580000
"Kepler-357 d",3.43000000,11.60000000,49.49987500000,402.00,5036.00,0.834000,0.794000
"Kepler-358 c",2.85000000,8.50000000,83.48836900000,411.00,5908.00,0.954000,0.940000
"Kepler-139 b",2.94000000,7.00000000,15.77104400000,752.00,5594.00,1.300000,1.078000
"Kepler-172 d",2.25000000,5.69000000,14.62711900000,736.00,5526.00,1.085000,1.081000
"Kepler-237 b",1.41000000,2.57000000,4.71510600000,823.00,4861.00,0.725000,0.696000
"Kepler-235 c",1.28000000,2.18000000,7.82490400000,555.00,4255.00,0.554000,0.581000
"Kepler-363 b",1.16000000,1.65000000,3.61456800000,1347.00,5593.00,1.485000,1.226000
"Kepler-272 b",1.43000000,78.00000000,2.97135300000,1200.00,5297.00,0.929000,0.910000
"Kepler-353 c",1.38000000,2.48000000,8.41089400000,472.00,3903.00,0.504000,0.553000
"Kepler-359 c",4.30000000,2.90000000,57.68802000000,512.00,6248.00,1.086000,0.827000
"Kepler-173 b",1.29000000,2.21000000,4.26374200000,1179.00,6031.00,0.949000,1.067000
"Kepler-175 c",3.10000000,9.80000000,34.03525700000,583.00,6064.00,1.010000,0.969000
"Kepler-141 c",1.41000000,2.57000000,7.01060600000,738.00,4910.00,0.787000,0.878000
"Kepler-239 c",2.51000000,6.85000000,56.22809800000,366.00,4914.00,0.763000,0.757000
"Kepler-367 c",1.20000000,1.87000000,53.57863700000,357.00,4710.00,0.695000,0.768000
"Kepler-143 c",3.37000000,11.30000000,27.08251100000,703.00,5848.00,1.359000,0.982000
"Kepler-360 b",1.65000000,3.36000000,3.28967200000,1116.00,6053.00,1.058000,0.994000
"Kepler-49 e",1.56000000,1.03815000,18.59610800000,371.00,4252.00,0.559000,0.549000
"Kepler-140 b",1.61000000,3.22000000,3.25427000000,1301.00,6077.00,1.288000,1.044000
"Kepler-392 b",1.00000000,0.97200000,5.34185300000,1125.00,5938.00,1.129000,0.874000
"Kepler-46 d",1.64000000,3.33000000,6.76658900000,845.00,5309.00,0.790000,0.883000
"Kepler-243 c",1.99000000,4.62000000,20.02621800000,559.00,5228.00,0.842000,0.904000
"Kepler-374 d",1.31000000,2.27000000,5.02821900000,1272.00,5977.00,0.911000,1.033000
"Kepler-375 b",1.45000000,2.70000000,12.12593400000,851.00,5826.00,0.837000,0.891000
"Kepler-116 c",2.30000000,5.90000000,13.07163000000,964.00,6142.00,1.454000,1.198000
"Kepler-280 c",2.01000000,4.70000000,4.80709100000,1088.00,5744.00,0.886000,0.962000
"Kepler-122 d",2.20000000,5.48000000,21.58747500000,747.00,6050.00,1.216000,0.982000
"Kepler-133 c",2.84000000,8.45000000,31.51758600000,663.00,5736.00,1.425000,1.020000
"Kepler-246 c",1.50000000,2.86000000,11.18716100000,667.00,5206.00,0.831000,0.853000
"Kepler-251 e",2.77000000,8.10000000,99.64016100000,360.00,5526.00,0.890000,0.891000
"Kepler-326 c",1.40000000,17.40000000,4.58035800000,889.00,5105.00,0.801000,0.910000
"K2-24 b",5.63800000,20.60000000,20.88959610000,732.00,5726.00,1.185000,1.091000
"Kepler-281 b",2.82000000,324.00000000,14.64600800000,694.00,5723.00,0.899000,0.950000
"Kepler-288 b",1.67000000,3.43000000,6.09732600000,1197.00,5918.00,1.091000,0.842000
"Kepler-393 b",1.29000000,2.21000000,9.18241700000,1052.00,6189.00,1.382000,1.256000
"Kepler-394 b",1.60000000,3.19000000,8.00501300000,1035.00,6402.00,1.132000,0.870000
"Kepler-26 e",2.41000000,6.39000000,46.82791500000,276.00,4486.00,0.571000,0.593000
"Kepler-255 b",1.55000000,3.02000000,5.71460600000,971.00,5573.00,0.933000,0.867000
"Kepler-344 b",2.61000000,7.32000000,21.96394500000,643.00,5774.00,0.976000,0.931000
"Kepler-342 b",2.25000000,5.69000000,15.17031800000,905.00,6175.00,1.472000,1.213000
"Kepler-291 c",1.88000000,4.19000000,5.70078600000,1035.00,6002.00,1.016000,1.023000
"Kepler-293 c",3.83000000,14.00000000,54.15574300000,466.00,5804.00,0.957000,0.934000
"Kepler-189 b",1.21000000,1.92000000,10.39993100000,678.00,5235.00,0.750000,0.803000
"Kepler-191 c",1.86000000,4.12000000,17.73850600000,596.00,5282.00,0.789000,0.857000
"Kepler-258 c",3.61000000,12.70000000,33.65307900000,470.00,4942.00,0.915000,0.820000
"Kepler-337 c",2.05000000,4.86000000,9.69320100000,1017.00,5684.00,1.761000,1.081000
"Kepler-298 c",1.93000000,4.38000000,22.92881000000,416.00,4465.00,0.582000,0.660000
"Kepler-300 b",1.67000000,3.43000000,10.44634700000,812.00,5986.00,0.900000,1.070000
"Kepler-137 b",1.47000000,2.76000000,8.43638700000,742.00,5187.00,0.802000,0.850000
"Kepler-261 c",2.00000000,4.66000000,24.57085800000,505.00,5098.00,0.794000,0.834000
"Kepler-265 b",1.86000000,4.12000000,6.84626200000,1022.00,5835.00,1.103000,0.970000
"Kepler-339 b",1.42000000,2.60000000,4.97765600000,1023.00,5631.00,0.802000,0.870000
"Kepler-325 b",2.91000000,8.80000000,4.54443900000,1017.00,5752.00,1.003000,0.914000
"Kepler-126 b",1.52000000,4.11726105,10.49571100000,1009.00,6239.00,1.358000,1.108000
"Kepler-380 b",1.19000000,1.81000000,3.93082100000,1317.00,6045.00,1.224000,0.990000
"Kepler-397 c",6.18000000,31.60000000,135.49852700000,295.00,5307.00,0.767000,0.844000
"Kepler-122 e",2.60000000,27.70000000,37.99327300000,618.00,6050.00,1.216000,0.982000
"TOI-4504 b",2.65000000,140.00000000,2.42615160000,1345.00,5315.00,0.930000,0.875000
"TOI-2384 b",11.48920522,624.85064816,2.13570304000,889.70,3943.00,0.611300,0.635000
"Kepler-188 b",1.68000000,3.46000000,2.06189700000,1463.00,6021.00,1.141000,1.021000
"Kepler-362 c",1.45000000,2.70000000,37.86628100000,543.00,5788.00,0.722000,0.904000
"Kepler-136 c",1.99000000,4.62000000,16.39923500000,847.00,6165.00,1.355000,1.204000
"Kepler-381 c",1.12000000,1.46000000,13.39163500000,1180.00,6152.00,1.568000,1.144000
"Kepler-398 b",0.93000000,0.74900000,4.08142300000,755.00,4493.00,0.613000,0.649000
"Kepler-136 b",2.05000000,19.80000000,11.57890000000,951.00,6165.00,1.355000,1.204000
"Kepler-272 d",2.25000000,5.69000000,10.93730400000,777.00,5297.00,0.929000,0.910000
"Kepler-206 d",1.19000000,1.81000000,23.44281000000,681.00,5764.00,1.185000,0.957000
"Kepler-141 b",0.69000000,0.25700000,3.10767500000,968.00,4910.00,0.787000,0.878000
"Kepler-399 d",1.89000000,4.23000000,58.03461600000,486.00,5502.00,0.680000,0.902000
"Kepler-400 b",1.65000000,3.36000000,9.02438900000,939.00,5886.00,1.145000,1.080000
"Kepler-366 b",1.46000000,2.73000000,3.28195900000,1326.00,6209.00,1.048000,1.088000
"Kepler-367 b",1.30000000,2.24000000,37.81572400000,401.00,4710.00,0.695000,0.768000
"Kepler-135 b",1.81000000,3.93000000,6.00253000000,1209.00,6090.00,1.275000,1.047000
"Kepler-383 b",1.32000000,2.30000000,12.90453200000,545.00,4710.00,0.672000,0.669000
"Kepler-401 b",1.71000000,3.57000000,14.38303500000,889.00,6117.00,1.333000,1.173000
"Kepler-402 c",1.56000000,3.05000000,6.12482100000,1140.00,6090.00,1.264000,1.072000
"Kepler-351 b",3.06000000,4.80000000,37.05491900000,498.00,5643.00,0.854000,0.810000
"Kepler-350 b",1.85000000,16.90000000,11.18956200000,1037.00,6186.00,1.534000,1.190000
"Kepler-369 c",1.41000000,2.57000000,14.87157200000,391.00,3591.00,0.471000,0.500000
"Kepler-371 b",1.89000000,4.23000000,34.76327800000,554.00,5666.00,0.992000,0.876000
"Kepler-147 b",1.53000000,2.96000000,12.61058400000,953.00,6012.00,1.468000,1.145000
"Kepler-132 d",1.55000000,3.02000000,18.01019900000,758.00,6003.00,1.178000,0.929000
"Kepler-200 c",1.59000000,3.15000000,10.22215700000,806.00,5678.00,0.944000,0.972000
"Kepler-215 e",1.75000000,3.71000000,68.16101000000,405.00,5739.00,1.027000,0.788000
"Kepler-347 c",1.75000000,3.71000000,27.32087100000,705.00,6088.00,1.005000,0.922000
"Kepler-202 b",1.63000000,3.29000000,4.06942700000,802.00,4668.00,0.667000,0.683000
"Kepler-84 f",2.20000000,5.48000000,44.55216900000,572.00,6031.00,1.169000,1.060000
"Kepler-310 b",1.19000000,1.81000000,13.93069800000,665.00,5797.00,0.876000,0.854000
"Kepler-270 c",1.77000000,3.78000000,25.26288700000,756.00,6067.00,1.461000,1.170000
"Kepler-24 d",1.67000000,293.95900000,4.24438400000,1305.00,5897.00,1.289000,1.046000
"Kepler-217 c",1.85000000,4.08000000,8.58600400000,1208.00,6171.00,1.799000,1.342000
"Kepler-220 e",1.33000000,2.33000000,45.90273300000,341.00,4632.00,0.666000,0.729000
"Kepler-313 c",2.57000000,7.13000000,32.27327300000,683.00,5727.00,1.536000,1.114000
"Kepler-311 c",1.43000000,2.63000000,19.73828600000,744.00,5905.00,1.188000,0.994000
"Kepler-282 c",1.20000000,1.87000000,13.63872300000,717.00,5602.00,0.904000,0.860000
"Kepler-286 e",1.77000000,3.78000000,29.22128900000,539.00,5580.00,0.863000,0.830000
"Kepler-204 b",2.53000000,6.94000000,14.40097400000,828.00,5812.00,1.238000,1.038000
"Kepler-359 d",4.01000000,2.70000000,77.09569100000,464.00,6248.00,1.086000,0.827000
"Kepler-314 b",0.83000000,0.49800000,2.46106900000,1195.00,5378.00,0.950000,0.990000
"Kepler-316 b",1.06000000,1.20000000,2.24050800000,837.00,4204.00,0.520000,0.587000
"Kepler-288 d",2.67000000,7.61000000,56.63374200000,570.00,5918.00,1.091000,0.842000
"Kepler-149 b",4.21000000,16.50000000,29.19894300000,540.00,5381.00,0.953000,1.013000
"Kepler-372 b",1.36000000,2.42000000,6.84969200000,1081.00,6509.00,1.137000,1.202000
"Kepler-205 b",1.51000000,2.89000000,2.75564000000,757.00,4321.00,0.546000,0.592000
"Kepler-361 b",1.45000000,2.70000000,8.48661600000,1060.00,6169.00,1.343000,1.191000
"Kepler-317 c",1.72000000,3.61000000,8.77501000000,837.00,5497.00,0.941000,0.865000
"Kepler-319 d",2.29000000,5.86000000,31.78192500000,528.00,5526.00,0.903000,0.933000
"Kepler-295 d",1.36000000,2.42000000,33.88405400000,533.00,5603.00,0.898000,0.890000
"Kepler-308 c",2.16000000,5.31000000,15.38231000000,714.00,5895.00,0.941000,0.920000
"Kepler-234 b",3.70000000,13.20000000,2.71150600000,1420.00,6224.00,1.113000,1.129000
"Kepler-378 c",0.70000000,0.27100000,28.90600900000,414.00,4661.00,0.671000,0.780000
"Kepler-321 b",1.77000000,3.78000000,4.91537900000,1042.00,5740.00,1.194000,1.024000
"Kepler-322 b",1.01000000,1.01000000,1.65388800000,1373.00,5388.00,0.890000,0.908000
"Kepler-397 b",2.46000000,6.62000000,22.25094900000,539.00,5307.00,0.767000,0.844000
"Kepler-198 b",2.82000000,8.35000000,17.79003700000,655.00,5574.00,0.940000,0.995000
"Kepler-386 b",1.39000000,2.51000000,12.31043000000,651.00,5178.00,0.767000,0.825000
"Kepler-206 c",1.77000000,3.78000000,13.13747100000,825.00,5764.00,1.185000,0.957000
"Kepler-173 c",2.43000000,6.48000000,8.00577700000,956.00,6031.00,0.949000,1.067000
"Kepler-250 b",1.13000000,1.51000000,4.14814100000,938.00,5160.00,0.805000,0.806000
"Kepler-325 c",2.54000000,6.99000000,12.76217200000,721.00,5752.00,1.003000,0.914000
"Kepler-157 c",2.24000000,5.65000000,13.54050000000,779.00,5774.00,1.044000,0.950000
"Kepler-392 c",1.10000000,1.37000000,10.42311800000,901.00,5938.00,1.129000,0.874000
"Kepler-365 c",1.64000000,3.33000000,17.78412900000,729.00,6012.00,1.048000,1.020000
"Kepler-243 b",2.45000000,6.57000000,5.71544200000,850.00,5228.00,0.842000,0.904000
"Kepler-402 e",1.46000000,2.73000000,11.24286100000,931.00,6090.00,1.264000,1.072000
"Kepler-402 d",1.38000000,2.48000000,8.92109900000,1006.00,6090.00,1.264000,1.072000
"Kepler-147 c",2.43000000,6.48000000,33.41642300000,689.00,6012.00,1.468000,1.145000
"Kepler-183 c",2.27000000,35.70000000,11.63707100000,857.00,5888.00,0.958000,0.990000
"Kepler-244 b",2.76000000,8.05000000,4.31179200000,1038.00,5554.00,0.803000,0.933000
"Kepler-209 b",2.26000000,5.73000000,16.08784500000,668.00,5513.00,0.935000,0.971000
"Kepler-127 b",1.40000000,2.54000000,14.43588900000,884.00,6106.00,1.359000,1.248000
"Kepler-403 c",1.75000000,3.71000000,54.28074900000,604.00,6090.00,1.329000,1.299000
"Kepler-376 b",1.07000000,1.24000000,4.92019900000,1242.00,5900.00,1.175000,0.968000
"Kepler-331 c",1.84000000,4.04000000,17.28111000000,425.00,4347.00,0.492000,0.653000
"Kepler-256 e",2.35000000,6.12000000,10.68157200000,897.00,5551.00,1.301000,1.037000
"Kepler-209 c",3.10000000,9.80000000,41.74988200000,486.00,5513.00,0.935000,0.971000
"Kepler-229 d",3.85000000,14.20000000,41.19491200000,439.00,5120.00,0.728000,0.808000
"Kepler-237 c",2.08000000,4.98000000,8.10363600000,687.00,4861.00,0.725000,0.696000
"Kepler-383 c",1.24000000,2.07000000,31.20075100000,406.00,4710.00,0.672000,0.669000
"Kepler-333 c",1.11000000,1.41000000,24.08821000000,386.00,4259.00,0.534000,0.601000
"Kepler-334 d",1.41000000,2.57000000,25.09849000000,656.00,5828.00,1.068000,1.022000
"Kepler-156 c",2.55000000,7.04000000,15.90680100000,588.00,5094.00,0.807000,0.864000
"Kepler-405 c",4.66000000,19.60000000,29.72668200000,557.00,5818.00,0.893000,0.873000
"Kepler-274 c",1.84000000,4.04000000,33.19786100000,678.00,6023.00,1.007000,0.883000
"Kepler-315 c",4.15000000,16.10000000,265.46933500000,291.00,5796.00,1.037000,0.831000
"Kepler-387 c",0.89000000,0.64000000,11.83754900000,826.00,5774.00,1.046000,0.850000
"Kepler-388 c",0.86000000,0.56600000,13.29700400000,515.00,4498.00,0.586000,0.635000
"Kepler-337 b",1.54000000,2.99000000,3.29278100000,1458.00,5684.00,1.761000,1.081000
"Kepler-134 c",1.26000000,2.13000000,10.10578500000,892.00,5983.00,1.176000,0.956000
"Kepler-140 c",1.80000000,3.89000000,91.35328200000,428.00,6077.00,1.288000,1.044000
"Kepler-159 b",2.38000000,6.26000000,10.13962300000,447.00,4625.00,0.663000,0.628000
"Kepler-320 c",1.37000000,2.45000000,17.93493700000,1002.00,6435.00,1.108000,1.072000
"Kepler-292 c",1.47000000,2.76000000,3.71533500000,1001.00,5299.00,0.826000,0.865000
"Kepler-338 d",3.00000000,9.27000000,44.43101400000,680.00,5923.00,1.735000,1.105000
"Kepler-338 c",2.34000000,6.08000000,24.31085600000,831.00,5923.00,1.735000,1.105000
"Kepler-149 c",1.61000000,3.22000000,55.32832800000,436.00,5381.00,0.953000,1.013000
"Kepler-164 b",1.41000000,2.57000000,5.03503000000,1141.00,5888.00,1.148000,1.036000
"Kepler-320 b",1.14000000,1.55000000,8.37155400000,1292.00,6435.00,1.108000,1.072000
"TOI-5292 A b",12.64373023,412.85910069,2.02191000000,809.00,3919.00,0.611000,0.596000
"Kepler-395 b",1.03000000,1.08000000,7.05434600000,576.00,4262.00,0.556000,0.622827
"Kepler-341 d",1.85000000,4.08000000,27.66631300000,622.00,6012.00,1.024000,0.976000
"Kepler-341 e",1.99000000,4.62000000,42.47326900000,539.00,6012.00,1.024000,0.976000
"Kepler-169 b",1.13000000,1.51000000,3.25061900000,962.00,4997.00,0.763000,0.825000
"Kepler-169 f",2.58000000,7.18000000,87.09019500000,321.00,4997.00,0.763000,0.825000
"Kepler-332 c",1.09000000,1.32000000,15.99562200000,550.00,4955.00,0.720000,0.743000
"Kepler-143 b",2.41000000,6.39000000,16.00758300000,838.00,5848.00,1.359000,0.982000
"Kepler-299 b",1.32000000,2.30000000,2.92712800000,1258.00,5617.00,1.032000,1.004000
"Kepler-301 c",1.35000000,2.39000000,5.41902600000,989.00,5815.00,0.900000,1.022000
"Kepler-342 d",2.49000000,6.76000000,39.45935700000,658.00,6175.00,1.472000,1.213000
"Kepler-233 c",2.71000000,7.80000000,60.41895500000,390.00,5360.00,0.758000,0.855000
"Kepler-171 d",1.89000000,4.23000000,39.59551900000,497.00,5642.00,0.839000,0.978000
"HD 60779 b",3.24600000,14.19000000,29.98617500000,650.00,6081.00,1.129000,1.050000
"Kepler-335 c",3.07000000,9.64000000,67.84446900000,592.00,5877.00,1.854000,1.367000
"Kepler-332 d",1.18000000,1.76000000,34.21154000000,427.00,4955.00,0.720000,0.743000
"Kepler-262 b",1.36000000,2.42000000,13.06085500000,734.00,5841.00,0.881000,0.816000
"Kepler-263 c",2.47000000,6.66000000,47.33277300000,386.00,5265.00,0.785000,0.793000
"Kepler-191 b",1.34000000,2.36000000,9.93963200000,722.00,5282.00,0.789000,0.857000
"Kepler-197 e",0.91000000,0.69300000,25.20971500000,691.00,6004.00,1.120000,0.857000
"Kepler-200 b",2.13000000,5.18000000,8.59480500000,854.00,5678.00,0.944000,0.972000
"Kepler-201 b",2.46000000,6.62000000,25.67208300000,683.00,6065.00,1.229000,1.098000
"Kepler-84 e",2.60000000,7.27000000,27.43438900000,672.00,6031.00,1.169000,1.060000
"Kepler-265 e",2.59000000,7.22000000,67.83102400000,476.00,5835.00,1.103000,0.970000
"Kepler-24 e",2.78000000,26.21180000,18.99835500000,792.00,5897.00,1.289000,1.046000
"Kepler-441 b",1.64000000,3.33000000,207.24820000000,189.00,4340.00,0.550000,0.572000
"Kepler-253 c",2.65000000,7.51000000,10.28195100000,680.00,5208.00,0.786000,0.860000
"Kepler-214 c",2.13000000,5.18000000,28.77980000000,619.00,6169.00,1.352000,1.110000
"Kepler-170 c",2.86000000,8.55000000,16.66586300000,702.00,5679.00,1.035000,1.066000
"Kepler-205 c",1.64000000,3.33000000,20.30654600000,389.00,4321.00,0.546000,0.592000
"CoRoT-22 b",4.88000000,12.20000000,9.75598000000,885.00,5939.00,1.136000,1.099000
"Kepler-437 b",2.14000000,5.22000000,66.65062000000,308.00,4551.00,0.680000,0.707000
"Kepler-192 b",2.74000000,7.95000000,9.92674600000,803.00,5479.00,1.007000,1.028000
"Kepler-254 b",3.87000000,14.30000000,5.82666200000,1013.00,5957.00,0.910000,0.849000
"Kepler-196 c",2.24000000,5.65000000,47.42773700000,407.00,5128.00,0.782000,0.839000
"Kepler-101 b",5.77000000,51.10000000,3.48768120000,1513.00,5667.00,1.560000,1.170000
"Kepler-439 b",2.24000000,5.65000000,178.13960000000,291.00,5431.00,0.866000,0.884000
"Kepler-256 c",2.15000000,5.27000000,3.38802000000,1315.00,5551.00,1.301000,1.037000
"Kepler-216 c",3.04000000,9.48000000,17.40666900000,814.00,6091.00,1.260000,1.126000
"Kepler-184 c",1.97000000,8.80000000,20.30300500000,630.00,5788.00,0.873000,0.872000
"KIC 10001893 d",,,0.81161000000,,27500.00,0.180000,0.470000
"KIC 10001893 b",,,0.21970000000,,27500.00,0.180000,0.470000
"HD 113538 c",13.80000000,295.57000000,1818.00000000000,100.28,4462.00,0.530000,0.585000
"HD 30669 b",14.30000000,149.37000000,1684.00000000000,151.45,5400.00,0.910000,0.920000
"Kepler-217 b",2.23000000,5.60000000,5.37494300000,1413.00,6171.00,1.799000,1.342000
"Kepler-83 d",1.94000000,4.10000000,5.16979600000,569.00,4648.00,0.594000,0.580000
"Kepler-253 d",3.17000000,10.20000000,18.11986900000,563.00,5208.00,0.786000,0.860000
"Kepler-424 c",12.70000000,2215.18000000,223.30000000000,298.76,5460.00,0.940000,1.010000
"Kepler-422 b",12.89000000,136.66000000,7.89144830000,1028.00,5972.00,1.240000,1.150000
"Kepler-445 c",2.51000000,6.85000000,4.87122900000,341.00,3157.00,0.210000,0.180000
"Kepler-446 b",1.50000000,2.86000000,1.56540900000,648.00,3359.00,0.240000,0.220000
"Kepler-259 b",2.80000000,8.25000000,8.11531700000,879.00,5938.00,0.898000,0.867000
"Kepler-193 b",2.39000000,6.30000000,11.38848000000,979.00,6335.00,1.147000,1.051000
"Kepler-215 b",1.62000000,3.26000000,9.36067200000,784.00,5739.00,1.027000,0.788000
"Kepler-192 c",2.79000000,8.20000000,21.22340000000,623.00,5479.00,1.007000,1.028000
"Kepler-426 b",12.22000000,108.06000000,3.21751883000,1300.00,5725.00,0.920000,0.910000
"Kepler-424 b",9.98000000,327.35000000,3.31186440000,1116.00,5460.00,0.940000,1.010000
"Kepler-427 b",13.79000000,92.17000000,10.29099400000,1100.00,5800.00,1.350000,0.960000
"HD 103720 b",14.10000000,197.04600000,4.55570000000,926.24,5017.00,0.730000,0.794000
"Kepler-434 b",12.67000000,908.96000000,12.87470990000,1000.00,5977.00,1.380000,1.198000
"Kepler-221 c",2.93000000,9.30000000,5.69058600000,860.00,5243.00,0.821000,0.854000
"Kepler-222 b",3.16000000,10.10000000,3.93698100000,1004.00,5433.00,0.869000,0.933000
"Kepler-94 c",12.50000000,3126.00000000,820.30000000000,159.05,4781.00,0.760000,0.810000
"Kepler-48 e",13.40000000,657.00000000,982.00000000000,171.49,5194.00,0.890000,0.880000
"Kepler-428 b",12.11000000,403.63000000,3.52563254000,1070.00,5150.00,0.800000,0.870000
"Kepler-425 b",10.96200000,79.45000000,3.79701816000,1070.00,5170.00,0.860000,0.930000
"Kepler-224 c",3.12000000,9.91000000,5.92500300000,758.00,5018.00,0.676000,0.777000
"Kepler-407 c",12.30000000,4000.00000000,3000.00000000000,146.73,5476.00,1.010000,1.000000
"Kepler-106 c",2.50000000,10.44000000,13.57080000000,785.00,5858.00,1.040000,1.000000
"TYC 1422-614-1 b",13.30000000,794.50000000,198.40000000000,730.19,4806.00,6.850000,1.150000
"TYC 1422-614-1 c",12.50000000,3178.00000000,559.30000000000,518.21,4806.00,6.850000,1.150000
"Kepler-445 b",1.58000000,3.12000000,2.98415100000,401.00,3157.00,0.210000,0.180000
"Kepler-446 d",1.35000000,2.39000000,5.14892100000,436.00,3359.00,0.240000,0.220000
"Kepler-164 c",2.73000000,7.90000000,10.94572300000,881.00,5888.00,1.148000,1.036000
"Kepler-165 b",2.32000000,5.99000000,8.18084800000,716.00,5211.00,0.770000,0.746000
"OGLE-2005-BLG-071L b",13.00000000,1200.00000000,,55.00,,,0.460000
"OGLE-2008-BLG-092L b",8.74000000,57.00000000,,,,,0.710000
"Kepler-246 b",2.34000000,6.08000000,4.60182000000,896.00,5206.00,0.831000,0.853000
"Kepler-226 c",2.27000000,45.20000000,5.34955500000,919.00,5571.00,0.802000,0.904000
"Kepler-227 b",3.11000000,9.85000000,9.48801500000,793.00,5854.00,1.091000,0.954000
"Kepler-113 b",1.82000000,11.70000000,4.75400000000,775.00,4725.00,0.690000,0.750000
"Kepler-48 d",2.04000000,7.93000000,42.89610000000,448.00,5194.00,0.890000,0.880000
"Qatar-2 b",14.05600000,792.63500000,1.33711647000,1344.00,4645.00,0.776000,0.743000
"Kepler-117 c",12.34100000,584.78000000,50.79039100000,704.00,6150.00,1.606000,1.129000
"Kepler-161 b",2.12000000,2.63000000,4.92135500000,868.00,5078.00,0.806000,0.853000
"Kepler-153 b",2.92000000,8.85000000,18.87022700000,621.00,5404.00,0.892000,0.756000
"Kepler-229 c",4.92000000,21.50000000,16.06863800000,600.00,5120.00,0.728000,0.808000
"Kepler-100 d",1.61000000,3.00000000,35.33310000000,670.00,5825.00,1.490000,1.080000
"Kepler-98 b",1.99000000,3.55000000,1.54168000000,1592.00,5539.00,1.110000,0.990000
"Kepler-117 b",8.05900000,29.87500000,18.79592280000,984.00,6150.00,1.606000,1.129000
"Kepler-430 b",3.25000000,10.60000000,35.96800000000,667.00,5884.00,1.485000,1.166000
"Kepler-230 b",4.26000000,16.80000000,32.62555500000,506.00,5588.00,0.817000,0.784000
"Kepler-166 b",2.27000000,5.77000000,7.65025400000,772.00,5413.00,0.742000,0.811000
"Kepler-131 b",2.41000000,16.13000000,16.09200000000,718.00,5685.00,1.030000,1.020000
"Kepler-406 b",1.43000000,6.35000000,2.42629000000,1302.00,5538.00,1.070000,1.070000
"Kepler-249 c",1.51000000,2.89000000,7.11370200000,429.00,3568.00,0.482000,0.510238
"Kepler-162 c",3.03000000,9.43000000,19.44635500000,681.00,5816.00,0.958000,1.053000
"Kepler-180 c",3.01000000,9.32000000,41.88577500000,540.00,5731.00,1.063000,0.950000
"Kepler-182 c",3.43000000,11.60000000,20.68434200000,729.00,6250.00,1.146000,1.114000
"HD 10180 c",,2741.58783878,5.75969000000,1185.40,5911.00,1.109000,1.060000
"HD 50554 b",12.80000000,1859.29618095,1293.00000000000,190.08,5987.00,1.020000,1.040000
"Kepler-174 b",1.96000000,4.50000000,13.98179000000,553.00,4880.00,0.622000,0.602000
"Kepler-176 c",2.60000000,1.33000000,12.75971200000,633.00,5232.00,0.891000,0.860000
"Kepler-96 b",2.67000000,8.46000000,16.23850000000,711.00,5690.00,1.020000,1.000000
"Kepler-48 b",1.88000000,3.94000000,4.77800000000,932.00,5194.00,0.890000,0.880000
"HD 10180 d",,3295.88058059,16.35700000000,837.06,5911.00,1.109000,1.060000
"HD 10180 e",5.39000000,25.10000000,49.74800000000,577.77,5911.00,1.109000,1.060000
"Kepler-55 d",1.59000000,3.15000000,2.21109900000,931.00,4503.00,0.619000,0.631000
"Kepler-187 c",2.67000000,7.61000000,10.64026300000,963.00,6105.00,1.287000,1.081000
"Kepler-233 b",2.43000000,6.48000000,8.47238200000,751.00,5360.00,0.758000,0.855000
"Kepler-234 c",3.51000000,12.10000000,7.21205000000,1025.00,6224.00,1.113000,1.129000
"MOA-2011-BLG-322L b",12.40000000,3690.00000000,,,,,0.390000
"CoRoT-24 b",3.70000000,5.70000000,5.11340000000,1070.00,4950.00,0.860000,0.910000
"HD 10180 h",9.40000000,64.40000000,2205.00000000000,163.24,5911.00,1.109000,1.060000
"Kepler-440 b",1.86000000,4.12000000,101.11141000000,229.00,4134.00,0.559000,0.575000
"Kepler-251 c",2.77000000,8.10000000,16.51404300000,655.00,5526.00,0.890000,0.891000
"Kepler-146 c",3.13000000,9.96000000,76.73217100000,473.00,5948.00,1.208000,1.079000
"Kepler-150 d",2.79000000,8.20000000,12.56093000000,734.00,5560.00,0.939000,0.956000
"OGLE-2008-BLG-355L b",12.90000000,1500.00000000,,,,,0.370000
"CoRoT-24 c",5.00000000,28.00000000,11.75900000000,850.00,4950.00,0.860000,0.910000
"Kepler-186 f",1.17000000,1.71000000,129.94410000000,177.00,3755.00,0.523000,0.544000
"Kepler-252 c",2.15000000,5.27000000,10.84846300000,499.00,4208.00,0.549000,0.610000
"Kepler-213 b",1.62000000,3.26000000,2.46236000000,1326.00,5696.00,1.195000,1.070000
"Kepler-159 c",3.41000000,11.50000000,43.59579200000,275.00,4625.00,0.663000,0.628000
"Kepler-202 c",1.85000000,4.08000000,16.28249300000,505.00,4668.00,0.667000,0.683000
"HD 35759 b",13.00000000,1195.04080000,82.46700000000,621.56,6060.00,1.759974,1.150000
"Kepler-477 b",2.07000000,4.94000000,11.11990653000,649.00,5240.00,0.790000,0.870000
"HD 67087 c",12.90000000,1540.00000000,2374.00000000000,193.42,6330.00,1.550000,1.360000
"Kepler-6 b",14.61653600,212.31044000,3.23469960000,1460.00,5647.00,1.391000,1.209000
"HD 220842 b",13.10000000,1010.69940000,218.47000000000,397.62,5960.00,1.416470,1.130000
"HIP 65407 c",13.90000000,249.17872000,67.30000000000,457.04,5460.00,0.952252,0.930000
"Kepler-505 b",2.60000000,7.27000000,27.52197994000,314.00,3931.00,0.530000,0.550000
"CoRoT-29 b",10.08810000,270.15550000,2.85057000000,1224.75,5260.00,0.900000,0.970000
"tau Boo b",12.80000000,1891.00000000,3.31245680000,1682.02,6466.27,1.425880,1.320000
"Kepler-412 b",15.03126900,299.07803000,1.72086040000,1850.00,5750.00,1.287000,1.167000
"HD 141399 b",14.30000000,143.34133000,94.44000000000,493.71,5600.00,1.387236,1.070000
"HD 141399 c",13.60000000,422.71390000,201.99000000000,383.17,5600.00,1.387236,1.070000
"Kepler-754 b",2.01000000,4.70000000,14.55962370000,758.00,5935.00,1.080000,1.060000
"Kepler-753 b",1.91000000,4.31000000,5.74772501200,641.00,4346.00,0.650000,0.680000
"HAT-P-54 b",10.58129600,241.55080000,3.79984700000,818.00,4390.00,0.617000,0.645000
"TrES-5 b",13.38354600,568.91570000,1.48224686000,1480.00,5171.00,0.868000,0.901000
"KOI-13 b",16.94800800,2949.46240000,1.76358800000,2550.00,7650.00,1.740000,1.720000
"WASP-42 b",12.57649800,167.49641000,4.98168190000,1021.00,5315.00,0.892000,0.951000
"Kepler-766 b",3.39000000,11.40000000,6.10027804000,990.00,5992.00,1.150000,1.100000
"Kepler-771 b",1.82000000,3.97000000,8.73485836000,890.00,5906.00,1.050000,1.030000
"HD 100546 b",77.34210000,2701.54145950,,94.67,10500.00,1.852880,2.400000
"Kepler-432 c",13.30000000,772.32690000,406.20000000000,,4995.00,4.060000,1.320000
"Kepler-76 b",15.24424000,638.83830000,1.54492980000,2140.00,6409.00,1.320000,1.200000
"OGLE-2003-BLG-235L b",13.20000000,830.00000000,,,,,0.630000
"Kepler-765 b",2.43000000,6.48000000,27.66552260000,641.00,5901.00,1.060000,1.050000
"Kepler-432 b",12.83430500,1719.46030000,52.50112900000,812.00,4995.00,4.060000,1.320000
"Kepler-5 b",15.98403400,670.93913000,3.54846570000,1750.00,6297.00,1.793000,1.374000
"Kepler-7 b",18.18099800,140.16303000,4.88548920000,1630.00,5933.00,1.966000,1.359000
"HIP 74890 b",13.30000000,762.79200000,822.30000000000,387.66,4850.00,5.770000,1.740000
"K2-29 b",13.33871000,232.01590000,3.25883210000,1171.00,5358.00,0.860000,0.940000
"Kepler-767 b",6.64000000,35.70000000,161.52801010000,366.00,5694.00,0.940000,0.960000
"Kepler-773 b",1.43000000,2.63000000,3.74910006100,1160.00,5850.00,1.010000,1.040000
"Kepler-774 b",3.17000000,10.20000000,11.08957230000,1422.00,6403.00,2.420000,1.570000
"2MASS J02192210-3925225 b",16.14096000,4417.83700000,,6.27,3064.00,0.281000,0.108000
"HD 7924 d",,1568.16536014,24.45100000000,499.00,5075.00,0.782100,0.832000
"WASP-41 c",13.10000000,1010.69940000,421.00000000000,241.00,5545.00,0.870000,0.930000
"HAT-P-50 b",14.43719200,429.07050000,3.12201090000,1862.00,6280.00,1.698000,1.273000
"HD 133131 A b",13.60000000,451.31860000,649.00000000000,227.72,5799.00,0.955014,0.950000
"HATS-17 b",8.70939300,425.25654000,16.25461100000,814.00,5846.00,1.091000,1.131000
"Kepler-772 b",1.82000000,3.97000000,12.99207337000,866.00,5714.00,1.110000,0.980000
"Kepler-769 b",2.92000000,8.85000000,7.42608998000,1037.00,6186.00,1.280000,1.190000
"Kepler-449 c",2.76400000,8.07000000,33.67270000000,661.00,5649.18,1.467000,1.020000
"HD 133131 A c",14.30000000,133.48860000,3568.00000000000,128.96,5799.00,0.955014,0.950000
"WASP-92 b",16.37634900,255.85315000,2.17467420000,1871.00,6280.00,1.341000,1.190000
"Kepler-762 b",12.68000000,,3.77055209800,1302.00,5944.00,1.080000,1.060000
"Kepler-781 b",2.89000000,8.70000000,13.21407320000,629.00,5162.00,0.780000,0.810000
"Kepler-92 d",2.06700000,11.86668060,49.35680000000,637.00,5904.34,1.817190,1.070000
"Kepler-449 b",2.05600000,4.88000000,12.58242000000,917.00,5649.18,1.467000,1.020000
"HD 175607 b",,2456.17792930,29.01000000000,,5392.00,0.700000,0.710000
"HD 1461 c",2.23000000,5.59000000,13.50520000000,892.87,5765.00,1.152288,1.020000
"WASP-93 b",17.90077300,467.21010000,2.73253210000,1942.00,6700.00,1.524000,1.334000
"HD 128311 c",13.00000000,1204.25787000,921.53800000000,158.23,4965.00,0.760000,0.828000
"alf Tau b",12.70000000,2056.36010000,628.96000000000,1086.77,4055.00,45.100000,1.130000
"Kepler-450 d",0.83700000,17.60000000,7.51464000000,1199.00,6197.21,1.641620,1.190000
"OGLE-2005-BLG-169L b",3.84000000,14.10000000,,,,,0.690000
"WASP-46 b",13.15936600,607.05530000,1.43036763000,1636.00,5600.00,0.858000,0.828000
"HD 60532 b",13.80000000,336.89980000,201.90000000000,550.16,6245.00,2.570000,1.500000
"HD 60532 c",13.30000000,797.75330000,600.10000000000,381.66,6245.00,2.570000,1.500000
"OGLE-2013-BLG-0102L b",12.30000000,4100.00000000,,,,,0.096000
"Kepler-41 b",14.46000000,177.98000000,1.85555820000,1790.00,5750.00,1.290000,1.150000
"HIP 107773 b",13.40000000,629.30340000,144.30000000000,957.11,4945.00,11.600000,2.420000
"HATS-8 b",9.78545700,43.86054000,3.58389300000,1324.00,5679.00,1.086000,1.056000
"LkCa 15 b",,,,66.87,4194.00,1.607110,
"LkCa 15 c",,,,59.45,4194.00,1.607110,
"Qatar-1 b",12.81188700,411.27202000,1.42002420000,1418.00,5013.00,0.803000,0.838000
"HAT-P-66 b",17.82231000,248.86089000,2.97208600000,1896.00,6002.00,1.881000,1.255000
"Kepler-75 b",11.77000000,3209.90000000,8.88491160000,767.00,5200.00,0.890000,0.910000
"Kepler-453 b",6.20400000,16.00000000,240.50300000000,273.62,5527.00,0.833000,0.944000
"WASP-89 b",11.65736000,1875.19700000,3.35642270000,1120.00,5130.00,0.880000,0.920000
"KIC 3558849 b",6.90000000,38.10000000,1322.30000000000,,6175.00,1.010000,0.980000
"KIC 8540376 c",2.40000000,6.35000000,75.20000000000,,6474.00,1.260000,1.040000
"OGLE-2007-BLG-349L AB c",10.70000000,80.00000000,2557.00000000000,,,,0.410000
"Kepler-56 d",12.80000000,1784.00000000,1002.00000000000,324.75,4819.44,4.217990,1.290000
"Kepler-444 b",0.40300000,0.03740000,3.60010530000,938.00,5046.00,0.752000,0.758000
"K2-6 b",2.50000000,6.80000000,30.94191000000,615.00,5850.00,0.960000,0.970000
"HD 42618 b",3.89000000,14.40000000,149.61000000000,337.00,5727.00,0.999000,1.015000
"OGLE-2012-BLG-0950L b",6.56000000,35.00000000,,,,,0.570000
"Kepler-444 e",0.54600000,0.10000000,7.74349300000,727.00,5046.00,0.752000,0.758000
"K2-15 b",2.48000000,6.71000000,11.81040000000,676.00,5131.00,0.680000,0.720000
"K2-14 b",4.81000000,20.70000000,8.36802000000,488.00,3789.00,0.450000,0.470000
"K2-17 b",2.23000000,5.60000000,17.96753000000,487.00,4320.00,0.660000,0.710000
"K2-9 b",2.25000000,5.69000000,18.44980000000,314.00,3390.00,0.310000,0.300000
"WASP-36 b",14.87434300,750.39663000,1.53736596000,1733.00,5959.00,0.985000,1.081000
"Kepler-26 b",2.78000000,5.12000000,12.28000000000,431.00,3914.00,0.512000,0.544000
"HATS-13 b",13.58530800,172.58169000,3.04404990000,1244.00,5523.00,0.887000,0.962000
"HATS-14 b",11.64615100,340.39593000,2.76676410000,1276.00,5346.00,0.933000,0.967000
"WASP-90 b",18.27067000,200.23290000,3.91624300000,1840.00,6430.00,1.980000,1.550000
"HD 5583 b",12.80000000,1837.05740000,139.35000000000,964.55,4830.00,9.090000,1.010000
"Kepler-26 c",2.72000000,6.20000000,17.25590000000,385.00,3914.00,0.512000,0.544000
"Kepler-447 b",18.49000000,435.41000000,7.79430132000,882.00,5493.00,1.050000,1.000000
"OGLE-2011-BLG-0265L b",13.90000000,280.00000000,,,,,0.211000
"HD 130322 b",13.70000000,365.49000000,10.70871000000,720.00,5387.00,0.850000,0.920000
"OGLE-2012-BLG-0563L b",13.60000000,120.00000000,,,,,0.340000
"Kepler-296 d",2.09000000,5.02000000,19.85029100000,403.00,3740.00,0.480000,0.498000
"Pr0211 c",12.60000000,2475.89570000,4850.00000000000,99.10,5300.00,0.827000,0.935000
"BD+15 2375 b",13.80000000,337.21763000,153.22000000000,883.68,4649.00,8.950000,1.080000
"Kepler-60 d",1.99000000,4.16000000,11.89810000000,929.00,5905.00,1.257000,1.041000
"HD 1666 b",12.70000000,2040.00000000,270.00000000000,436.47,6317.00,1.930000,1.500000
"HD 67087 b",13.10000000,973.00000000,352.20000000000,365.67,6330.00,1.550000,1.360000
"Kepler-296 e",1.53000000,2.96000000,34.14211000000,337.00,3740.00,0.480000,0.498000
"Kepler-872 b",1.99000000,4.62000000,2.57885506800,1230.00,5902.00,1.080000,1.050000
"Kepler-871 b",3.74000000,13.50000000,22.04590180000,640.00,5993.00,1.140000,1.110000
"Kepler-603 c",6.50000000,34.50000000,127.90757740000,401.00,5808.00,1.010000,1.010000
"Kepler-908 b",1.22000000,1.98000000,1.34059746800,1783.00,5973.00,1.120000,1.110000
"Kepler-499 b",2.17000000,5.35000000,5.63252845300,844.00,5312.00,0.830000,0.870000
"Kepler-801 b",2.00000000,4.66000000,11.41928253000,419.00,4435.00,0.630000,0.670000
"Kepler-799 b",6.88000000,37.90000000,133.46052350000,433.00,5681.00,0.930000,0.950000
"Kepler-870 b",2.78000000,8.15000000,21.35876210000,691.00,5857.00,1.020000,1.010000
"Kepler-869 b",3.61000000,12.70000000,40.42877550000,494.00,5664.00,0.950000,0.970000
"Kepler-907 b",1.20000000,1.87000000,15.86621821000,879.00,6106.00,1.380000,1.080000
"Kepler-912 b",2.80000000,8.25000000,2.53475627300,1218.00,5998.00,1.110000,1.070000
"Kepler-797 b",2.17000000,5.35000000,27.07237711000,605.00,5680.00,0.950000,0.960000
"Kepler-867 b",4.64000000,19.40000000,150.24212700000,327.00,5541.00,0.910000,0.920000
"Kepler-868 b",2.05000000,4.86000000,5.03251791000,1047.00,5614.00,0.890000,0.930000
"Kepler-866 b",1.63000000,3.29000000,2.61703253600,996.00,4751.00,0.710000,0.750000
"Kepler-913 b",2.06000000,4.90000000,10.29672521000,1129.00,4687.00,0.610000,0.630000
"Kepler-910 b",0.82000000,0.47700000,2.36436901500,1752.00,6230.00,1.500000,1.260000
"Kepler-847 b",1.18000000,1.76000000,2.34323189500,1054.00,4940.00,0.770000,0.830000
"Kepler-846 b",2.48000000,6.71000000,19.80792185000,624.00,5579.00,0.910000,0.940000
"Kepler-795 b",1.68000000,3.46000000,29.61934210000,580.00,5631.00,0.960000,0.940000
"Kepler-794 b",2.11000000,5.10000000,11.13125132000,952.00,5839.00,1.380000,1.190000
"Kepler-865 b",2.49000000,6.76000000,14.16399294000,694.00,5570.00,0.920000,0.930000
"Kepler-909 b",1.47000000,2.76000000,13.93290318000,852.00,6154.00,1.230000,1.170000
"Kepler-916 b",1.76000000,3.75000000,32.29687980000,503.00,5248.00,0.810000,0.850000
"Kepler-845 b",2.04000000,4.82000000,0.92785982100,1361.00,4913.00,0.750000,0.790000
"Kepler-844 b",1.68000000,3.46000000,2.61302085600,713.00,4128.00,0.570000,0.590000
"Kepler-792 b",1.96000000,4.50000000,11.30119217000,852.00,5971.00,1.120000,1.090000
"Kepler-791 b",3.05000000,9.53000000,14.55397590000,939.00,6383.00,1.470000,1.300000
"Kepler-862 b",2.21000000,5.52000000,3.14866453400,1097.00,5333.00,0.840000,0.880000
"Kepler-861 b",2.28000000,5.82000000,3.94963137500,966.00,5047.00,0.780000,0.820000
"Kepler-930 b",2.13000000,5.18000000,71.45177750000,561.00,6335.00,1.400000,1.250000
"Kepler-842 b",1.60000000,3.19000000,1.21956827000,1252.00,4848.00,0.730000,0.780000
"Kepler-841 b",5.23000000,23.80000000,124.41983980000,416.00,5324.00,0.810000,0.850000
"Kepler-790 b",2.18000000,5.39000000,13.73469807000,634.00,5208.00,0.800000,0.840000
"Kepler-788 b",2.55000000,7.04000000,8.39846269000,984.00,6159.00,1.230000,1.160000
"Kepler-860 b",3.24000000,10.60000000,5.10137945400,1050.00,5836.00,1.060000,1.040000
"Kepler-924 b",3.07000000,9.64000000,61.03701170000,610.00,6167.00,1.230000,1.140000
"Kepler-923 b",1.38000000,2.48000000,6.93366476000,1104.00,5988.00,1.260000,1.110000
"Kepler-838 b",2.73000000,7.90000000,15.74957994000,777.00,5770.00,0.960000,0.980000
"Kepler-837 b",2.56000000,7.08000000,16.56059504000,701.00,5403.00,0.810000,0.850000
"Kepler-787 b",1.28000000,2.18000000,0.92831049800,1115.00,4248.00,0.620000,0.650000
"Kepler-465 b",2.95000000,9.01000000,9.94067246600,996.00,6310.00,1.290000,1.230000
"Kepler-856 b",9.30000000,63.30000000,8.02768059500,824.00,5535.00,0.930000,0.960000
"Kepler-890 b",8.89000000,58.60000000,52.75875577000,540.00,5954.00,1.130000,1.090000
"Kepler-927 b",1.72000000,3.61000000,9.11499030000,906.00,5743.00,0.990000,0.990000
"Kepler-926 b",2.31000000,5.95000000,52.06886010000,524.00,5806.00,1.010000,1.010000
"Kepler-892 b",2.81000000,8.30000000,13.75210720000,556.00,4747.00,0.720000,0.750000
"Kepler-933 b",2.46000000,6.62000000,14.20443009000,602.00,5346.00,0.840000,0.870000
"Kepler-826 b",1.25000000,2.10000000,4.48758907000,1305.00,6079.00,1.150000,1.050000
"Kepler-830 b",1.70000000,3.53000000,11.29695137000,907.00,6037.00,1.110000,1.070000
"Kepler-829 b",2.11000000,5.10000000,6.88337562000,857.00,5698.00,0.970000,0.980000
"Kepler-895 b",1.54000000,2.99000000,2.80624232800,771.00,4315.00,0.610000,0.650000
"Kepler-743 b",1.21000000,1.92000000,3.17926292100,1101.00,5486.00,0.850000,0.940000
"Kepler-823 b",1.57000000,3.09000000,4.16809082000,1277.00,5643.00,0.960000,0.980000
"Kepler-487 c",2.68000000,7.65000000,38.65199760000,487.00,5444.00,0.880000,0.910000
"Kepler-898 b",1.49000000,2.83000000,5.87061910000,616.00,4223.00,0.620000,0.650000
"Kepler-899 b",2.68000000,7.65000000,19.17891293000,640.00,5595.00,0.910000,0.930000
"Kepler-747 b",5.27000000,24.10000000,35.61760587000,456.00,5096.00,0.780000,0.820000
"Kepler-821 b",1.31000000,2.27000000,1.92279873000,1215.00,5191.00,0.800000,0.840000
"Kepler-498 b",3.03000000,9.43000000,9.61375356000,931.00,5744.00,0.960000,0.980000
"Kepler-887 b",1.84000000,4.04000000,20.42228798000,785.00,6194.00,1.290000,1.190000
"Kepler-901 b",1.37000000,2.45000000,3.51749439400,704.00,4184.00,0.570000,0.590000
"Kepler-900 b",2.08000000,4.98000000,6.99130860000,716.00,4836.00,0.730000,0.780000
"Kepler-751 b",2.46000000,6.62000000,17.44490636000,679.00,5387.00,0.840000,0.870000
"Kepler-755 b",1.76000000,3.75000000,1.26909037400,1331.00,5043.00,0.770000,0.820000
"Kepler-820 b",6.09000000,30.80000000,127.83380980000,554.00,6260.00,1.360000,1.230000
"Kepler-817 b",9.03000000,60.20000000,3.99010622900,1124.00,5861.00,1.030000,1.030000
"Kepler-886 b",1.52000000,2.92000000,6.24146367000,1111.00,6098.00,1.160000,1.100000
"Kepler-885 b",2.50000000,6.80000000,18.11472949000,830.00,6187.00,1.350000,1.210000
"Kepler-904 b",1.77000000,3.78000000,3.02166863200,1332.00,6160.00,1.250000,1.160000
"Kepler-905 b",1.41000000,2.57000000,5.08274651700,928.00,5461.00,0.860000,0.950000
"Kepler-756 b",1.12000000,1.46000000,1.22486632200,1741.00,5282.00,0.790000,0.820000
"Kepler-757 b",1.36000000,2.42000000,1.02267882100,1734.00,6014.00,1.130000,1.080000
"Kepler-815 b",4.11000000,15.80000000,8.57503552000,1374.00,5028.00,3.420000,1.250000
"Kepler-852 b",2.54000000,6.99000000,44.93098040000,565.00,6100.00,1.160000,1.190000
"Kepler-883 b",1.78000000,3.82000000,12.98495573000,818.00,6116.00,1.090000,1.060000
"Kepler-509 b",2.49000000,6.76000000,41.74600392000,584.00,6060.00,1.200000,1.100000
"Kepler-466 c",1.25000000,2.10000000,3.70921384600,1206.00,5927.00,1.050000,1.040000
"Kepler-502 b",4.77000000,20.40000000,4.28686431000,1217.00,6125.00,1.220000,1.150000
"Kepler-758 b",2.48000000,6.71000000,12.10971040000,1005.00,6228.00,1.420000,1.160000
"Kepler-813 b",2.14000000,5.22000000,19.12947337000,817.00,5743.00,0.930000,0.950000
"Kepler-811 b",2.70000000,7.75000000,23.58447697000,730.00,5747.00,1.240000,1.010000
"Kepler-882 b",1.23000000,2.04000000,3.98953966600,903.00,5476.00,0.870000,0.900000
"Kepler-880 b",2.66000000,7.56000000,7.71468975000,1622.00,6761.00,1.740000,1.460000
"Kepler-474 b",3.06000000,9.59000000,5.66067293500,1115.00,5785.00,1.080000,0.990000
"Kepler-760 b",3.06000000,9.59000000,8.70419416000,748.00,5322.00,0.850000,0.890000
"Kepler-810 b",1.93000000,4.38000000,4.59725385000,1105.00,5803.00,1.040000,1.030000
"Kepler-809 b",3.01000000,9.32000000,55.63934000000,478.00,5734.00,0.980000,0.990000
"Kepler-877 b",2.12000000,5.14000000,18.45847097000,632.00,5261.00,0.810000,0.850000
"Kepler-750 c",1.62000000,3.26000000,4.08899022000,1537.00,6160.00,1.230000,1.150000
"Kepler-255 d",1.32000000,2.30000000,1.04562265800,1710.00,5431.00,0.860000,0.900000
"Kepler-775 b",1.19000000,1.81000000,0.97486892600,1612.00,5468.00,0.840000,0.920000
"Kepler-500 b",2.58000000,7.18000000,8.50832439800,909.00,5813.00,1.030000,1.020000
"Kepler-808 b",1.46000000,2.73000000,0.63133235300,1322.00,4653.00,0.710000,0.760000
"Kepler-875 b",2.90000000,8.75000000,27.50737990000,569.00,5958.00,1.110000,1.060000
"Kepler-732 c",1.27000000,2.15000000,0.89304123600,893.00,3631.00,0.460000,0.490000
"Kepler-777 b",1.47000000,2.76000000,5.72812599000,569.00,4043.00,0.560000,0.580000
"Kepler-779 b",0.92000000,0.72100000,7.09714223000,425.00,3804.00,0.440000,0.460000
"Kepler-804 b",1.94000000,4.42000000,14.37457351000,779.00,5817.00,1.050000,1.010000
"Kepler-803 b",3.79000000,13.80000000,50.28638192000,543.00,5919.00,1.120000,1.050000
"Kepler-1049 b",0.95000000,0.80900000,3.27346073600,625.00,3864.00,0.490000,0.510000
"Kepler-969 b",2.07000000,4.94000000,34.17317140000,465.00,5214.00,0.820000,0.920000
"Kepler-1137 b",2.20000000,5.48000000,23.92107910000,1020.00,6807.00,1.840000,1.500000
"Kepler-975 b",1.48000000,2.79000000,1.97034245700,1599.00,4897.00,0.750000,0.800000
"Kepler-995 b",2.70000000,7.75000000,28.26731672000,517.00,5206.00,0.800000,0.830000
"Kepler-1054 b",2.63000000,7.41000000,4.30655689000,1177.00,6209.00,1.340000,1.220000
"Kepler-1033 b",2.51000000,6.85000000,7.56052806000,914.00,5547.00,0.920000,0.940000
"Kepler-1040 b",2.08000000,4.98000000,201.12140000000,300.00,5694.00,0.960000,0.980000
"Kepler-1138 b",1.70000000,3.53000000,3.17060005000,1080.00,5582.00,0.920000,0.950000
"Kepler-1139 b",1.19000000,1.81000000,0.81316671900,1693.00,5550.00,0.910000,0.940000
"Kepler-1060 b",2.38000000,6.26000000,46.87793670000,484.00,5797.00,0.990000,0.990000
"Kepler-1003 b",1.78000000,3.82000000,3.55485691500,1157.00,6109.00,1.170000,1.110000
"Kepler-1055 b",1.23000000,2.04000000,2.29503623300,1304.00,5723.00,0.940000,0.980000
"Kepler-998 b",2.32000000,5.99000000,5.65377733000,1020.00,6058.00,1.180000,1.120000
"Kepler-1017 b",1.99000000,4.62000000,7.23400469000,831.00,5473.00,0.870000,0.930000
"Kepler-974 b",1.57000000,3.09000000,4.19449651400,577.00,3687.00,0.500000,0.520000
"Kepler-1045 b",2.69000000,7.70000000,26.41045478000,512.00,5301.00,0.820000,0.860000
"Kepler-980 b",2.67000000,7.61000000,11.55102504000,845.00,5935.00,1.060000,1.050000
"Kepler-991 b",2.54000000,6.99000000,82.53425190000,260.00,4392.00,0.610000,0.640000
"Kepler-1072 b",1.58000000,3.12000000,1.56906650200,1849.00,6199.00,1.320000,1.200000
"Kepler-490 b",11.65000000,,3.26869515400,1597.00,6045.00,1.120000,1.080000
"Kepler-1018 b",2.58000000,7.18000000,49.10135140000,498.00,5518.00,0.880000,0.910000
"Kepler-1004 b",6.28000000,32.50000000,5.28789787000,1661.00,4972.00,3.390000,1.110000
"Kepler-997 b",1.36000000,2.42000000,2.70730671600,1709.00,6150.00,1.560000,1.220000
"Kepler-1151 b",2.22000000,5.56000000,65.64784240000,485.00,5470.00,0.850000,0.880000
"Kepler-1064 b",1.55000000,3.02000000,16.54080322000,570.00,5153.00,0.790000,0.850000
"Kepler-971 b",2.13000000,5.18000000,9.59070716000,1087.00,5431.00,0.850000,0.880000
"Kepler-1051 b",3.40000000,11.50000000,25.96200249000,850.00,6675.00,1.730000,1.430000
"Kepler-1007 b",1.44000000,2.67000000,5.18500207300,652.00,4587.00,0.700000,0.730000
"Kepler-968 b",2.00000000,4.66000000,3.69298372800,745.00,4598.00,0.700000,0.760000
"Kepler-1145 b",1.40000000,2.54000000,3.97076766000,958.00,5064.00,0.750000,0.790000
"Kepler-1147 b",2.61000000,7.32000000,10.62784997000,872.00,5941.00,1.140000,1.090000
"Kepler-1029 b",1.26000000,2.13000000,4.41769647900,790.00,5030.00,0.770000,0.820000
"Kepler-996 b",1.98000000,4.58000000,3.77059058400,1272.00,6014.00,1.140000,1.090000
"Kepler-966 b",4.13000000,16.00000000,99.74762200000,391.00,5840.00,1.020000,1.020000
"Kepler-1047 b",2.09000000,5.02000000,56.18868870000,503.00,5754.00,1.130000,1.080000
"Kepler-1149 b",1.44000000,2.67000000,3.73089898000,1128.00,5833.00,1.010000,1.020000
"Kepler-1148 b",1.69000000,3.50000000,1.10446350900,1397.00,5054.00,0.770000,0.810000
"Kepler-1057 b",3.36000000,11.20000000,14.08827448000,724.00,5987.00,1.100000,1.070000
"Kepler-1059 b",1.73000000,3.64000000,3.76419104800,908.00,4906.00,0.720000,0.750000
"Kepler-965 b",3.38000000,11.40000000,134.25272980000,393.00,5886.00,1.150000,1.050000
"Kepler-999 b",2.34000000,6.08000000,5.99185701700,1355.00,6237.00,1.650000,1.290000
"Kepler-1112 b",3.02000000,9.38000000,14.36267939000,918.00,6496.00,1.540000,1.340000
"Kepler-952 b",7.65000000,45.40000000,130.35469190000,369.00,5730.00,0.990000,1.000000
"Kepler-479 b",2.12000000,5.14000000,12.49341307000,649.00,5247.00,0.810000,0.860000
"Kepler-934 b",2.09000000,5.02000000,55.67383090000,384.00,5001.00,0.770000,0.810000
"Kepler-977 b",2.62000000,7.37000000,26.85328322000,544.00,5315.00,0.830000,0.870000
"Kepler-1021 b",2.33000000,6.04000000,13.47469571000,634.00,5431.00,0.860000,0.890000
"Kepler-979 b",2.72000000,7.85000000,8.08801350000,792.00,5310.00,0.830000,0.870000
"Kepler-982 b",2.25000000,5.69000000,15.77382210000,955.00,6139.00,1.290000,1.160000
"Kepler-936 b",1.45000000,2.70000000,10.56134221000,867.00,5482.00,0.890000,0.920000
"Kepler-938 b",2.22000000,5.56000000,52.62984170000,544.00,5533.00,0.890000,0.920000
"Kepler-1006 b",1.54000000,2.99000000,19.76172042000,791.00,5328.00,0.740000,0.780000
"Kepler-1009 b",2.17000000,5.35000000,11.35011917000,403.00,4027.00,0.570000,0.590000
"Kepler-976 b",3.96000000,14.90000000,105.95641480000,324.00,5232.00,0.830000,0.870000
"Kepler-1052 b",2.93000000,8.91000000,34.85382760000,522.00,5888.00,1.030000,1.030000
"Kepler-1120 b",1.38000000,2.48000000,2.94902905200,1027.00,4904.00,0.740000,0.780000
"Kepler-1123 b",1.67000000,3.43000000,4.33946454000,1061.00,5500.00,0.900000,0.930000
"Kepler-940 b",3.34000000,11.10000000,59.62252570000,486.00,5769.00,0.960000,0.970000
"Kepler-1035 b",1.17000000,1.71000000,2.71407755500,1301.00,5763.00,0.970000,0.980000
"Kepler-1027 b",0.89000000,0.64000000,1.90780519900,1268.00,5436.00,0.820000,0.910000
"Kepler-986 b",2.36000000,6.17000000,56.43499380000,465.00,5642.00,0.980000,0.960000
"Kepler-1011 b",2.87000000,8.60000000,5.75322197400,920.00,5416.00,0.880000,0.910000
"Kepler-1068 b",3.63000000,12.80000000,16.92344113000,702.00,5806.00,1.010000,1.010000
"Kepler-917 b",1.91000000,4.31000000,2.97041437500,991.00,5418.00,0.760000,0.800000
"Kepler-918 b",1.74000000,3.68000000,4.85386933000,1052.00,6028.00,1.140000,1.110000
"Kepler-978 b",2.99000000,9.22000000,49.62215090000,546.00,6002.00,1.090000,1.070000
"Kepler-1002 b",1.71000000,3.57000000,4.33642933100,1453.00,6144.00,1.570000,1.220000
"Kepler-493 b",15.13000000,,3.00387658100,1438.00,6457.00,1.540000,1.360000
"Kepler-1128 b",3.65000000,12.90000000,61.61781670000,424.00,5543.00,0.910000,0.940000
"Kepler-920 b",2.42000000,6.44000000,6.53192704000,907.00,5403.00,0.850000,0.890000
"Kepler-919 b",2.25000000,5.69000000,11.04603384000,869.00,6113.00,1.210000,1.150000
"Kepler-921 b",2.87000000,8.60000000,51.30063400000,492.00,5663.00,0.910000,0.930000
"Kepler-1015 b",3.55000000,12.30000000,16.00494214000,1040.00,6769.00,1.810000,1.490000
"Kepler-1005 b",1.50000000,2.86000000,6.49801525000,1026.00,5782.00,1.060000,1.000000
"Kepler-972 b",4.65000000,19.50000000,7.03932553000,1060.00,6146.00,1.220000,1.150000
"Kepler-1130 b",0.80000000,0.43700000,5.45298175000,904.00,5403.00,0.810000,0.900000
"Kepler-1131 b",1.59000000,3.15000000,3.53232449000,1159.00,5851.00,1.040000,1.030000
"Kepler-1025 b",1.98000000,4.58000000,37.32294930000,1654.00,6089.00,1.130000,1.090000
"Kepler-497 b",6.04000000,30.40000000,3.57320367100,1210.00,5834.00,1.110000,1.090000
"Kepler-994 b",1.60000000,3.19000000,1.15116650600,957.00,3934.00,0.540000,0.560000
"Kepler-1132 b",2.35000000,6.12000000,62.89162280000,384.00,5298.00,0.830000,0.870000
"Kepler-1069 b",1.60000000,3.19000000,23.89902960000,823.00,5722.00,0.980000,0.990000
"Kepler-1034 b",2.26000000,5.73000000,12.12400943000,675.00,5198.00,0.800000,0.830000
"Kepler-944 b",2.63000000,7.41000000,43.31677370000,459.00,5409.00,0.830000,0.860000
"Kepler-942 b",2.13000000,5.18000000,44.96417488000,379.00,4861.00,0.750000,0.810000
"Kepler-946 b",1.93000000,4.38000000,11.79162572000,857.00,5665.00,0.930000,0.940000
"Kepler-992 b",1.62000000,3.26000000,20.16034462000,510.00,4944.00,0.740000,0.800000
"Kepler-1134 b",2.64000000,7.46000000,17.13263989000,611.00,5281.00,0.810000,0.840000
"Kepler-1135 b",1.85000000,4.08000000,76.95785700000,451.00,5656.00,0.940000,0.960000
"Kepler-951 b",5.59000000,26.70000000,71.52530845000,340.00,4834.00,0.730000,0.770000
"Kepler-967 b",2.35000000,6.12000000,13.22713379000,638.00,5178.00,0.800000,0.840000
"Kepler-1013 b",2.15000000,5.27000000,18.93054959000,766.00,4954.00,0.760000,0.810000
"Kepler-1233 b",2.60000000,7.27000000,45.12630420000,604.00,6198.00,1.250000,1.160000
"Kepler-1234 b",2.81000000,8.30000000,11.94014029000,625.00,4967.00,0.760000,0.800000
"Kepler-523 b",1.96000000,4.50000000,5.83598311100,884.00,5515.00,0.860000,0.930000
"Kepler-1180 b",1.99000000,4.62000000,16.86012860000,765.00,6077.00,1.140000,1.090000
"Kepler-1181 b",1.57000000,3.09000000,4.89337519000,1374.00,6176.00,1.300000,1.170000
"Kepler-1189 b",1.77000000,3.78000000,3.78858982000,1158.00,6012.00,1.160000,1.110000
"Kepler-1236 b",2.14000000,5.22000000,31.05716180000,480.00,5337.00,0.820000,0.860000
"Kepler-1235 b",0.79000000,0.41800000,4.16055856000,985.00,5541.00,0.900000,0.930000
"Kepler-518 b",2.11000000,5.10000000,8.51203587700,839.00,5842.00,0.880000,0.960000
"Kepler-1276 b",1.19000000,1.81000000,12.57200950000,886.00,6188.00,1.210000,1.140000
"Kepler-1277 b",1.60000000,3.19000000,40.83650120000,496.00,5578.00,0.920000,0.940000
"Kepler-1182 b",2.41000000,6.39000000,11.17394617000,796.00,5924.00,1.050000,1.040000
"Kepler-549 b",2.57000000,11.00000000,42.94956490000,487.00,5360.00,0.840000,0.880000
"Kepler-1237 b",2.86000000,8.55000000,84.57332260000,366.00,5472.00,0.900000,0.940000
"Kepler-1279 b",1.75000000,3.71000000,23.47741010000,738.00,6221.00,1.330000,1.210000
"Kepler-1280 b",1.87000000,4.16000000,66.55790570000,757.00,6227.00,1.320000,1.200000
"Kepler-1076 b",0.80000000,0.43700000,6.14727918000,770.00,4868.00,0.740000,0.790000
"Kepler-1077 b",2.77000000,8.10000000,34.35118740000,576.00,5816.00,1.020000,1.020000
"Kepler-1193 b",1.32000000,2.30000000,2.83265213400,1453.00,5908.00,1.210000,1.080000
"Kepler-1194 b",1.51000000,2.89000000,16.22371307000,676.00,5590.00,0.920000,0.940000
"Kepler-1238 b",1.93000000,4.38000000,4.14787559000,1389.00,6386.00,1.480000,1.300000
"Kepler-1282 b",1.55000000,3.02000000,2.13194651300,1418.00,5504.00,0.890000,0.920000
"Kepler-1078 b",1.90000000,4.27000000,3.00725242000,1122.00,5612.00,0.920000,0.940000
"Kepler-1079 b",1.63000000,3.29000000,13.24503188000,887.00,5758.00,1.360000,1.080000
"Kepler-1242 b",2.26000000,5.73000000,13.62798432000,639.00,4895.00,0.740000,0.770000
"Kepler-1243 b",1.75000000,3.71000000,16.83207290000,690.00,5667.00,0.940000,0.960000
"Kepler-1081 b",1.01000000,1.01000000,3.85691854700,972.00,5345.00,0.840000,0.880000
"Kepler-1199 b",1.15000000,1.60000000,15.04471980000,931.00,5889.00,1.170000,0.940000
"Kepler-1202 b",2.94000000,8.96000000,28.68513240000,547.00,5834.00,1.040000,1.030000
"Kepler-519 b",2.10000000,5.06000000,24.30789460000,532.00,5260.00,0.800000,0.890000
"Kepler-1284 b",1.21000000,1.92000000,0.66407380600,1703.00,5123.00,0.790000,0.840000
"Kepler-1083 b",3.36000000,11.20000000,33.41779930000,448.00,5049.00,0.770000,0.810000
"Kepler-1203 b",1.06000000,1.20000000,0.58800076500,1188.00,4105.00,0.610000,0.640000
"Kepler-1204 b",3.05000000,9.53000000,85.73502850000,448.00,5825.00,1.030000,1.030000
"Kepler-1246 b",1.36000000,2.42000000,11.32271513000,554.00,4611.00,0.690000,0.730000
"Kepler-1289 b",1.52000000,2.92000000,7.99019627000,1113.00,6080.00,1.170000,1.100000
"Kepler-1087 b",0.61000000,0.16500000,0.69384285500,2161.00,5589.00,0.940000,0.960000
"Kepler-1086 b",2.44000000,6.53000000,18.78425728000,433.00,4350.00,0.660000,0.700000
"Kepler-1088 b",1.42000000,2.60000000,23.12748644000,667.00,5975.00,1.080000,1.080000
"Kepler-1206 b",1.64000000,3.33000000,1.21699766300,1314.00,4877.00,0.750000,0.800000
"Kepler-1205 b",1.41000000,2.57000000,1.07839035200,1667.00,5226.00,0.810000,0.840000
"Kepler-1249 b",2.38000000,6.26000000,24.33471270000,647.00,6202.00,1.280000,1.190000
"Kepler-1250 b",1.92000000,4.35000000,2.60754383400,1431.00,5717.00,0.980000,0.990000
"Kepler-1293 b",0.97000000,0.87100000,5.57654784000,1183.00,6241.00,1.280000,1.180000
"Kepler-513 b",2.20000000,5.48000000,28.86235584000,623.00,5849.00,1.060000,1.020000
"Kepler-1092 b",2.07000000,4.94000000,58.60179250000,508.00,5862.00,1.000000,0.990000
"Kepler-1209 b",1.51000000,2.89000000,25.36911600000,755.00,6210.00,1.380000,1.230000
"Kepler-1252 b",1.67000000,3.43000000,15.05403290000,665.00,5949.00,1.090000,1.060000
"Kepler-1253 b",1.33000000,2.33000000,68.88619150000,501.00,5850.00,1.100000,0.970000
"Kepler-1156 b",1.32000000,2.30000000,11.89520511000,787.00,5778.00,1.000000,1.000000
"Kepler-1155 b",2.03000000,4.78000000,33.46974300000,609.00,5842.00,1.030000,1.030000
"Kepler-1093 b",1.95000000,4.46000000,25.08246260000,776.00,6166.00,1.200000,1.130000
"Kepler-1094 b",3.18000000,10.20000000,78.10002310000,480.00,6112.00,1.210000,1.140000
"Kepler-1213 b",1.19000000,1.81000000,5.34982412000,1156.00,6050.00,1.210000,1.140000
"Kepler-1255 b",2.32000000,5.99000000,36.29193360000,694.00,6018.00,1.120000,1.080000
"Kepler-1256 b",1.49000000,2.83000000,12.41277540000,933.00,6129.00,1.360000,1.170000
"Kepler-1160 b",2.14000000,5.22000000,7.97034958000,839.00,5519.00,0.890000,0.920000
"Kepler-1158 b",2.34000000,6.08000000,13.53962930000,1079.00,6203.00,1.950000,1.410000
"Kepler-1097 b",3.26000000,10.70000000,187.74702900000,267.00,5211.00,0.790000,0.820000
"Kepler-1095 b",1.21000000,1.92000000,4.27103091000,1108.00,5658.00,0.920000,0.940000
"Kepler-1217 b",1.99000000,4.62000000,2.03232507200,1542.00,5905.00,1.080000,1.060000
"Kepler-1216 b",1.39000000,2.51000000,4.37034536000,1191.00,5743.00,0.980000,0.990000
"Kepler-1257 b",1.52000000,2.92000000,2.66831376200,1252.00,5502.00,0.870000,0.900000
"Kepler-1260 b",1.77000000,3.78000000,19.11877530000,823.00,5961.00,1.080000,1.060000
"Kepler-1163 b",1.03000000,1.08000000,6.11786898000,1211.00,6302.00,1.350000,1.220000
"Kepler-1100 b",1.75000000,3.71000000,6.42200058000,1000.00,6247.00,1.340000,1.210000
"Kepler-1098 b",1.30000000,2.24000000,2.54307285500,1319.00,5794.00,0.990000,0.990000
"Kepler-1261 b",2.26000000,5.73000000,48.43089910000,396.00,5006.00,0.770000,0.820000
"Kepler-1166 b",1.69000000,3.50000000,33.24068820000,486.00,5446.00,0.860000,0.900000
"Kepler-1167 b",1.71000000,3.57000000,1.00393373900,1419.00,4971.00,0.750000,0.790000
"Kepler-1103 b",2.27000000,5.77000000,19.79191978000,736.00,6092.00,1.150000,1.110000
"Kepler-1221 b",1.88000000,4.19000000,12.00096042000,632.00,5194.00,0.820000,0.870000
"Kepler-522 b",6.91000000,38.20000000,38.58422849000,761.00,6392.00,1.980000,1.540000
"Kepler-1264 b",1.18000000,1.76000000,0.96852602300,1677.00,5791.00,0.980000,0.990000
"Kepler-1169 b",0.94000000,0.77900000,6.11009134000,1125.00,6191.00,1.230000,1.240000
"Kepler-1168 b",2.50000000,6.80000000,55.82265390000,379.00,5157.00,0.820000,0.870000
"Kepler-1106 b",1.65000000,3.36000000,1.25275217400,2199.00,6104.00,1.170000,1.110000
"Kepler-1226 b",1.45000000,2.70000000,17.29234530000,809.00,5923.00,1.020000,1.020000
"Kepler-1266 b",2.58000000,7.18000000,28.47474800000,489.00,5044.00,0.760000,0.800000
"Kepler-1268 b",2.03000000,4.78000000,40.99039860000,627.00,5904.00,1.090000,1.060000
"Kepler-1171 b",2.56000000,7.08000000,1.44259224000,2700.00,7044.00,1.950000,1.580000
"Kepler-1172 b",3.20000000,10.30000000,26.02044230000,675.00,5558.00,0.890000,0.920000
"Kepler-1109 b",2.19000000,5.43000000,37.64673840000,787.00,5893.00,1.060000,1.050000
"Kepler-1110 b",2.66000000,7.56000000,9.69312032000,609.00,4781.00,0.700000,0.730000
"Kepler-1229 b",1.40000000,2.54000000,86.82898900000,212.00,3784.00,0.510000,0.540000
"Kepler-436 c",2.33000000,6.04000000,16.79713874000,503.00,4685.00,0.710000,0.750000
"Kepler-1270 b",3.32000000,11.00000000,6.03356196000,1598.00,5047.00,3.380000,1.280000
"Kepler-804 c",1.14000000,1.55000000,9.65185017000,890.00,5817.00,1.050000,1.010000
"Kepler-1230 b",2.71000000,7.80000000,9.95661537000,946.00,5961.00,1.080000,1.060000
"Kepler-1271 b",1.48000000,2.79000000,3.02559550000,1484.00,6143.00,1.230000,1.130000
"Kepler-1273 b",2.49000000,6.76000000,28.62565300000,573.00,5566.00,0.910000,0.940000
"Kepler-1177 b",1.90000000,4.27000000,106.24754700000,377.00,5712.00,0.970000,0.980000
"Kepler-1179 b",1.32000000,2.30000000,2.68505749200,1137.00,5212.00,0.810000,0.840000
"Kepler-1152 b",0.87000000,0.59000000,1.64680190800,806.00,3964.00,0.530000,0.550000
"Kepler-1186 b",2.23000000,5.60000000,16.07677615000,724.00,5635.00,0.930000,0.950000
"Kepler-535 b",2.36000000,6.17000000,4.90332155100,1247.00,6123.00,1.270000,1.180000
"Kepler-1411 b",2.82000000,8.35000000,86.11508880000,441.00,5664.00,0.920000,0.950000
"Kepler-1413 b",1.82000000,3.97000000,13.18296420000,661.00,5196.00,0.800000,0.840000
"Kepler-1317 b",1.56000000,3.05000000,0.56887442700,1796.00,5144.00,0.790000,0.830000
"Kepler-1318 b",3.11000000,9.85000000,213.25766300000,202.00,4598.00,0.700000,0.730000
"Kepler-1362 b",2.60000000,7.27000000,136.20562600000,248.00,4857.00,0.740000,0.800000
"Kepler-536 b",3.10000000,9.80000000,1.82708229900,1877.00,5524.00,0.890000,0.920000
"Kepler-1415 b",1.29000000,2.21000000,0.63642408000,1846.00,5267.00,0.840000,0.890000
"Kepler-1320 b",1.70000000,3.53000000,0.86838652800,1389.00,4817.00,0.740000,0.800000
"Kepler-1321 b",4.92000000,21.50000000,11.12830484000,408.00,4094.00,0.530000,0.540000
"Kepler-1366 b",1.43000000,2.63000000,2.16457096800,783.00,4070.00,0.600000,0.620000
"Kepler-903 c",2.53000000,6.94000000,62.92285570000,462.00,5682.00,0.970000,0.980000
"Kepler-758 e",1.53000000,2.96000000,8.19347190000,1144.00,6228.00,1.420000,1.160000
"Kepler-1417 b",1.00000000,0.97200000,20.35052130000,695.00,5839.00,1.020000,1.020000
"Kepler-1322 b",1.61000000,3.22000000,0.96286738200,1666.00,5488.00,0.870000,0.900000
"Kepler-525 b",2.63000000,7.41000000,18.68404933000,832.00,5573.00,1.150000,0.950000
"Kepler-722 c",2.82000000,8.35000000,105.14474900000,401.00,5863.00,1.050000,1.030000
"Kepler-1422 b",2.02000000,4.74000000,18.60519420000,833.00,6194.00,1.230000,1.150000
"Kepler-1327 b",1.80000000,3.89000000,14.88801098000,831.00,5885.00,1.030000,1.020000
"Kepler-1368 b",1.65000000,3.36000000,0.67564948600,2085.00,5906.00,1.080000,1.070000
"Kepler-769 c",1.79000000,3.86000000,15.98701740000,803.00,6186.00,1.280000,1.190000
"Kepler-770 c",1.20000000,1.87000000,1.47532231400,2740.00,5598.00,0.920000,0.940000
"Kepler-1430 b",1.18000000,1.76000000,2.46050993000,969.00,4796.00,0.720000,0.770000
"Kepler-1431 b",1.47000000,2.76000000,5.86601526000,1064.00,5806.00,1.030000,1.030000
"Kepler-1328 b",0.98000000,0.90400000,4.52158888000,1214.00,5780.00,0.990000,1.000000
"Kepler-1329 b",2.17000000,5.35000000,9.33646594000,577.00,4500.00,0.690000,0.720000
"Kepler-527 b",2.84000000,8.45000000,13.28535633000,1157.00,6388.00,1.450000,1.280000
"Kepler-1371 b",0.73000000,0.31500000,3.44620390000,1015.00,5361.00,0.830000,0.870000
"Kepler-770 d",1.40000000,2.54000000,4.15244722000,1941.00,5598.00,0.920000,0.940000
"Kepler-896 b",2.53000000,6.94000000,144.54739600000,303.00,5262.00,0.810000,0.840000
"Kepler-1427 b",1.10000000,1.37000000,0.96897237600,1844.00,5793.00,1.010000,1.010000
"Kepler-1332 b",1.37000000,2.45000000,11.87456832000,728.00,5581.00,0.900000,0.950000
"Kepler-1330 b",1.65000000,3.36000000,10.10769068000,879.00,5608.00,0.940000,0.970000
"Kepler-1373 b",1.16000000,1.65000000,1.29123275000,1887.00,6299.00,1.330000,1.220000
"Kepler-1374 b",2.29000000,5.86000000,10.65276707000,737.00,5323.00,0.810000,0.850000
"Kepler-1311 c",1.22000000,1.98000000,2.53573424000,1671.00,5748.00,1.400000,1.050000
"Kepler-1428 b",1.64000000,3.33000000,10.67607169000,1049.00,6184.00,1.360000,1.280000
"Kepler-1429 b",1.29000000,2.21000000,4.48487493000,1199.00,5902.00,1.070000,1.050000
"Kepler-1335 b",1.45000000,2.70000000,6.26406846000,809.00,4903.00,0.740000,0.770000
"Kepler-528 b",2.08000000,4.98000000,19.78297415000,708.00,5807.00,1.060000,1.010000
"Kepler-1321 c",2.40000000,6.35000000,2.22649108600,697.00,4094.00,0.530000,0.540000
"Kepler-1433 b",1.56000000,3.05000000,4.13592271000,1226.00,6097.00,1.190000,1.140000
"Kepler-1337 b",2.41000000,6.39000000,24.40025490000,437.00,4523.00,0.670000,0.700000
"Kepler-1339 b",0.71000000,0.28500000,1.34155512700,1642.00,5586.00,0.930000,0.940000
"Kepler-1377 b",1.25000000,2.10000000,0.74092842200,1873.00,5218.00,0.820000,0.860000
"Kepler-1378 b",2.20000000,5.48000000,11.95398936000,525.00,4407.00,0.670000,0.700000
"Kepler-1370 c",1.27000000,2.15000000,7.44142113000,1075.00,6202.00,1.290000,1.190000
"Kepler-1295 b",1.55000000,3.02000000,3.81371974000,1029.00,5486.00,0.890000,0.920000
"Kepler-1296 b",0.91000000,0.69300000,8.38398650000,1285.00,5359.00,0.830000,0.870000
"Kepler-1341 b",2.99000000,9.22000000,132.99683220000,241.00,4662.00,0.720000,0.790000
"Kepler-529 b",1.86000000,4.12000000,1.98035766300,1662.00,6087.00,1.140000,1.070000
"Kepler-1380 b",1.43000000,2.63000000,10.31082450000,786.00,5570.00,0.940000,0.960000
"Kepler-1391 b",1.68000000,3.46000000,54.40923330000,513.00,5840.00,1.100000,1.030000
"Kepler-1392 b",1.96000000,4.50000000,15.14103970000,714.00,5479.00,0.850000,0.880000
"Kepler-1297 b",0.97000000,0.87100000,1.68189002000,1790.00,5818.00,0.990000,0.990000
"Kepler-1343 b",1.93000000,4.38000000,3.35183158000,1294.00,5759.00,0.930000,0.950000
"Kepler-1344 b",1.84000000,4.04000000,4.76830490000,1219.00,5981.00,1.130000,1.090000
"Kepler-1383 b",1.41000000,2.57000000,13.90935830000,928.00,6370.00,1.440000,1.260000
"Kepler-1381 b",2.25000000,5.69000000,25.38426860000,649.00,5747.00,0.940000,0.960000
"Kepler-1393 b",0.80000000,0.43700000,2.44357812000,1249.00,5697.00,0.920000,0.950000
"Kepler-1300 b",1.37000000,2.45000000,22.24190920000,954.00,6130.00,1.790000,1.290000
"Kepler-616 c",3.41000000,11.50000000,90.41135560000,413.00,5753.00,0.970000,0.980000
"Kepler-1347 b",1.03000000,1.08000000,14.00947528000,617.00,5193.00,0.790000,0.820000
"Kepler-1345 b",2.36000000,6.17000000,44.61695570000,693.00,6449.00,1.550000,1.320000
"Kepler-1385 b",0.85000000,0.54300000,2.88879862000,1423.00,5732.00,1.290000,1.150000
"Kepler-1384 b",1.94000000,4.42000000,15.36262753000,608.00,4919.00,0.740000,0.780000
"Kepler-1397 b",1.72000000,3.61000000,47.44995500000,551.00,6026.00,1.120000,1.090000
"Kepler-1398 b",0.90000000,0.66600000,2.78815679000,1510.00,6126.00,1.180000,1.130000
"Kepler-1396 b",2.07000000,4.94000000,18.22064210000,786.00,6195.00,1.270000,1.180000
"Kepler-1302 b",1.43000000,2.63000000,8.83922659000,778.00,5236.00,0.820000,0.860000
"Kepler-1304 b",2.29000000,5.86000000,16.12888530000,715.00,5259.00,0.810000,0.850000
"Kepler-1350 b",2.52000000,6.90000000,4.49686040000,535.00,3827.00,0.530000,0.550000
"Kepler-1348 b",1.94000000,4.42000000,27.57227420000,636.00,5911.00,1.040000,1.040000
"Kepler-1387 b",0.93000000,0.74900000,2.27952665600,1123.00,5046.00,0.770000,0.820000
"Kepler-1398 c",1.03000000,1.08000000,4.13827595000,1324.00,6126.00,1.180000,1.130000
"Kepler-1400 b",1.62000000,3.26000000,9.06689421000,725.00,5044.00,0.780000,0.830000
"Kepler-1307 b",2.47000000,6.66000000,18.01621096000,768.00,5884.00,1.080000,1.060000
"Kepler-1351 b",0.65000000,0.20800000,0.91614076800,1212.00,4439.00,0.670000,0.700000
"Kepler-521 b",3.18000000,10.20000000,22.20813214000,803.00,6406.00,1.460000,1.340000
"Kepler-1390 b",1.18000000,1.76000000,6.48021673000,934.00,5753.00,0.980000,0.980000
"Kepler-531 b",2.78000000,8.15000000,29.88485741000,453.00,4893.00,0.750000,0.780000
"Kepler-1389 b",1.77000000,3.78000000,99.25309510000,300.00,5078.00,0.740000,0.810000
"Kepler-1401 b",1.68000000,3.46000000,11.20066445000,808.00,5964.00,1.100000,1.070000
"Kepler-1402 b",0.76000000,0.36300000,2.03387914000,1789.00,5416.00,0.870000,0.900000
"Kepler-1308 b",0.52000000,0.09330000,2.10433811900,662.00,3468.00,0.340000,0.350000
"Kepler-1309 b",2.37000000,6.21000000,28.84326470000,491.00,5235.00,0.800000,0.850000
"Kepler-1352 b",0.89000000,0.64000000,1.87788274800,1701.00,6118.00,1.160000,1.110000
"Kepler-1353 b",1.80000000,3.89000000,24.75439660000,491.00,4776.00,0.720000,0.760000
"Kepler-532 b",2.57000000,7.13000000,12.92491623000,620.00,5192.00,0.790000,0.870000
"Kepler-1403 b",2.14000000,5.22000000,5.19492202000,1238.00,6060.00,1.150000,1.110000
"Kepler-1405 b",3.96000000,14.90000000,28.22741840000,565.00,5925.00,1.070000,1.050000
"Kepler-1310 b",1.44000000,2.67000000,0.67933627200,1883.00,5549.00,0.880000,0.910000
"Kepler-1312 b",2.10000000,5.06000000,5.44832528600,978.00,5719.00,0.920000,0.990000
"Kepler-517 b",2.67000000,7.61000000,60.92832271000,467.00,5690.00,0.980000,0.950000
"Kepler-1356 b",1.53000000,2.96000000,0.63400293700,1714.00,5106.00,0.780000,0.820000
"Kepler-1354 b",2.97000000,9.11000000,76.61337700000,466.00,6168.00,1.240000,1.160000
"Kepler-1050 c",1.48000000,2.79000000,21.12845690000,935.00,6010.00,1.130000,1.090000
"Kepler-1407 b",2.25000000,5.69000000,20.07115040000,826.00,6010.00,1.150000,1.100000
"Kepler-1313 b",1.76000000,3.75000000,3.83309117800,1012.00,5453.00,0.850000,0.920000
"Kepler-1359 b",2.83000000,8.40000000,59.49709520000,369.00,4709.00,0.720000,0.780000
"Kepler-1360 b",3.40000000,11.50000000,40.52864130000,933.00,6778.00,1.830000,1.510000
"Kepler-1611 b",0.81000000,0.45700000,5.17624290000,1243.00,5605.00,0.930000,0.940000
"Kepler-1463 b",1.86000000,4.12000000,25.15864000000,619.00,5679.00,0.950000,0.960000
"Kepler-1543 b",2.71000000,7.80000000,6.96710269000,1774.00,6561.00,1.650000,1.390000
"Kepler-1578 b",1.04000000,1.12000000,1.45088690700,1700.00,5545.00,0.860000,0.900000
"Kepler-626 b",2.29000000,5.86000000,14.48585199000,784.00,5813.00,1.050000,1.010000
"Kepler-1465 b",1.77000000,3.78000000,31.82771110000,668.00,4726.00,0.710000,0.750000
"Kepler-1466 b",1.55000000,3.02000000,31.17504480000,585.00,5884.00,1.020000,1.010000
"Kepler-1546 b",3.13000000,9.96000000,19.59749710000,671.00,5623.00,0.930000,0.950000
"Kepler-1548 b",2.64000000,7.46000000,124.82867900000,350.00,5706.00,0.970000,0.990000
"Kepler-1613 b",2.08000000,4.98000000,1.51842990000,1926.00,6005.00,1.120000,1.080000
"Kepler-1468 c",1.15000000,1.60000000,3.54553021000,1448.00,5893.00,1.050000,1.040000
"Kepler-1582 b",1.49000000,2.83000000,4.83817712000,354.00,3208.00,0.300000,0.280000
"Kepler-1469 b",2.80000000,8.25000000,21.86353010000,551.00,5507.00,0.890000,0.920000
"Kepler-633 b",1.63000000,3.29000000,8.50340718000,1021.00,5899.00,1.150000,1.020000
"Kepler-1550 b",3.02000000,9.38000000,225.58280900000,348.00,5991.00,1.110000,1.070000
"Kepler-1552 b",2.47000000,6.66000000,184.77185300000,268.00,5202.00,0.780000,0.850000
"Kepler-1584 b",1.61000000,3.22000000,13.39970990000,886.00,6069.00,1.130000,1.100000
"Kepler-556 b",2.24000000,5.65000000,11.72292176000,766.00,5740.00,0.980000,1.000000
"Kepler-629 b",1.38000000,2.48000000,7.23858540000,816.00,5444.00,0.840000,0.930000
"Kepler-630 b",3.18000000,10.20000000,161.47439370000,343.00,5829.00,1.040000,1.020000
"Kepler-1470 b",1.07000000,1.24000000,16.29509030000,574.00,4961.00,0.760000,0.800000
"Kepler-1475 b",2.92000000,8.85000000,82.17737400000,441.00,6214.00,1.280000,1.180000
"Kepler-1476 b",1.67000000,3.43000000,10.35863224000,860.00,5663.00,0.960000,0.980000
"Kepler-154 f",1.50000000,2.86000000,9.91935684000,838.00,5769.00,0.980000,0.980000
"Kepler-1165 b",1.55000000,3.02000000,9.47852200000,946.00,6080.00,1.180000,1.130000
"Kepler-1587 b",1.33000000,2.33000000,9.40604670000,981.00,5933.00,1.220000,1.080000
"Kepler-579 b",2.00000000,4.66000000,9.66857723000,730.00,5636.00,0.960000,0.990000
"Kepler-1619 b",0.76000000,0.36300000,23.62259130000,797.00,5852.00,1.000000,1.000000
"Kepler-132 e",1.18000000,1.76000000,110.28693740000,414.00,6023.00,1.100000,1.030000
"Kepler-1471 b",1.41000000,2.57000000,3.63899398000,1238.00,5660.00,0.930000,0.950000
"Kepler-1554 b",2.90000000,8.75000000,198.08877400000,288.00,5297.00,0.810000,0.840000
"Kepler-541 b",3.36000000,11.20000000,5.08005848000,1673.00,6166.00,2.060000,1.410000
"Kepler-1589 b",1.09000000,1.32000000,0.99166527400,2102.00,6166.00,1.250000,1.180000
"Kepler-686 b",12.15000000,,1.59474546300,1539.00,5649.00,0.920000,0.940000
"Kepler-1473 b",1.19000000,1.81000000,14.42735510000,783.00,6046.00,1.090000,1.090000
"Kepler-1472 b",1.90000000,4.27000000,38.13128310000,613.00,6159.00,1.250000,1.160000
"Kepler-1474 b",2.16000000,5.31000000,36.43334520000,561.00,5870.00,1.040000,1.040000
"Kepler-1556 b",1.96000000,4.50000000,8.82713457000,797.00,5608.00,0.950000,0.970000
"Kepler-542 b",1.57000000,3.09000000,13.14497566000,698.00,5526.00,0.900000,0.930000
"Kepler-1592 b",1.54000000,2.99000000,3.05710069000,1202.00,6213.00,1.280000,1.180000
"Kepler-1623 b",1.31000000,2.27000000,4.36128348000,1000.00,5772.00,1.000000,1.000000
"Kepler-1622 b",1.47000000,2.76000000,10.81187370000,922.00,6436.00,1.500000,1.310000
"Kepler-631 b",2.90000000,8.75000000,17.97979059000,828.00,6185.00,1.330000,1.240000
"Kepler-1477 b",1.18000000,1.76000000,11.55530021000,674.00,5100.00,0.780000,0.810000
"Kepler-1478 b",1.73000000,3.64000000,26.08405940000,598.00,5904.00,1.060000,1.040000
"Kepler-1558 b",0.68000000,0.24400000,3.50470358000,1019.00,5101.00,0.790000,0.830000
"Kepler-1557 b",1.53000000,2.96000000,3.74032496000,1287.00,6099.00,1.170000,1.110000
"Kepler-544 b",2.12000000,5.14000000,21.41616926000,748.00,6206.00,1.220000,1.160000
"Kepler-1442 b",3.93000000,14.70000000,81.41629410000,522.00,6394.00,1.440000,1.340000
"Kepler-1435 b",0.86000000,0.56600000,4.45343281000,1331.00,6356.00,1.320000,1.210000
"Kepler-1559 b",0.72000000,0.29900000,0.97191542800,1609.00,5316.00,0.820000,0.860000
"Kepler-1596 b",1.90000000,4.27000000,66.37337900000,471.00,5706.00,0.920000,0.950000
"Kepler-403 d",1.42000000,2.60000000,13.61159129000,958.00,6209.00,1.450000,1.250000
"Kepler-1443 b",0.97000000,0.87100000,2.41811321000,1602.00,6289.00,1.270000,1.190000
"Kepler-1438 b",0.94000000,0.77900000,2.31942009000,1490.00,5530.00,0.960000,0.970000
"Kepler-1562 b",3.55000000,12.30000000,64.27377520000,554.00,5760.00,1.050000,1.020000
"Kepler-1561 b",1.09000000,1.32000000,1.00520700700,1682.00,5957.00,1.110000,1.070000
"Kepler-1598 b",0.95000000,0.80900000,4.34195123000,1236.00,5940.00,1.090000,1.070000
"Kepler-1445 b",0.96000000,0.84000000,10.60052251000,987.00,6150.00,1.260000,1.130000
"Kepler-511 b",6.35000000,33.10000000,296.63786500000,332.00,5770.00,1.200000,1.000000
"Kepler-1564 b",1.47000000,2.76000000,18.05403810000,635.00,5528.00,0.900000,0.930000
"Kepler-1563 b",0.75000000,0.34700000,3.43276598000,1134.00,5765.00,0.990000,1.000000
"Kepler-1565 b",1.19000000,1.81000000,1.53818843700,1234.00,4940.00,0.730000,0.760000
"Kepler-1602 b",1.34000000,2.36000000,11.17931605000,1159.00,6296.00,1.360000,1.220000
"Kepler-1448 b",1.61000000,3.22000000,12.27065865000,811.00,5774.00,0.930000,0.950000
"Kepler-1449 b",1.68000000,3.46000000,13.22745280000,867.00,5979.00,1.100000,1.080000
"Kepler-1566 b",0.79000000,0.41800000,0.53991523800,1871.00,5254.00,0.810000,0.840000
"Kepler-1567 b",2.73000000,7.90000000,153.97957800000,330.00,5655.00,0.930000,0.950000
"Kepler-597 b",2.37000000,6.21000000,13.02365861000,743.00,5683.00,0.950000,0.970000
"Kepler-1603 b",1.29000000,2.21000000,2.27163926000,1522.00,6241.00,1.310000,1.210000
"Kepler-1450 b",1.71000000,3.57000000,54.50941660000,308.00,4524.00,0.680000,0.710000
"Kepler-1451 b",3.35000000,11.20000000,35.62223300000,523.00,5782.00,0.990000,1.000000
"Kepler-603 d",1.32000000,2.30000000,6.21712920000,1098.00,5808.00,1.010000,1.010000
"Kepler-605 c",0.86000000,0.56600000,2.35895151500,1278.00,5462.00,0.880000,0.910000
"Kepler-1568 b",1.30000000,2.24000000,20.92539200000,729.00,5956.00,1.190000,1.090000
"Kepler-1606 b",2.07000000,4.94000000,196.43522400000,324.00,5422.00,0.860000,0.900000
"Kepler-1452 b",2.70000000,7.75000000,42.91375100000,810.00,6101.00,2.060000,1.410000
"Kepler-1571 b",1.52000000,2.92000000,3.38555488000,1476.00,6297.00,1.390000,1.230000
"Kepler-1570 b",1.07000000,1.24000000,26.54895500000,836.00,5550.00,0.890000,0.920000
"Kepler-1572 b",0.94000000,0.77900000,5.49548621000,1293.00,5618.00,0.950000,0.970000
"Kepler-1607 b",0.92000000,0.72100000,13.64736760000,913.00,6116.00,1.210000,1.140000
"Kepler-1609 b",2.22000000,5.56000000,114.34219000000,429.00,6132.00,1.270000,1.180000
"Kepler-1457 b",1.99000000,4.62000000,51.11102430000,478.00,5866.00,1.010000,1.010000
"Kepler-1458 b",2.76000000,8.05000000,47.98727640000,493.00,5653.00,0.940000,0.960000
"Kepler-217 d",1.32000000,2.30000000,3.88689525000,1574.00,6341.00,1.760000,1.370000
"Kepler-625 c",1.05000000,1.16000000,4.16536510000,1048.00,5789.00,0.960000,1.040000
"Kepler-653 c",0.78000000,0.39900000,0.90037647600,2078.00,5665.00,1.190000,1.020000
"Kepler-1575 b",1.31000000,2.27000000,2.55314213000,1312.00,5667.00,0.920000,0.950000
"Kepler-578 b",2.00000000,4.66000000,1.61688369600,1774.00,5334.00,0.830000,0.870000
"Kepler-1461 b",2.03000000,4.78000000,29.34947750000,451.00,4919.00,0.740000,0.790000
"Kepler-1541 b",1.16000000,1.65000000,8.40691199000,1048.00,5282.00,0.810000,0.860000
"Kepler-1576 b",1.04000000,1.12000000,6.98471973000,1059.00,5876.00,1.060000,1.050000
"Kepler-603 b",2.65000000,7.51000000,21.05358596000,731.00,5808.00,1.010000,1.010000
"Kepler-640 b",2.56000000,7.08000000,22.24813967000,609.00,5653.00,0.940000,1.010000
"Kepler-722 b",2.63000000,7.41000000,4.09357325200,1182.00,5863.00,1.050000,1.030000
"Kepler-634 b",1.89000000,4.23000000,5.16950177000,1309.00,6075.00,1.240000,1.030000
"Kepler-701 b",2.84000000,8.45000000,10.35533177000,777.00,5343.00,0.840000,0.880000
"Kepler-709 b",2.92000000,8.85000000,16.08524954000,613.00,5071.00,0.770000,0.800000
"Kepler-1625 b",6.06000000,30.60000000,287.37894900000,350.00,5677.00,0.940000,0.960000
"Kepler-1501 b",1.56000000,3.05000000,14.55645330000,787.00,6229.00,1.300000,1.200000
"Kepler-1500 b",1.20000000,1.87000000,15.03301050000,928.00,5845.00,1.000000,1.000000
"Kepler-1522 b",1.73000000,3.64000000,1.84788917100,1374.00,5706.00,0.930000,0.960000
"Kepler-702 b",9.17000000,61.80000000,10.52629406300,713.00,5419.00,0.860000,0.900000
"Kepler-641 b",1.85000000,4.08000000,9.48961571000,926.00,5713.00,1.130000,1.020000
"Kepler-1626 b",2.02000000,4.74000000,4.13962966000,1352.00,6826.00,1.850000,1.510000
"Kepler-609 b",3.35000000,11.20000000,6.52121066600,932.00,5971.00,1.140000,1.090000
"Kepler-724 b",3.29000000,10.80000000,3.31494633800,1155.00,5437.00,0.860000,0.900000
"Kepler-1504 b",2.13000000,5.18000000,82.30400300000,485.00,5393.00,0.810000,0.850000
"Kepler-1505 b",0.93000000,0.74900000,30.86093660000,525.00,5686.00,0.860000,0.930000
"Kepler-1524 b",3.54000000,12.30000000,70.96746030000,438.00,6179.00,1.250000,1.170000
"Kepler-495 b",5.23000000,23.80000000,3.41303622100,1200.00,5346.00,0.830000,0.860000
"Kepler-710 b",1.88000000,4.19000000,4.34728552700,1174.00,5611.00,0.910000,0.940000
"Kepler-540 b",2.71000000,7.80000000,172.70497840000,355.00,5946.00,1.080000,1.020000
"Kepler-1644 b",1.88000000,4.19000000,21.09077580000,606.00,5499.00,0.860000,0.890000
"Kepler-1507 b",0.84000000,0.52000000,16.05062130000,630.00,5410.00,0.850000,0.890000
"Kepler-1506 b",1.32000000,2.30000000,14.03291540000,783.00,5676.00,0.930000,0.950000
"Kepler-1086 c",2.94000000,8.96000000,161.51633450000,211.00,4350.00,0.660000,0.700000
"Kepler-604 b",2.59000000,7.22000000,25.85501786000,637.00,5890.00,1.030000,1.020000
"Kepler-1627 b",3.69000000,13.20000000,7.20283653000,794.00,5445.00,0.840000,0.870000
"Kepler-1510 b",3.36000000,11.20000000,84.70392100000,537.00,6200.00,1.280000,1.190000
"Kepler-1511 b",1.68000000,3.46000000,23.23827920000,903.00,6064.00,1.290000,1.170000
"Kepler-1526 b",2.43000000,6.48000000,3.90863200500,787.00,4601.00,0.690000,0.730000
"Kepler-643 b",10.16000000,321.00830000,16.33889626000,963.00,4908.00,2.520000,1.000000
"Kepler-642 b",2.90000000,8.75000000,4.41745855000,1810.00,6570.00,1.660000,1.400000
"Kepler-711 b",3.41000000,11.50000000,23.58914398000,487.00,5222.00,0.800000,0.840000
"Kepler-726 b",3.26000000,10.70000000,21.80451088000,543.00,5452.00,0.850000,0.880000
"Kepler-401 d",2.27000000,5.77000000,184.25640500000,380.00,6184.00,1.290000,1.170000
"Kepler-1512 b",1.18000000,1.76000000,20.35972599000,322.00,4372.00,0.670000,0.730000
"Kepler-1528 b",1.46000000,2.73000000,1.79111020500,1549.00,5857.00,1.030000,1.030000
"Kepler-1529 b",2.10000000,5.06000000,5.33905686000,817.00,5048.00,0.770000,0.810000
"Kepler-1388 d",2.86000000,8.55000000,20.95681580000,363.00,4098.00,0.610000,0.630000
"Kepler-622 b",2.13000000,5.18000000,14.28226676000,446.00,4201.00,0.610000,0.640000
"Kepler-1530 b",1.64000000,3.33000000,2.59044340000,1484.00,5477.00,0.880000,0.920000
"Kepler-1530 c",1.65000000,3.36000000,5.32274060000,1167.00,5477.00,0.880000,0.920000
"Kepler-1632 b",2.47000000,6.66000000,448.30355800000,369.00,6137.00,1.190000,1.120000
"Kepler-1631 b",1.35000000,2.39000000,4.09513932000,1122.00,5679.00,0.950000,0.970000
"Kepler-1534 b",1.89000000,4.23000000,5.71668872000,955.00,5442.00,0.860000,0.900000
"Kepler-1531 b",1.11000000,1.41000000,1.13854337600,2537.00,6260.00,1.270000,1.160000
"Kepler-1093 c",1.96000000,4.50000000,89.72229200000,508.00,6166.00,1.200000,1.130000
"Kepler-714 b",9.67000000,67.60000000,8.09888798600,986.00,5995.00,1.120000,1.090000
"Kepler-1633 b",1.58000000,3.12000000,186.40427100000,925.00,6256.00,1.320000,1.200000
"Kepler-713 b",2.48000000,6.71000000,7.41114100000,905.00,5785.00,0.990000,0.980000
"Kepler-1480 b",1.67000000,3.43000000,22.12679948000,721.00,5156.00,0.810000,0.850000
"Kepler-1479 b",1.83000000,4.01000000,14.53261362000,746.00,5796.00,0.980000,0.990000
"Kepler-1481 b",1.23000000,2.04000000,5.94220998000,797.00,4908.00,0.750000,0.800000
"Kepler-990 c",1.53000000,2.96000000,0.53835430800,2386.00,5948.00,1.080000,1.050000
"Kepler-969 c",0.99000000,0.93700000,1.68293460400,1270.00,5214.00,0.820000,0.920000
"Kepler-489 b",7.72000000,46.10000000,17.27629611900,538.00,5014.00,0.760000,0.820000
"Kepler-1532 b",1.35000000,2.39000000,1.09366355900,1681.00,5559.00,0.880000,0.910000
"Kepler-605 b",1.44000000,2.67000000,3.38353806600,1133.00,5462.00,0.880000,0.910000
"Kepler-1635 b",3.64000000,12.90000000,469.63111000000,200.00,5347.00,0.850000,0.890000
"Kepler-1483 b",1.52000000,2.92000000,9.50851560000,1131.00,6337.00,1.400000,1.250000
"Kepler-545 b",2.69000000,7.70000000,13.24934059000,806.00,5882.00,1.070000,1.040000
"Kepler-636 b",4.45000000,18.10000000,16.08066114700,614.00,5203.00,0.800000,0.850000
"Kepler-1016 c",3.68000000,13.10000000,105.65513690000,407.00,5821.00,1.000000,0.990000
"Kepler-1535 b",2.55000000,7.04000000,138.94420000000,384.00,6021.00,1.110000,1.080000
"Kepler-600 b",2.90000000,8.75000000,23.67517607000,528.00,5279.00,0.810000,0.840000
"Kepler-717 b",2.42000000,6.44000000,4.40840023000,1139.00,5485.00,0.850000,0.880000
"Kepler-1485 b",1.47000000,2.76000000,19.91577250000,728.00,6087.00,1.120000,1.110000
"Kepler-1484 b",2.11000000,5.10000000,30.45491360000,624.00,5730.00,0.920000,0.940000
"Kepler-1486 b",2.32000000,5.99000000,54.64957590000,538.00,5965.00,1.120000,1.080000
"Kepler-342 e",0.88000000,0.61500000,1.64422461300,1897.00,6366.00,1.340000,1.260000
"Kepler-582 b",3.68000000,13.10000000,18.49235668000,603.00,5564.00,0.910000,0.930000
"Kepler-1129 c",2.73000000,7.90000000,76.53695860000,503.00,5831.00,1.000000,1.000000
"Kepler-1538 b",2.82000000,8.35000000,175.13881900000,346.00,5837.00,1.030000,1.030000
"Kepler-644 b",3.15000000,10.10000000,3.17391710300,1655.00,6747.00,1.810000,1.490000
"Kepler-1487 b",2.13000000,5.18000000,7.31946363000,1682.00,6541.00,1.630000,1.380000
"Kepler-581 b",2.63000000,7.41000000,40.60698210000,521.00,5772.00,1.000000,1.000000
"Kepler-1516 b",1.75000000,3.71000000,7.25931979000,967.00,5904.00,1.070000,1.040000
"Kepler-1047 c",0.99000000,0.93700000,3.18897601000,1309.00,5754.00,1.130000,1.080000
"Kepler-1409 b",1.04000000,1.12000000,0.76486492600,1733.00,5160.00,0.790000,0.830000
"Kepler-585 b",2.83000000,8.40000000,2.75235975300,1178.00,5593.00,0.930000,0.960000
"Kepler-1488 b",1.86000000,4.12000000,39.81899320000,650.00,5820.00,1.310000,1.050000
"Kepler-697 b",4.13000000,16.00000000,3.70987064500,1151.00,5513.00,0.880000,0.920000
"Kepler-1425 b",0.94000000,0.77900000,14.45413020000,676.00,5718.00,0.950000,0.970000
"Kepler-1350 c",1.73000000,3.64000000,1.76678906200,730.00,3827.00,0.530000,0.550000
"Kepler-719 b",8.52000000,54.50000000,5.00731777900,998.00,5777.00,0.980000,0.990000
"Kepler-1491 b",1.51000000,2.89000000,16.58617620000,821.00,5728.00,0.990000,1.000000
"Kepler-1492 b",1.49000000,2.83000000,16.75255007000,801.00,4712.00,0.720000,0.770000
"Kepler-698 b",3.68000000,13.10000000,16.32976218000,727.00,5612.00,0.910000,0.940000
"Kepler-1454 b",1.88000000,4.19000000,47.03194790000,492.00,5448.00,0.860000,0.900000
"Kepler-460 c",5.52000000,26.10000000,220.13033570000,389.00,6146.00,1.260000,1.170000
"Kepler-720 b",8.41000000,53.40000000,4.70832654200,1162.00,5618.00,0.920000,0.950000
"Kepler-547 b",4.00000000,15.10000000,6.01038428900,768.00,4828.00,0.730000,0.780000
"Kepler-1494 b",3.07000000,9.64000000,91.08048200000,415.00,5659.00,0.940000,0.960000
"Kepler-1520 b",5.77000000,28.10000000,0.65355357200,1437.00,4677.00,0.710000,0.760000
"Kepler-1065 c",1.60000000,3.19000000,2.37030743000,1256.00,5635.00,0.930000,0.940000
"Kepler-707 b",1.33000000,2.33000000,2.23749275100,1160.00,5099.00,0.760000,0.800000
"Kepler-602 b",2.09000000,5.02000000,15.28469497000,852.00,6062.00,1.130000,1.080000
"Kepler-606 b",3.31000000,11.00000000,24.31575992000,683.00,6161.00,1.220000,1.130000
"Kepler-721 b",2.64000000,7.46000000,5.39202538800,850.00,5075.00,0.780000,0.820000
"Kepler-937 c",2.67000000,7.61000000,153.34336400000,377.00,6095.00,1.220000,1.150000
"Kepler-638 b",1.83000000,4.01000000,6.07972888000,1111.00,5382.00,0.930000,0.880000
"Kepler-1073 c",1.64000000,3.33000000,4.02582254000,1169.00,5792.00,1.000000,1.000000
"MOA-2010-BLG-353L b",11.10000000,86.00000000,,,,,0.180000
"HATS-30 b",13.17057500,224.38798000,3.17435160000,1414.00,5943.00,1.061000,1.093000
"K2-84 c",2.03000000,4.78000000,27.86000000000,625.08,5652.00,0.930000,0.950000
"K2-88 b",1.23000000,2.04000000,4.61220000000,464.60,3537.00,0.256000,0.258000
"Kepler-615 b",1.74000000,3.68000000,10.35584657000,620.00,4655.00,0.690000,0.730000
"Kepler-506 b",2.73000000,7.90000000,6.88340550000,1080.00,6236.00,1.190000,1.190000
"Kepler-668 b",2.70000000,7.75000000,8.35390639000,790.00,5352.00,0.820000,0.870000
"Kepler-669 b",4.83000000,20.80000000,4.12554686900,1243.00,6038.00,1.200000,1.150000
"HATS-15 b",12.38594500,689.69110000,1.74748753000,1505.00,5311.00,0.922000,0.871000
"HATS-16 b",14.57170000,1039.30410000,2.68650200000,1592.00,5738.00,1.238000,0.970000
"K2-89 b",0.61500000,0.17000000,1.09602600000,830.07,3691.00,0.318000,0.347000
"K2-91 b",1.10000000,1.37000000,1.41954900000,726.81,3622.00,0.284000,0.292000
"Kepler-737 b",1.96000000,4.50000000,28.59915399000,298.00,3813.00,0.480000,0.510000
"Kepler-670 b",13.18000000,,2.81650485200,1219.00,5709.00,0.990000,0.990000
"Kepler-671 b",2.69000000,7.70000000,4.28095858800,1012.00,5624.00,0.950000,0.970000
"K2-5 c",2.26000000,5.73000000,10.93241000000,456.00,3930.00,0.570000,0.610000
"K2-5 b",1.91000000,4.31000000,5.73594000000,565.00,3930.00,0.570000,0.610000
"Kepler-223 c",3.44000000,5.10000000,9.84564000000,947.00,5803.00,1.720000,1.125000
"WASP-98 b",12.82309600,293.03926000,2.96264036000,1171.00,5473.00,0.741000,0.809000
"Kepler-223 b",2.99000000,7.40000000,7.38449000000,1042.00,5803.00,1.720000,1.125000
"Kepler-672 b",2.50000000,6.80000000,38.37746230000,529.00,5627.00,0.920000,0.950000
"Kepler-571 b",2.64000000,7.46000000,4.79859938800,978.00,5527.00,0.900000,0.930000
"K2-16 b",2.02000000,4.74000000,7.61880000000,658.00,4742.00,0.660000,0.680000
"K2-16 c",2.54000000,6.99000000,19.07863000000,485.00,4742.00,0.660000,0.680000
"K2-8 c",2.41000000,6.39000000,5.06416000000,801.00,4870.00,0.740000,0.780000
"Kepler-223 d",5.24000000,8.00000000,14.78869000000,827.00,5803.00,1.720000,1.125000
"Kepler-653 b",1.95000000,4.46000000,14.70748976000,819.00,5665.00,1.190000,1.020000
"Kepler-742 b",3.24000000,10.60000000,8.36086823800,690.00,4642.00,0.710000,0.760000
"Kepler-673 b",6.54000000,34.80000000,3.72873109300,1023.00,5355.00,0.840000,0.880000
"Kepler-154 d",3.84000000,14.10000000,20.54981883000,657.00,5769.00,0.980000,0.980000
"HD 87646 b",12.40000000,3941.09200000,13.48100000000,1012.70,5770.00,1.550000,1.120000
"Kepler-80 e",1.60000000,4.13000000,4.64489000000,629.00,4540.00,0.678000,0.730000
"Kepler-654 b",2.07000000,4.94000000,13.72465129000,831.00,5865.00,1.110000,1.040000
"Kepler-148 d",8.68000000,56.30000000,51.84688575000,413.00,5172.00,0.810000,0.860000
"Kepler-676 b",3.04000000,9.48000000,11.59822172000,396.00,3701.00,0.490000,0.510000
"OGLE-2012-BLG-0026L b",7.72000000,46.10000000,,,,,1.060000
"WASP-85 A b",13.89916000,402.05495000,2.65567770000,1452.00,6112.00,0.935000,1.090000
"Kepler-80 f",1.21000000,4459.73000000,0.98678730000,1054.00,4540.00,0.678000,0.730000
"Kepler-656 b",3.12000000,9.91000000,1.26025909400,1569.00,5281.00,0.820000,0.860000
"Kepler-655 b",2.71000000,7.80000000,46.40633580000,588.00,6170.00,1.240000,1.150000
"Kepler-678 b",5.14000000,23.10000000,7.27503724000,833.00,5520.00,0.910000,0.940000
"Kepler-572 b",2.58000000,7.18000000,17.20523483000,553.00,5212.00,0.790000,0.830000
"WASP-114 b",15.00885100,562.24127000,1.54877430000,2043.00,5940.00,1.430000,1.289000
"WASP-113 b",15.79348100,150.96925000,4.54216874538,1496.00,5890.00,1.608000,1.318000
"HD 59686 A b",12.70000000,2199.38360000,299.36000000000,783.08,4658.00,13.200000,1.900000
"Kepler-679 b",3.01000000,9.32000000,12.39358604000,677.00,5403.00,0.840000,0.870000
"Kepler-680 b",2.42000000,6.44000000,3.68992629100,1147.00,5890.00,1.110000,1.080000
"K2-47 b",1.89000000,4.23000000,31.63720000000,503.72,5054.00,0.760000,0.750000
"K2-48 b",2.24000000,5.65000000,20.50650000000,550.56,4899.00,0.730000,0.770000
"Kepler-617 b",1.32000000,2.30000000,1.68269614800,750.00,3712.00,0.480000,0.510000
"Kepler-588 b",2.63000000,7.41000000,4.22162535700,1176.00,5835.00,1.000000,1.010000
"Kepler-573 b",2.79000000,8.20000000,22.18329658000,646.00,5746.00,1.020000,0.990000
"Kepler-681 b",3.08000000,9.69000000,26.39435646000,489.00,5021.00,0.760000,0.800000
"K2-49 b",1.93000000,4.38000000,2.77065000000,768.28,4175.00,0.450000,0.510000
"K2-58 b",2.68000000,7.65000000,7.05254000000,920.17,5413.00,0.860000,0.890000
"Kepler-1600 b",3.13000000,9.96000000,386.37054800000,209.00,5214.00,0.820000,0.860000
"Kepler-727 b",2.53000000,6.94000000,5.15448441700,964.00,5441.00,0.860000,0.890000
"Kepler-589 b",2.27000000,5.77000000,16.54964934000,656.00,5296.00,0.830000,0.880000
"Kepler-660 b",2.57000000,7.13000000,9.27358194000,649.00,4779.00,0.710000,0.750000
"K2-58 c",1.62000000,3.26000000,2.53726000000,1293.86,5413.00,0.860000,0.890000
"K2-58 d",1.71000000,3.57000000,22.88270000000,621.48,5413.00,0.860000,0.890000
"Kepler-560 b",1.72000000,3.61000000,18.47764449000,298.00,3556.00,0.330000,0.340000
"Kepler-550 b",4.42000000,17.90000000,8.60010410900,760.00,5322.00,0.830000,0.870000
"Kepler-496 b",2.32000000,5.99000000,8.30864937000,747.00,5293.00,0.820000,0.860000
"KELT-10 b",15.68139100,215.80657000,4.16627390000,1377.00,5948.00,1.209000,1.112000
"Kepler-712 c",4.85000000,21.00000000,226.89047000000,236.00,5148.00,0.780000,0.840000
"K2-59 c",2.30000000,5.90000000,11.29540000000,692.77,5055.00,0.731000,0.774000
"K2-59 b",2.41000000,6.39000000,20.69210000000,566.37,5055.00,0.731000,0.774000
"Kepler-650 b",2.96000000,9.06000000,3.03214558800,1507.00,5849.00,1.350000,1.080000
"Kepler-728 b",3.34000000,11.10000000,5.74347726500,982.00,5660.00,0.930000,0.950000
"Kepler-663 b",2.60000000,7.27000000,4.99678284000,917.00,5264.00,0.820000,0.860000
"Kepler-1629 b",0.77000000,0.38100000,3.87595807000,1081.00,5776.00,1.010000,1.010000
"K2-64 b",2.07000000,4.94000000,6.53044000000,877.23,5312.00,0.726000,0.741000
"K2-63 b",3.22000000,10.50000000,20.25700000000,1033.44,6771.00,1.630000,1.400000
"Kepler-729 b",3.58000000,12.50000000,3.16635371400,1273.00,5633.00,0.910000,0.940000
"Kepler-487 b",11.42000000,,15.35876840300,662.00,5444.00,0.880000,0.910000
"Kepler-618 b",2.60000000,7.27000000,3.59576964500,1296.00,5860.00,1.080000,1.050000
"WASP-129 b",10.42437000,317.83000000,5.74814500000,1100.00,5900.00,0.900000,1.000000
"WASP-133 b",13.56289000,368.68280000,2.17642300000,1790.00,5700.00,1.440000,1.160000
"K2-69 b",2.32000000,5.99000000,7.06599000000,573.61,4127.00,0.491000,0.551000
"K2-68 b",1.58000000,3.12000000,8.05428000000,706.64,4746.00,0.675000,0.730000
"Kepler-590 b",4.02000000,15.20000000,5.85296257000,1056.00,6000.00,1.150000,1.100000
"Kepler-664 b",2.66000000,7.56000000,2.52559331500,1406.00,5754.00,1.020000,1.010000
"MOA-2013-BLG-605L b",1.62000000,3.24000000,,,,,0.024000
"K2-75 b",2.67000000,7.61000000,7.81420000000,1268.65,5995.00,1.560000,1.160000
"K2-71 b",2.15000000,5.27000000,6.98541000000,533.27,4006.00,0.426000,0.477000
"Kepler-591 b",3.39000000,11.40000000,81.16942990000,436.00,5677.00,0.940000,0.970000
"HATS-25 b",14.12334000,194.82979000,4.29864320000,1277.00,5715.00,1.107000,0.994000
"HATS-26 b",19.61575000,206.58950000,3.30238810000,1918.00,6071.00,2.040000,1.299000
"K2-80 b",2.01000000,4.70000000,19.09180000000,666.05,5441.00,0.870000,0.900000
"K2-75 c",2.77000000,8.10000000,18.31100000000,955.14,5995.00,1.560000,1.160000
"Kepler-736 b",2.93000000,8.91000000,3.60147201000,996.00,5217.00,0.810000,0.860000
"Kepler-735 b",2.95000000,9.01000000,11.51516988000,657.00,5107.00,0.800000,0.850000
"Kepler-569 b",3.16000000,10.10000000,34.18890521000,526.00,5616.00,0.930000,0.950000
"Kepler-592 b",2.39000000,6.30000000,2.82019240800,1367.00,5913.00,1.040000,1.040000
"HATS-27 b",16.81350000,168.44990000,4.63703800000,1659.00,6438.00,1.740000,1.415000
"K2-83 c",1.48300000,2.80000000,9.99767000000,459.75,3910.00,0.424000,0.484000
"K2-84 b",2.41000000,6.39000000,6.42150000000,1019.22,5652.00,0.930000,0.950000
"Kepler-562 b",5.21000000,23.70000000,18.00931443600,658.00,5575.00,0.900000,0.930000
"Kepler-651 b",2.37000000,6.21000000,21.38521506000,574.00,5522.00,0.870000,0.920000
"Kepler-593 b",2.87000000,8.60000000,21.21708973000,706.00,5967.00,1.100000,1.080000
"Kepler-570 b",2.45000000,6.57000000,4.30166200300,1009.00,5496.00,0.900000,0.930000
"MOA-2016-BLG-227L b",13.20000000,890.00000000,,,,,0.290000
"Kepler-1650 b",0.96000000,0.84000000,1.53818001000,602.00,3410.00,0.334000,0.326000
"K2-178 b",3.55790985,12.40000000,8.74781800000,840.29,5525.00,0.887267,0.951090
"K2-72 c",1.16000000,1.65000000,15.18903400000,333.81,3360.47,0.330989,0.271365
"WASP-53 b",12.03846600,677.61356000,3.30984430000,1053.00,4953.00,0.798000,0.839000
"K2-60 b",7.65574700,135.39558000,3.00265000000,1400.00,5500.00,1.120000,0.970000
"Kepler-1651 b",1.84000000,4.04000000,9.87863917000,393.00,3713.00,0.503000,0.522000
"BD+03 2562 b",12.70000000,2034.11200000,481.90000000000,985.04,4095.00,32.350000,1.140000
"K2-72 e",1.29000000,2.21000000,24.15886800000,286.34,3360.47,0.330989,0.271365
"K2-72 d",1.01000000,1.01000000,7.76017800000,416.92,3360.47,0.330989,0.271365
"K2-81 b",1.97000000,4.54000000,6.10232500000,739.23,4674.13,0.634663,0.745273
"WASP-81 b",16.01766100,231.69807000,2.71647620000,1623.00,5870.00,1.283000,1.080000
"HD 177565 b",4.00000000,15.10000000,44.50500000000,539.21,5627.00,0.971489,1.000000
"MOA-2012-BLG-505L b",2.48000000,6.70000000,,,,,0.100000
"K2-201 c",3.28568401,10.80000000,22.77987800000,,5507.00,0.878161,0.956055
"K2-201 b",1.40006712,2.54000000,1.05979000000,,5507.00,0.878161,0.956055
"GJ 1148 b",11.90000000,96.70000000,41.38000000000,232.94,3287.00,0.358519,0.344045
"HD 17674 b",13.90000000,276.51210000,623.80000000000,259.52,5904.00,1.180000,0.980000
"HATS-22 b",10.68217700,870.85420000,4.72281240000,858.00,4803.00,0.689000,0.759000
"TYC 4282-00605-1 b",12.40000000,3426.20740000,101.54000000000,1285.10,4300.00,16.210000,0.970000
"K2-206 b",2.79522879,8.22000000,18.29454900000,,5043.00,0.758046,0.789481
"K2-207 b",2.60585269,7.30000000,12.48749000000,,5522.00,0.928158,0.941851
"K2-132 b",14.57170000,155.73670000,9.17510000000,1586.00,4840.00,3.850000,1.080000
"WASP-153 b",17.37395000,123.95370000,3.33260900000,1700.00,5914.00,1.730000,1.336000
"HATS-23 b",20.84874000,467.21010000,2.16051560000,1654.00,5780.00,1.199000,1.121000
"HD 219134 b",1.60200000,4.74000000,3.09292600000,1015.00,4699.00,0.778000,0.810000
"HD 40956 b",13.20000000,858.14100000,578.60000000000,580.56,4869.00,8.560000,2.000000
"Ross 128 b",1.11000000,1.40000000,9.86580000000,301.00,3192.00,0.196700,0.168000
"K2-219 b",1.34762583,2.38000000,3.90128700000,,5753.00,1.189232,1.021545
"OGLE-2013-BLG-1721L b",14.10000000,200.00000000,,,,,0.460000
"HD 34445 c",8.42000000,53.50000000,214.67000000000,390.12,5836.00,1.380000,1.070000
"HD 219134 d",1.61000000,16.17000000,46.85900000000,410.50,4699.00,0.778000,0.810000
"HD 219134 f",1.31000000,7.30000000,22.71700000000,522.60,4699.00,0.778000,0.810000
"OGLE-2016-BLG-1190L b",12.30000000,4253.00000000,1220.00000000000,,,,0.880000
"HD 113996 b",12.70000000,2002.32900000,610.20000000000,798.69,4181.00,25.110000,1.490000
"K2-213 b",1.51398464,2.90000000,8.13087000000,,5794.00,1.204240,1.069596
"K2-215 b",2.12381238,5.16000000,8.26964800000,,5704.00,0.974398,0.999987
"HD 34445 d",6.07000000,30.70000000,117.87000000000,476.32,5836.00,1.380000,1.070000
"HD 34445 g",13.60000000,120.60000000,5700.00000000000,131.09,5836.00,1.380000,1.070000
"Kepler-20 g",4.71000000,19.96000000,34.94000000000,524.00,5495.00,0.963900,0.948000
"NGC 2682 Sand 978 b",13.30000000,692.86940000,511.21000000000,,4200.00,21.017414,1.370000
"Kepler-80 g",1.13000000,0.06500000,14.64558000000,418.00,4540.00,0.678000,0.830000
"K2-217 b",3.57854073,12.50000000,14.07452400000,,5967.00,1.333718,1.102661
"K2-218 b",2.56948149,7.13000000,8.67988500000,,5757.00,1.008231,1.047488
"GJ 3293 c",4.87000000,21.09000000,122.61960000000,176.62,3466.00,0.404000,0.420000
"GJ 3293 b",5.19000000,23.54000000,30.59870000000,280.54,3466.00,0.404000,0.420000
"Wolf 1061 b",1.21000000,1.91000000,4.88690000000,461.10,3342.00,0.307000,0.294000
"K2-80 d",2.55211506,7.04000000,28.86725300000,,5377.00,0.841458,0.913111
"Kepler-1652 b",1.60000000,3.19000000,38.09722000000,268.00,3638.00,0.382000,0.404000
"Wolf 1061 c",1.66000000,3.41000000,17.87190000000,299.30,3342.00,0.307000,0.294000
"PSR J2322-2650 b",13.90000000,252.64306700,0.32296399700,,,,1.400000
"HATS-50 b",12.66617000,123.95370000,3.82970150000,1275.39,5990.00,1.117000,1.168000
"tau Cet f",1.81000000,3.93000000,636.13000000000,201.97,5310.00,0.830000,0.783000
"WASP-91 b",11.54527000,425.89220000,2.79858100000,1160.00,4920.00,0.860000,0.840000
"HD 9174 b",13.70000000,352.79130000,1179.00000000000,234.30,5577.00,1.670000,1.030000
"HD 68402 b",12.60000000,2510.84441530,1103.00000000000,196.26,5950.00,1.020000,1.120000
"GJ 3138 b",1.18000000,1.78000000,1.22003000000,902.98,3717.00,0.500000,0.681000
"MOA-2012-BLG-006L b",12.60000000,2700.00000000,,,,,0.490000
"WASP-105 b",10.76064000,572.09400000,7.87288000000,900.00,5070.00,0.900000,0.890000
"HD 147873 c",13.30000000,731.00900000,491.54000000000,373.68,5972.00,2.290000,1.380000
"HD 128356 b",13.90000000,282.86870000,298.20000000000,232.36,4875.00,0.850000,0.650000
"GJ 3138 d",3.23000000,10.50000000,257.80000000000,151.70,3717.00,0.500000,0.681000
"TYC 3318-01333-1 b",13.10000000,1086.97860000,562.00000000000,470.43,4776.00,5.900000,1.190000
"GJ 625 b",1.49000000,2.82000000,14.62800000000,335.59,3499.00,0.310000,0.300000
"GJ 3323 c",1.32000000,2.31000000,40.54000000000,147.80,3159.00,0.119000,0.164000
"BD+48 740 b",13.50000000,540.31100000,733.00000000000,538.94,4534.00,10.330000,1.090000
"K2-21 b",1.84000000,4.04000000,9.32503800000,500.00,4222.06,0.646783,0.676023
"K2-4 b",2.10000000,5.06000000,10.00341700000,563.00,4014.73,0.569359,0.635026
"K2-21 c",2.49000000,6.76000000,15.50192000000,420.00,4222.06,0.646783,0.676023
"WASP-141 b",13.56289000,854.96270000,3.31065100000,1540.00,5900.00,1.370000,1.250000
"K2-31 b",11.88154000,563.83042000,1.25785000000,1688.00,5280.00,0.780000,0.910000
"GJ 3293 e",1.63000000,3.28000000,13.25430000000,370.79,3466.00,0.404000,0.420000
"GJ 3293 d",2.67000000,7.60000000,48.13450000000,241.22,3466.00,0.404000,0.420000
"K2-149 b",1.64000000,3.33000000,11.33200000000,472.41,3745.00,0.568000,0.595000
"KELT-21 b",17.77747400,1242.71530000,3.61276470000,2051.00,7598.00,1.638000,1.458000
"K2-125 b",2.18000000,5.39000000,21.75026400000,321.22,3654.47,0.402049,0.494727
"V830 Tau b",14.00000000,222.48100000,4.92700000000,1213.95,4250.00,2.000000,1.000000
"HATS-31 b",18.38276000,279.69040000,3.37796000000,1823.00,6050.00,1.870000,1.275000
"Kepler-150 f",3.64000000,12.90000000,637.20930000000,227.77,5528.00,0.905339,0.970000
"Qatar-3 b",12.28506400,1369.84730000,2.50792040000,1681.00,6007.00,1.272000,1.145000
"K2-160 b",3.17824034,10.20000000,3.70587100000,,5649.00,0.913754,0.982829
"K2-128 b",1.42000000,2.60000000,5.67581900000,803.10,4469.51,0.777569,0.711248
"HATS-34 b",16.02887000,299.07803000,2.10616070000,1445.00,5380.00,0.980000,0.955000
"KELT-18 b",17.59813000,375.03940000,2.87175180000,2085.00,6670.00,1.908000,1.524000
"K2-163 b",2.46610713,6.65000000,6.67311700000,,4937.00,0.762201,0.826112
"K2-165 b",1.27443657,2.17000000,2.35499200000,,5185.00,0.803827,0.834847
"K2-35 c",1.93000000,4.38000000,5.60835200000,766.00,4402.71,0.619575,0.701968
"HATS-35 b",16.40997600,388.38826000,1.82099930000,2037.00,6300.00,1.433000,1.317000
"OGLE-2016-BLG-1195L b",1.11000000,1.43000000,,,,,0.078000
"K2-175 b",2.03803688,4.81000000,9.52598800000,,5909.00,1.420038,1.094693
"K2-165 c",1.55409035,3.03000000,4.38274500000,,5185.00,0.803827,0.834847
"K2-116 b",0.69000000,0.25700000,4.65541100000,783.03,4348.35,0.669400,0.694512
"K2-102 b",1.30000000,2.24000000,9.91561500000,,4695.00,0.710000,0.770000
"XO-6 b",23.20263000,1398.45200000,3.76500070000,1577.00,6720.00,1.930000,1.470000
"HD 6434 b",14.20000000,155.73670000,21.99800000000,786.83,5769.00,1.120000,1.100000
"HD 68988 b",13.40000000,626.12510000,6.27711000000,1179.39,5932.00,1.190000,1.280000
"HD 220074 b",12.20000000,5288.69120000,672.09998000000,1069.88,3787.00,54.920000,2.200000
"WASP-58 b",16.02887000,308.29510000,5.01718000000,1270.00,5800.00,1.220000,1.060000
"K2-231 b",2.50000000,6.80000000,13.84190100000,,5695.00,0.950000,1.010000
"HATS-39 b",17.59813000,200.23290000,4.57763480000,1645.00,6572.00,1.621000,1.379000
"HD 137388 b",9.32000000,63.56600000,330.00000000000,248.42,5181.00,0.880000,0.680000
"HD 13931 b",13.20000000,889.91953960,4218.00000000000,139.38,5867.00,1.250000,1.300000
"HD 7199 b",,3639.13526015,615.00000000000,218.73,5371.00,0.970000,0.770000
"HD 75289 b",14.20000000,155.73670000,3.50927000000,1260.00,6117.00,1.230000,1.290000
"WASP-72 b",14.45961000,731.00900000,2.21673000000,2210.00,6250.00,2.180000,2.780000
"HATS-40 b",17.71022000,505.34970000,3.26427360000,2101.00,6460.00,2.260000,1.561000
"HATS-41 b",14.90797000,3082.95100000,4.19364900000,1710.00,6424.00,1.710000,1.496000
"HD 142022 A b",12.90000000,1433.40611557,1928.00000000000,155.74,5421.00,1.040000,0.900000
"HD 145377 b",12.80000000,1913.33660000,103.95000000000,442.98,6014.00,1.050000,1.200000
"HD 76700 b",9.60000000,66.74430000,3.97097000000,1424.61,5644.00,1.370000,0.990000
"HD 82886 b",13.30000000,740.54390000,705.00000000000,435.78,4953.00,5.260000,2.530000
"HD 24040 b",12.90000000,1589.14203500,3668.00000000000,143.81,5802.00,1.300000,1.110000
"HD 222155 b",13.40000000,581.62598481,3999.00000000000,164.93,5701.00,1.850000,1.210000
"HD 158996 b",12.30000000,4449.62000000,820.20000000000,960.27,4069.00,50.300000,1.800000
"KPS-1 b",11.54527000,346.43470000,1.70629100000,1459.00,5165.00,0.907000,0.892000
"HD 154672 b",12.80000000,1706.74710000,163.94000000000,410.76,5743.00,1.320000,1.180000
"KELT-6 b",14.57170000,165.27160000,7.84570000000,1313.00,6102.00,1.730000,1.420000
"HAT-P-49 b",17.82231000,699.22600000,2.69155000000,2131.00,6820.00,2.060000,2.220000
"K2-155 c",2.60000000,7.27000000,13.85000000000,583.00,4258.00,0.580000,0.650000
"HD 158038 b",13.50000000,486.27990000,521.00000000000,405.91,4860.00,4.500000,1.300000
"HR 810 b",12.70000000,1970.53612340,302.79999000000,329.57,6167.00,1.130000,1.340000
"BD-13 2130 b",12.50000000,3108.37740000,714.29999000000,744.77,4545.00,19.170000,2.120000
"HD 285507 b",13.80000000,311.47340000,6.08810000000,736.35,4503.00,0.690000,0.820000
"WASP-117 b",11.88154000,95.34900000,10.02165000000,1001.00,6040.00,1.220000,1.290000
"K2-155 d",1.90000000,4.27000000,40.71800000000,381.00,4258.00,0.580000,0.650000
"HD 16175 b",12.80000000,1875.18760130,990.00000000000,259.78,5981.00,1.720000,1.630000
"HD 16141 b",10.90000000,82.63580000,75.52300000000,562.87,5757.00,1.480000,1.110000
"WASP-11 b",12.44199000,251.08570000,3.72247000000,992.00,4800.00,0.890000,1.420000
"WASP-13 b",13.67498000,114.41880000,4.35301000000,1531.00,5950.00,1.370000,0.720000
"WASP-95 b",13.78707000,457.67520000,2.18467000000,1570.00,5830.00,1.230000,1.460000
"WASP-97 b",12.77826000,432.24880000,2.07276000000,1555.00,5640.00,1.080000,1.180000
"11 UMi b",12.30000000,4684.81420000,516.21997000000,896.43,4213.00,29.790000,2.780000
"BD-08 2823 b",,2948.49413174,5.60000000000,798.86,4816.00,0.710000,0.500000
"HD 1690 b",12.50000000,2793.72570000,533.00000000000,841.73,4374.00,21.660000,1.860000
"WASP-14 b",15.46842000,2809.61720000,2.24375000000,1872.00,6475.00,1.400000,1.620000
"WASP-101 b",16.02887000,162.09330000,3.58572000000,1560.00,6380.00,1.310000,1.410000
"BD-10 3166 b",14.10000000,187.51970000,3.48777000000,1240.38,5393.00,0.910000,1.470000
"GJ 86 b",12.90000000,1404.80860000,15.76491000000,661.12,5182.00,0.770000,0.930000
"WASP-22 b",13.78707000,212.94610000,3.53269000000,1502.00,6000.00,1.240000,1.460000
"HD 95127 b",12.40000000,3378.53290000,482.00000000000,1151.28,4218.00,41.010000,3.700000
"WASP-82 b",18.15858000,371.86110000,2.70579000000,2190.00,6480.00,2.100000,1.480000
"HD 204941 b",10.10000000,73.10090000,1733.00000000000,134.04,5026.00,0.780000,0.580000
"WASP-29 b",8.63093000,73.10090000,3.92273000000,970.00,4800.00,0.790000,0.770000
"WASP-26 b",13.56289000,270.15550000,2.75660000000,1650.00,6034.00,1.220000,0.860000
"K2-164 b",3.24925008,10.60000000,17.35506600000,,5791.00,2.196069,1.180894
"K2-169 b",1.27328671,2.16000000,6.38080300000,,5548.00,0.919053,0.986144
"HAT-P-22 b",12.89035000,785.04010000,3.21222000000,1463.00,5302.00,1.110000,1.130000
"HAT-P-24 b",14.57170000,238.37250000,3.35524000000,1637.00,6373.00,1.380000,1.370000
"HD 212301 b",14.20000000,162.09330000,2.24571000000,1870.75,6239.00,1.160000,1.550000
"WASP-38 b",13.78707000,1093.33520000,6.87188000000,1250.00,6180.00,1.520000,1.760000
"K2-170 b",1.41817537,2.60000000,7.57654400000,,5748.00,0.981614,0.963657
"K2-171 b",2.68657205,7.69000000,5.62846600000,,5250.00,1.717458,0.891587
"HAT-P-29 b",13.11453000,279.69040000,5.72319000000,1281.00,6087.00,1.300000,1.450000
"HD 213240 b",12.80000000,1655.88600047,882.70001000000,257.70,5979.00,1.510000,1.570000
"HD 215497 b",,1588.82420659,3.93404000000,1015.96,5110.00,0.850000,0.670000
"WASP-41 b",12.32990000,270.15550000,3.05240000000,1244.00,5545.00,0.830000,0.810000
"WASP-48 b",16.81350000,254.26400000,2.14363000000,2035.00,5920.00,1.580000,0.880000
"K2-172 b",1.66608079,3.42000000,14.31694100000,,5569.00,0.868889,0.934356
"K2-172 c",3.20569097,10.40000000,29.62682000000,,5569.00,0.868889,0.934356
"K2-190 b",1.35673729,2.41000000,10.09885800000,,5631.00,0.912206,0.904597
"HAT-P-5 b",13.56289000,311.47340000,2.78849000000,1517.00,5960.00,1.120000,1.040000
"HAT-P-6 b",16.58932000,419.53560000,3.85298000000,1675.00,6570.00,1.620000,1.790000
"HD 218566 b",9.32000000,63.56600000,225.70000000000,253.15,4730.00,0.850000,0.760000
"HD 240237 b",12.20000000,5050.31870000,745.70001000000,1153.09,3926.00,71.230000,8.760000
"XO-1 b",12.77826000,263.79890000,3.94153000000,1210.00,5750.00,0.880000,0.880000
"XO-4 b",14.01125000,451.31860000,4.12508000000,1630.00,6397.00,1.450000,1.100000
"K2-191 b",1.57889322,3.12000000,2.85864600000,,5176.00,0.839696,0.900994
"K2-200 b",1.36439870,2.43000000,2.84988300000,,5233.00,0.791736,0.860208
"HD 101930 b",10.60000000,79.45750000,70.46000000000,417.04,5108.00,0.860000,0.570000
"HD 2638 b",14.30000000,133.48860000,3.44420000000,1212.27,5186.00,0.940000,0.770000
"HD 30562 b",13.60000000,467.20775829,1157.00000000000,235.27,5882.00,1.610000,1.120000
"KELT-2 A b",15.13215000,540.31100000,4.11379000000,2080.00,6327.00,1.930000,1.540000
"Pr0201 b",14.20000000,171.62820000,4.42640000000,1303.39,6174.00,1.150000,1.240000
"K2-173 b",1.60826194,3.22000000,5.86869900000,,5580.00,0.843154,0.881538
"HD 102195 b",14.20000000,130.31030000,4.11377000000,1035.17,5301.00,0.820000,0.760000
"HD 102117 b",8.47000000,54.03110000,20.81330000000,780.86,5655.00,1.230000,1.060000
"HD 330075 b",14.30000000,152.55840000,3.38773000000,990.00,5000.00,0.840000,0.470000
"HD 34445 b",13.90000000,260.62060000,1049.00000000000,231.47,5879.00,1.380000,1.140000
"HD 77338 b",4.12000000,15.90000000,5.73610000000,1035.54,5341.00,0.970000,1.370000
"HAT-P-40 b",17.03768000,152.55840000,4.45724000000,1770.00,6080.00,1.940000,1.030000
"HD 215152 c",,468.79690033,7.28243000000,783.20,4935.00,0.730000,0.770000
"HD 215152 d",,770.41605857,10.86499000000,685.43,4935.00,0.730000,0.770000
"HD 103197 b",5.83000000,28.60470000,47.84000000000,474.97,5250.00,0.880000,0.800000
"HD 108874 b",13.60000000,451.31860000,394.48123000000,271.33,5600.00,1.050000,1.100000
"HD 40979 b",12.90000000,1484.26610000,264.14999000000,354.69,6165.00,1.210000,1.450000
"HD 4203 b",13.30000000,708.76090000,431.88000000000,297.28,5596.00,1.420000,1.250000
"WASP-49 b",12.44199000,117.59710000,2.78174000000,1400.00,5600.00,0.970000,0.920000
"UKIRT-2017-BLG-001L b",13.70000000,407.00000000,,,,,0.810000
"HD 121504 b",13.60000000,479.92330000,63.33000000000,523.32,6027.00,1.070000,1.620000
"HD 47186 b",5.02000000,22.24810000,4.08450000000,1267.79,5657.00,1.080000,0.960000
"WASP-66 b",15.69260000,746.90050000,4.08605000000,1569.70,6600.00,1.760000,1.330000
"WASP-67 b",12.89035000,136.66690000,4.61442000000,1003.00,5200.00,0.880000,0.910000
"K2-197 b",2.56000000,7.08000000,8.35788100000,848.00,5667.00,0.930000,1.000000
"HD 185269 b",13.80000000,321.00830000,6.83776000000,1455.61,5923.00,2.000000,1.300000
"HD 181342 b",13.20000000,807.28820000,564.10000000000,410.15,4945.00,4.710000,1.690000
"K2-240 b",2.00000000,4.66000000,6.03400000000,586.00,3810.00,0.540000,0.580000
"CoRoT-20 c",12.20000000,5403.11000000,1675.00000000000,168.16,5880.00,1.020000,1.140000
"HD 89345 b",7.39794000,34.96130000,11.81430000000,1089.00,5576.00,1.747000,1.157000
"WASP-158 b",11.99363000,886.74570000,3.65633300000,1590.00,6350.00,1.390000,1.380000
"HD 200964 b",13.50000000,508.21017000,606.30000000000,425.95,4982.00,4.920000,1.390000
"K2-238 b",14.57170000,273.33380000,3.20466000000,1587.00,5630.00,1.590000,1.190000
"WASP-162 b",11.20900000,1652.71600000,9.62468000000,910.00,5300.00,1.110000,0.950000
"WASP-168 b",16.81350000,133.48860000,4.15365800000,1340.00,6000.00,1.120000,1.080000
"HD 28678 b",13.50000000,490.09386000,380.20000000000,561.84,4972.00,6.480000,1.530000
"HD 30856 b",13.50000000,491.68301000,847.00000000000,364.02,4895.00,4.400000,1.170000
"OGLE-2014-BLG-1722L c",11.00000000,83.70000000,,,,,0.400000
"K2-244 b",1.75000000,3.71000000,21.06884000000,638.00,5677.00,0.920000,0.860000
"K2-266 b",3.30000000,11.26782377,0.65852400000,1515.00,4285.00,0.703000,0.686000
"K2-266 c",0.70500000,0.29013072,7.81400000000,664.50,4285.00,0.703000,0.686000
"WASP-173 A b",13.45080000,1172.79270000,1.38665318000,1880.00,5800.00,1.110000,1.050000
"OGLE-2011-BLG-0173L b",9.01000000,60.00000000,,,,,0.410000
"HD 5319 b",13.50000000,494.54348000,637.10000000000,377.72,4871.00,4.060000,1.270000
"K2-159 b",2.26000000,5.73000000,12.42205000000,684.00,5425.00,0.830000,0.900000
"K2-266 e",2.73000000,14.30000000,19.48200000000,490.10,4285.00,0.703000,0.686000
"K2-266 d",2.93000000,8.90000000,14.69700000000,538.30,4285.00,0.703000,0.686000
"WASP-147 b",12.49803500,87.40325000,4.60273000000,1404.00,5702.00,1.429000,1.044000
"WASP-160 B b",12.21781000,88.35674000,3.76849520000,1119.00,5298.00,0.868000,0.870000
"HD 95089 c",13.10000000,1096.51350000,1785.00000000000,292.91,4918.00,5.080000,1.540000
"K2-166 b",2.19000000,5.43000000,8.52695000000,1140.00,5960.00,1.610000,1.160000
"HATS-36 b",12.92000000,1022.14128000,4.17518600000,1203.00,5950.00,1.100000,1.100000
"WASP-165 b",14.12334000,209.13214000,3.46550900000,1624.00,5599.00,1.750000,1.248000
"HD 96063 b",13.70000000,403.64410000,362.50000000000,500.75,5020.00,4.750000,1.370000
"K2-228 b",1.21000000,1.92000000,2.69828000000,914.00,4715.00,0.650000,0.710000
"K2-283 b",3.52000000,12.20000000,1.92103600000,1186.00,5060.00,0.820000,0.890000
"K2-151 b",1.49000000,2.83000000,3.83547600000,566.00,3695.00,0.450000,0.470000
"K2-281 b",8.18000000,50.90000000,8.68772100000,665.00,4812.00,0.760000,0.820000
"K2-216 b",1.75000000,8.00000000,2.17480000000,1103.00,4503.00,0.720000,0.700000
"HD 5319 c",13.80000000,334.67499000,872.20000000000,340.67,4871.00,4.060000,1.270000
"K2-230 b",1.96000000,4.50000000,2.86041000000,1529.00,5945.00,1.390000,1.110000
"K2-188 b",1.35000000,2.39000000,1.74216900000,1692.00,5977.00,1.190000,1.060000
"GJ 96 b",4.67000000,19.66000000,73.94000000000,257.81,3785.00,0.580612,0.600000
"KMT-2016-BLG-1820L b",12.90000000,1450.00000000,,,,,0.039000
"HD 94834 b",13.70000000,400.46580000,1576.00000000000,286.45,4798.00,4.200000,1.110000
"K2-153 b",2.00000000,4.66000000,7.51574000000,497.00,3845.00,0.530000,0.550000
"HATS-11 b",18.03000000,263.79890000,3.61918800000,1596.00,6563.00,1.540000,1.330000
"KMT-2016-BLG-2142L b",12.20000000,4923.00000000,,,,,0.073000
"MOA-2015-BLG-337L b",6.42000000,33.70000000,,,,,0.009400
"K2-241 b",2.55000000,7.04000000,26.81990000000,507.00,5262.00,0.750000,0.710000
"K2-117 c",2.06000000,4.90000000,5.44401700000,537.00,3778.00,0.510000,0.540000
"K2-284 b",2.78000000,8.15000000,4.79506900000,653.00,4140.00,0.607000,0.630000
"MOA-2016-BLG-319L b",14.10000000,200.00000000,,,,,0.150000
"HD 12648 b",13.40000000,622.94680000,133.60001000000,1053.23,4835.00,11.020000,0.670000
"K2-243 b",2.17000000,5.35000000,11.54182000000,1035.00,6570.00,1.390000,1.290000
"K2-117 b",2.03000000,4.78000000,1.29160000000,868.00,3778.00,0.510000,0.540000
"K2-312 c",12.80000000,1681.31227303,871.32000000000,229.00,5959.00,1.199000,1.150000
"K2-245 b",4.34000000,17.40000000,11.89307000000,923.00,5793.00,1.250000,0.830000
"K2-270 c",2.95000000,9.01000000,4.40002800000,848.00,4877.00,0.770000,0.850000
"HATS-59 b",12.62133400,256.17098000,5.41608100000,1128.00,5670.00,1.036000,1.038000
"KELT-15 b",19.50366000,416.35730000,3.32944000000,1642.00,6003.00,1.780000,2.060000
"K2-247 b",2.12000000,5.14000000,2.25021000000,979.00,4667.00,0.690000,0.740000
"EPIC 211945201 b",5.76000000,11.00000000,19.49221000000,817.00,6069.00,1.390000,1.170000
"CoRoT-21 b",14.57170000,718.29580000,2.72474000000,2044.44,6200.00,1.950000,1.290000
"70 Vir b",12.60000000,2380.45000000,116.68800000000,525.24,5495.00,1.890000,1.090000
"K2-39 b",6.27704000,28.60470000,4.60543000000,1670.00,4881.00,2.970000,0.660000
"K2-248 b",2.57000000,7.13000000,7.17256000000,886.00,5528.00,0.920000,0.880000
"K2-276 b",3.77000000,13.70000000,18.71826900000,583.00,5139.00,0.850000,0.820000
"HD 102956 b",13.80000000,305.11680000,6.49470000000,1804.96,4985.00,4.550000,1.660000
"HD 108863 b",13.30000000,767.24162000,437.70000000000,490.51,4878.00,5.740000,1.590000
"HATS-46 b",10.12172700,54.98459000,4.74237290000,1054.00,5495.00,0.853000,0.917000
"HATS-7 b",6.31066700,38.13960000,3.18531500000,1084.00,4985.00,0.815000,0.849000
"K2-252 b",1.74000000,3.68000000,13.81513000000,639.00,5152.00,0.820000,0.790000
"K2-188 c",2.83000000,8.40000000,7.81025300000,1026.00,5977.00,1.190000,1.060000
"HD 131496 b",13.40000000,572.09400000,896.00000000000,347.30,4846.00,4.440000,1.340000
"HD 1502 b",13.20000000,874.03250000,428.50000000000,458.89,4947.00,4.670000,1.460000
"NGTS-3 A b",16.58932000,756.43540000,1.67537280000,1434.44,5600.00,0.930000,1.017000
"K2-254 b",1.63000000,3.29000000,4.09639000000,791.00,4629.00,0.670000,0.710000
"K2-192 b",1.52000000,2.92000000,4.16281700000,939.00,5222.00,0.810000,0.900000
"K2-239 c",1.00000000,0.97200000,7.77500000000,427.00,3420.00,0.360000,0.400000
"K2-258 b",3.00000000,9.27000000,19.09210000000,831.00,6351.00,1.310000,1.210000
"HD 70642 b",13.00000000,1239.53078730,2124.54000000000,150.52,5732.00,0.984000,1.078000
"HATS-69 b",10.59250500,183.38791000,2.22525770000,1295.70,5137.00,0.878500,0.892000
"HD 202696 b",,634.38868000,517.80000000000,492.46,5040.00,6.430000,1.910000
"HD 202696 c",,592.43512000,946.60000000000,402.69,5040.00,6.430000,1.910000
"KMT-2017-BLG-1038L b",13.40000000,640.00000000,,,,,0.370000
"HD 117618 b",8.59000000,55.30242000,25.80000000000,745.79,5990.00,1.200000,1.077000
"NGTS-4 b",3.18000000,20.60000000,1.33735080000,1650.00,5143.00,0.840000,0.750000
"K2-295 b",10.05447300,106.47305000,4.02486700000,852.00,4444.00,0.700000,0.740000
"HIP 79098 AB b",12.10000000,6515.51500000,,2450.00,9193.75,,3.750000
"Kepler-411 e",3.28000000,10.80000000,31.50972800000,503.00,4974.00,0.820000,0.870000
"Kepler-730 b",12.32990000,,6.49168280800,1219.00,5620.00,1.411000,1.047000
"K2-133 c",1.60300000,3.20000000,4.86784000000,570.60,3655.00,0.455000,0.461000
"K2-133 d",2.00300000,4.67000000,11.02454000000,734.00,3655.00,0.455000,0.461000
"HAT-P-25 b",12.72221500,180.84527000,3.65281514000,1182.00,5519.00,0.919000,1.012000
"HD 89744 b",12.60000000,2653.88050000,256.78000000000,462.62,6291.00,2.132570,1.860000
"HD 65216 c",13.40000000,645.19490000,5370.00000000000,105.87,5612.00,0.880000,0.874000
"K2-133 e",1.73000000,3.64000000,26.58410000000,296.00,3655.00,0.455000,0.461000
"EPIC 201497682 b",0.69200000,0.26000000,2.13174000000,,4991.00,0.554000,0.780000
"OGLE-2015-BLG-1670L b",4.42000000,17.90000000,,,,,0.550000
"K2-290 c",11.27625400,246.00042000,48.36685000000,676.00,6302.00,1.511000,1.194000
"HAT-P-34 b",13.41717300,1058.37390000,5.45265400000,1520.00,6442.00,1.530000,1.392000
"EPIC 201754305 d",1.03000000,1.08000000,2.71578000000,,4761.00,0.544000,0.670000
"EPIC 201833600 c",1.00000000,0.97200000,3.96151000000,,4326.00,0.634000,0.611000
"HAT-P-36 b",14.31389300,587.41340600,1.32734683000,1780.97,5620.00,1.041000,1.030000
"K2-52 b",18.00000000,,3.53505500000,2004.00,7147.00,2.192000,1.691000
"K2-53 b",2.60000000,7.27000000,12.20772000000,665.00,5263.00,0.807000,0.851000
"K2-293 b",2.45000000,6.57000000,13.12250000000,750.00,5532.00,0.947000,0.958000
"TOI-172 b",10.81668500,1722.63860000,9.47725000000,1198.00,5645.00,1.777000,1.128000
"EPIC 206024342 b",1.70000000,3.53000000,4.50756000000,,5724.00,0.823000,0.928000
"EPIC 206032309 b",1.01000000,1.01000000,2.87814000000,,3489.00,0.373440,0.221000
"HAT-P-9 b",15.61413700,238.05467000,3.92281072000,1540.00,6350.00,1.338000,1.281000
"HATS-24 b",15.63655500,718.29580000,1.34849780000,2166.00,6125.00,1.120000,1.070000
"K2-90 b",2.60000000,7.27000000,13.73331400000,502.00,4484.00,0.619000,0.629000
"K2-294 b",1.66000000,3.39000000,2.50387000000,1425.00,5612.00,1.200000,0.987000
"GJ 685 b",2.95000000,9.00000000,24.16000000000,368.84,3816.00,0.540000,0.550000
"EPIC 206317286 b",0.96000000,0.84000000,1.58252000000,,4752.00,0.669000,0.711000
"K2-308 b",9.91600000,70.60000000,3.38628000000,1213.76,6100.00,1.240000,1.090000
"Kepler-9 c",8.08000000,29.90000000,38.98530000000,523.00,5774.00,0.958000,1.022000
"K2-124 b",2.90000000,8.75000000,6.41365100000,442.00,3570.00,0.388000,0.390000
"HD 92788 b",13.00000000,1195.04080000,325.80300000000,300.27,5744.00,1.140000,1.150000
"Kepler-25 c",5.21700000,15.20000000,12.72070000000,934.00,6354.00,1.316000,1.165000
"WASP-33 b",17.85593700,665.21819000,1.21987000000,2781.70,7430.00,1.444000,1.495000
"HD 134060 c",5.91000000,29.29000000,1291.56460000000,200.67,5966.00,1.164285,1.095000
"WASP-177 b",17.71022000,161.45764000,3.07172200000,1142.00,5017.00,0.885000,0.876000
"WASP-181 b",13.27145600,95.03117000,4.51950640000,1186.00,5839.00,0.965000,1.040000
"Kepler-25 b",2.74800000,8.70000000,6.23829700000,1185.00,6354.00,1.316000,1.165000
"WASP-161 b",12.81188700,791.39670000,5.40604250000,1557.00,6400.00,1.712000,1.390000
"WASP-163 b",13.47321800,594.34210000,1.60968840000,1638.00,5500.00,1.015000,0.970000
"HD 20781 b",1.21000000,1.93000000,5.31350000000,1006.10,5256.00,0.833609,0.700000
"HD 20003 b",3.43000000,11.66000000,11.84820000000,814.93,5494.00,0.921637,0.875000
"Kepler-47 c",4.65000000,3.17000000,303.22700000000,267.82,5636.00,0.936000,0.957000
"Gl 49 b",2.24000000,5.63000000,13.85080000000,435.99,3805.00,0.511000,0.515000
"HD 21693 b",2.80000000,8.23000000,22.67860000000,656.39,5430.00,0.914378,0.800000
"HD 20781 c",2.17000000,5.33000000,13.89050000000,730.30,5256.00,0.833609,0.700000
"Kepler-47 d",7.04000000,19.02000000,187.36600000000,314.44,5636.00,0.936000,0.957000
"LSPM J2116+0234 b",3.71000000,13.30000000,14.43990000000,371.68,3475.00,0.431000,0.430000
"K2-285 e",1.95000000,10.70000000,14.76289000000,500.90,4975.00,0.787000,0.830000
"K2-285 d",2.48000000,6.50000000,10.45582000000,619.90,4975.00,0.787000,0.830000
"HD 31527 b",3.22000000,10.47000000,16.55350000000,832.20,5898.00,1.073694,0.960000
"HD 31527 d",3.46000000,11.82000000,271.67370000000,327.48,5898.00,1.073694,0.960000
"HD 21749 c",0.89200000,3.70000000,7.78993000000,701.00,4640.00,0.695000,0.730000
"HD 114729 b",13.90000000,262.20975000,1121.79000000000,237.89,5844.00,1.473000,0.936000
"K2-286 b",2.10000000,5.06000000,27.35900000000,347.00,3926.00,0.620000,0.640000
"Qatar-9 b",11.30988100,378.21770000,1.54073100000,1134.00,4309.00,0.696000,0.719000
"NGTS-5 b",12.73342400,72.78307000,3.35698660000,952.00,4987.00,0.739000,0.661000
"HD 126525 b",10.30000000,75.32571000,960.41000000000,198.47,5638.00,0.979000,0.897000
"HD 117207 b",13.40000000,669.34662514,2621.75000000000,147.20,5732.00,1.074000,1.053000
"HD 143361 b",12.90000000,1382.55357045,1039.15000000000,180.26,5507.00,0.916000,0.968000
"K2-288 B b",1.90000000,4.27000000,31.39346300000,226.36,3341.00,0.320000,0.330000
"HATS-60 b",12.92397700,210.40346000,3.56082900000,1528.00,5688.00,1.460000,1.097000
"HD 20781 e",3.83000000,14.03000000,85.50730000000,398.38,5256.00,0.833609,0.700000
"HD 45184 c",2.91000000,8.81000000,13.13540000000,884.78,5869.00,1.075139,1.030000
"HD 152079 b",13.20000000,845.74563000,2918.92000000000,147.84,5907.00,1.128000,1.147000
"HATS-62 b",11.82549500,56.89157000,3.27688370000,1237.00,5416.00,0.933000,0.896000
"HATS-63 b",13.52926300,305.11680000,3.05665270000,1398.30,5627.00,1.070000,0.931000
"HATS-70 b",15.51325600,4100.00700000,1.88823780000,2730.00,7930.00,1.881000,1.780000
"K2-264 b",2.23100000,5.61000000,5.84000200000,496.00,3660.00,0.473000,0.496000
"KMT-2016-BLG-1107L b",13.10000000,1043.00000000,,,,,0.087000
"HD 103949 b",3.35000000,11.20000000,120.87800000000,302.65,4792.00,0.753113,0.770000
"HIP 35173 b",3.61000000,12.70000000,41.51600000000,444.34,4881.00,0.773404,0.790000
"HD 23127 b",13.50000000,485.32641000,1211.17000000000,223.40,5843.00,1.490000,1.208000
"HD 25171 b",13.90000000,290.81445000,1802.29000000000,190.04,6125.00,1.230000,1.076000
"HATS-65 b",16.82470900,260.93843000,3.10516100000,1634.00,6277.00,1.310000,1.257000
"HATS-66 b",15.81589900,1694.03390000,3.14143910000,1998.00,6626.00,1.841000,1.411000
"HD 1397 b",11.50043400,131.89945000,11.53533000000,1228.30,5521.00,2.336000,1.324000
"HD 64114 b",4.41000000,17.80000000,45.79100000000,518.51,5676.00,0.882858,0.950000
"HD 206255 b",6.47000000,34.20000000,96.04500000000,596.48,5635.00,2.221489,1.420000
"HD 38801 b",12.50000000,3082.31534000,685.25000000000,287.80,5338.00,2.029000,1.207000
"HATS-67 b",18.88716500,460.85350000,1.60917880000,2193.00,6594.00,1.441000,1.435000
"HATS-68 b",13.80948800,410.00070000,3.58622020000,1741.00,6147.00,1.748000,1.351000
"Gl 378 b",3.66000000,13.02000000,3.82200000000,830.00,3879.00,0.560000,0.560000
"WASP-190 b",12.89035000,317.83000000,5.36775300000,1500.00,6400.00,1.600000,1.350000
"Kepler-1610 c",2.09000000,5.02000000,44.98518850000,433.00,5295.00,0.800000,0.825000
"XO-7 b",15.38995700,225.34147000,2.86414240000,1743.00,6250.00,1.480000,1.405000
"WASP-126 c",9.38000000,64.20000000,7.63000000000,,5800.00,1.270000,1.120000
"HATS-55 b",14.02245900,292.72143000,4.20420010000,1367.00,6214.00,1.126000,1.195500
"Kepler-1996 c",2.81000000,8.30000000,92.72972480000,276.00,4580.00,0.675000,0.748000
"Kepler-1988 b",1.53000000,2.96000000,11.49500229000,1105.00,6033.00,1.788000,1.127000
"TOI-813 b",6.71000000,36.40000000,83.89110000000,610.00,5907.00,1.940000,1.320000
"GJ 433 b",2.33000000,6.04300000,7.37050000000,473.94,3461.00,0.500000,0.480000
"HATS-58 A b",12.27385500,327.36490000,4.21808960000,1721.00,7175.00,1.433000,1.461000
"HR 5183 b",13.10000000,1052.01202717,27000.00000000000,171.00,5794.00,1.530000,1.070000
"Kepler-1991 b",1.47000000,2.76000000,13.26079792000,760.00,5478.00,1.053000,0.914000
"Kepler-1471 c",1.88000000,4.19000000,11.60448810000,841.00,5533.00,1.166000,0.934000
"GJ 180 b",2.43000000,6.49000000,17.13300000000,344.43,3371.00,0.413049,0.430000
"WASP-169 b",14.61653600,178.30263000,5.61141180000,1604.00,6110.00,2.011000,1.337000
"Kepler-1998 b",0.60000000,0.15600000,3.03267135000,1187.00,5640.00,0.921000,0.962000
"Kepler-164 e",4.24000000,16.70000000,94.88690200000,429.00,5888.00,1.097000,0.966000
"Kepler-1994 b",0.51000000,0.08700000,4.61225043000,1032.00,5495.00,0.961000,0.932000
"Kepler-1984 b",6.81000000,37.30000000,1.99281233900,675.00,3638.00,0.420000,0.450000
"GJ 433 d",2.14000000,5.22300000,36.05900000000,279.71,3461.00,0.500000,0.480000
"GJ 3082 b",2.79000000,8.20000000,11.94900000000,457.53,3910.00,0.465216,0.470000
"WASP-175 b",13.54047200,314.65170000,3.06529070000,1571.00,6229.00,1.204000,1.212000
"Kepler-619 d",4.17000000,16.20000000,11.67894236000,830.00,6122.00,0.964000,1.041000
"Kepler-1126 c",1.45000000,2.70000000,199.66876000000,305.00,5678.00,0.921000,0.794000
"EPIC 249893012 b",1.95000000,8.75000000,3.59510000000,1616.00,5430.00,1.710000,1.050000
"Kepler-1661 b",3.87000000,17.00000000,175.06000000000,243.00,5100.00,0.762000,0.841000
"OGLE-2016-BLG-1067L b",14.30000000,140.00000000,,,,,0.300000
"Kepler-1987 c",1.33000000,2.33000000,3.64830183000,860.00,4769.00,0.714000,0.799000
"Kepler-1985 b",2.27000000,5.77000000,3.42064689000,1129.00,5370.00,0.966000,0.877000
"Kepler-1987 b",1.23000000,2.04000000,2.34586300200,997.00,4769.00,0.714000,0.799000
"Kepler-1801 c",2.91000000,8.80000000,116.58318300000,371.00,5738.00,0.981000,0.936000
"EPIC 249893012 c",3.67000000,14.67000000,15.62400000000,990.00,5430.00,1.710000,1.050000
"EPIC 249893012 d",3.94000000,10.18000000,35.74700000000,752.00,5430.00,1.710000,1.050000
"WASP-180 A b",13.89916000,286.04700000,3.40926400000,1540.00,6600.00,1.190000,1.300000
"WASP-2 b",12.11692900,295.89973000,2.15217500000,1311.00,5180.00,0.866000,0.895000
"Kepler-949 c",2.97000000,9.11000000,20.99757968000,582.00,5211.00,0.895000,0.817000
"Kepler-311 d",2.05000000,4.86000000,232.04032600000,327.00,5903.00,1.156000,0.974000
"WASP-44 b",12.32990000,276.51210000,2.42380400000,1337.00,5420.00,0.906000,0.935000
"WASP-45 b",10.60371400,306.38812000,3.12608900000,1153.00,5150.00,0.855000,0.850000
"Kepler-416 d",1.61000000,3.22000000,3.07644709000,1253.00,5670.00,1.022000,0.949000
"Kepler-1834 c",1.22000000,1.98000000,0.76669151700,1541.00,4821.00,0.788000,0.765000
"HATS-47 b",12.52045300,117.27927000,3.92280380000,852.90,4512.00,0.656400,0.674000
"GJ 15 A c",6.67000000,36.00000000,7600.00000000000,46.14,3607.00,0.380000,0.380000
"Kepler-763 c",1.42000000,2.60000000,4.09667624000,938.00,4999.00,0.843000,0.800000
"Kepler-347 d",3.04000000,9.48000000,85.51734400000,482.00,5592.00,1.451000,1.000000
"EPIC 248847494 b",12.44199000,4131.79000000,3650.00000000000,183.00,4898.00,2.700000,0.900000
"WASP-184 b",14.90797000,181.16310000,5.18170000000,1480.00,6000.00,1.650000,1.230000
"WASP-185 b",14.01125000,311.47340000,9.38755000000,1160.00,5900.00,1.500000,1.120000
"Kepler-290 d",0.86000000,0.56600000,0.76401755300,1589.00,5142.00,0.755000,0.840000
"Kepler-549 d",4.20000000,16.40000000,24.61480613000,586.00,5312.00,0.986000,0.859000
"KMT-2017-BLG-0165L b",6.45000000,34.00000000,,,,,0.760000
"Kepler-865 c",0.89000000,0.64000000,6.20920207000,914.00,5440.00,0.885000,0.782000
"TOI-150.01",14.06729500,797.75330000,5.85748700000,1404.50,6255.00,1.526000,1.351000
"GJ 682 c",2.89000000,8.70000000,57.32000000000,190.08,3028.00,0.298255,0.270000
"OGLE-2015-BLG-1649L b",13.20000000,807.00000000,,,,,0.340000
"Kepler-2000 c",1.57000000,3.09000000,20.61803480000,359.00,3757.00,0.576000,0.581000
"Kepler-448 c",12.00000000,6992.26000000,2500.00000000000,184.72,6635.00,1.400000,1.500000
"MOA-bin-29 b",14.10000000,190.00000000,,,,,0.030000
"Kepler-82 c",5.34000000,13.90000000,51.54000000000,450.00,5401.00,0.898000,0.910000
"Kepler-82 b",4.07000000,12.15000000,26.44000000000,562.00,5401.00,0.898000,0.910000
"HD 97048 b",13.30000000,794.57500000,,63.44,10000.00,2.250000,2.400000
"7 CMa b",13.40000000,587.98550000,735.10000000000,387.33,4826.00,4.870000,1.340000
"Kepler-1983 b",2.33000000,6.04000000,7.32851947000,807.00,5135.00,0.874000,0.812000
"NGTS-8 b",12.21781000,295.58190000,2.49970000000,1345.00,5241.00,0.980000,0.890000
"EPIC 205950854 c",1.31000000,2.27000000,8.05072200000,960.60,5502.70,0.830000,0.877000
"7 CMa c",13.90000000,276.51210000,996.00000000000,350.00,4826.00,4.870000,1.340000
"Kepler-1990 c",0.98000000,0.90400000,4.06844957000,1170.00,5751.00,1.071000,1.028000
"HD 220197 b",9.32000000,63.56600000,1728.00000000000,164.22,5683.00,0.980000,0.910000
"K2-43 c",2.42000000,6.44000000,2.19888400000,1093.70,3840.60,0.542000,0.571000
"Kepler-763 d",1.67000000,3.43000000,6.50327035000,804.00,4999.00,0.843000,0.800000
"Kepler-1162 c",1.81000000,3.93000000,59.28406400000,401.00,5225.00,0.859000,0.861000
"HD 213885 b",1.74500000,8.83000000,1.00803500000,2128.00,5978.00,1.101100,1.068000
"Kepler-896 c",3.15000000,10.10000000,29.54225660000,515.00,5510.00,0.803000,0.877000
"Kepler-1982 b",0.77000000,0.38100000,3.82315697000,1282.00,6202.00,1.122000,1.213000
"HD 213885 c",4.71000000,19.95000000,4.78503000000,1265.40,5978.00,1.101100,1.068000
"WASP-126 b",10.51358773,90.30000000,3.28883000000,1480.00,5800.00,1.270000,1.120000
"HAT-P-69 b",18.78628400,1137.83140000,4.78694910000,1930.00,7394.00,1.926000,1.648000
"Kepler-2000 b",2.73000000,7.90000000,6.38315913500,530.00,3757.00,0.576000,0.581000
"TOI-763 c",2.63000000,9.32000000,12.27370000000,800.00,5450.00,0.897000,0.917000
"TOI-905 b",13.12573900,211.99261000,3.73949400000,1192.00,5570.00,0.918000,0.968000
"TOI-564 b",11.43318000,464.98529000,1.65114400000,1714.00,5640.00,1.088000,0.998000
"Kepler-29 b",2.55000000,5.00000000,10.33974000000,777.00,5378.00,0.732000,0.761000
"Kepler-1674 b",3.20577490,10.40000000,62.56110000000,417.00,5473.91,0.877273,0.960000
"Kepler-1675 b",3.12483349,9.93000000,63.03820000000,465.00,5853.19,1.128650,1.060000
"HD 108236 b",1.61500000,3.24000000,3.79596300000,1099.00,5660.00,0.877000,0.869000
"HD 164922 c",3.66000000,13.00000000,75.74000000000,400.50,5390.00,0.946000,0.926000
"KMT-2019-BLG-0842L b",3.19000000,10.28000000,,,,,0.760000
"HD 108236 e",3.08300000,9.71000000,19.59002500000,636.00,5660.00,0.877000,0.869000
"WASP-150 b",11.99363000,2688.84180000,5.64420700000,1460.00,6218.00,1.651000,1.394000
"NGTS-13 b",12.80067800,1538.29720000,4.11902700000,1605.00,5819.00,1.788000,1.300000
"MOA-2009-BLG-319L b",9.64000000,67.30000000,,,,,0.524000
"Kepler-1685 b",2.57673985,7.16000000,20.49050000000,625.00,5484.00,0.835451,0.960000
"Kepler-1686 b",1.42553017,2.62000000,9.30987000000,913.00,5714.96,1.199510,1.020000
"KMT-2016-BLG-2397L b",13.20000000,836.00000000,,,,,0.640000
"OGLE-2017-BLG-0604L b",14.20000000,160.00000000,,,,,0.700000
"OGLE-2017-BLG-1375L b",12.40000000,3585.00000000,,,,,0.810000
"NGTS-14 A b",4.97679600,29.24036000,3.53571730000,1143.00,5187.00,0.842000,0.898000
"HD 13808 b",3.35000000,11.20000000,14.18150000000,661.56,5035.00,0.781000,0.771000
"OGLE-2015-BLG-1771L b",14.30000000,138.00000000,,,,,0.077000
"OGLE-2018-BLG-1700L b",12.90000000,1400.00000000,,,,,0.420000
"Kepler-1687 b",1.65623882,3.38000000,5.77954000000,598.00,4132.00,0.726119,0.650000
"Kepler-1689 b",0.94678642,0.79900000,8.48300000000,879.00,5731.43,0.996208,1.023000
"Kepler-462 b",3.00000000,53.90000000,84.68660000000,611.00,7500.00,1.570000,1.590000
"HD 4760 b",12.30000000,4417.83700000,434.00000000000,1198.67,4076.00,42.400000,1.050000
"HD 110113 c",2.11384817,10.50000000,6.74400000000,990.00,5732.00,0.968000,0.997000
"HD 96992 b",13.70000000,362.32620000,514.00000000000,557.72,4725.00,7.430000,0.960000
"KMT-2018-BLG-1292L b",12.90000000,1400.00000000,,,,,1.090000
"OGLE-2012-BLG-0838L b",8.39000000,53.10000000,,,,,0.400000
"Kepler-1691 b",1.83470985,4.02000000,3.84820000000,1283.00,6000.00,1.131520,1.110000
"Kepler-1692 b",1.11177184,1.42000000,5.95966000000,897.00,5146.00,0.866139,0.870000
"EPIC 201170410.02",1.04700000,1.15000000,6.79870000000,500.03,3648.00,0.282000,0.287000
"Kepler-160 d",,100.00000000,30.00000000000,676.54,5471.00,1.118000,1.003000
"Kepler-160 c",3.76000000,13.60000000,13.69942900000,771.00,5471.00,1.118000,1.003000
"Kepler-1694 b",1.17986031,1.76000000,3.89526000000,956.00,4954.00,0.756284,0.820000
"Kepler-716 c",1.39281536,2.52000000,3.96999000000,992.00,5012.00,0.742183,0.830000
"EPIC 201757695.02",0.90819000,0.68800000,2.04780000000,1025.29,4520.00,0.655000,0.727000
"HD 110082 b",3.20000000,10.30000000,10.18271000000,957.20,6200.00,1.190000,1.210000
"Kepler-1664 b",3.03320653,9.45000000,14.38680000000,776.00,5735.81,1.072000,0.944000
"Kepler-1001 c",1.57799279,3.11000000,9.18186000000,804.00,5376.00,0.836475,0.930000
"TOI-954 b",9.55006800,55.30242000,3.68497290000,1526.00,5710.00,1.892000,1.201000
"K2-329 b",8.67576600,82.63580000,12.45512250000,650.00,5282.00,0.822000,0.901000
"HATS-49 b",8.57488500,112.19399000,4.14804670000,834.80,4405.00,0.697700,0.713300
"TYC 8998-760-1 c",12.32990000,1906.98000000,,1240.00,4573.00,1.020000,1.000000
"Wendelstein-1 b",11.56096260,188.15536000,2.66341600000,2198.00,4251.00,0.610000,0.650000
"MOA-2013-BLG-220L b",13.20000000,871.00000000,,,,,0.880000
"KMT-2016-BLG-1836L b",13.30000000,700.00000000,,,,,0.490000
"OGLE-2013-BLG-0911L b",12.50000000,3020.00000000,,,,,0.290000
"BD-11 4672 c",4.04000000,15.37000000,74.20000000000,320.21,4550.00,0.639000,0.651000
"BD-11 4672 b",14.10000000,206.58950000,1634.00000000000,114.17,4550.00,0.639000,0.651000
"HIP 65 A b",22.75427000,1021.18779000,0.98097340000,1411.00,4590.00,0.724200,0.781000
"TOI-481 b",11.09691000,486.27990000,10.33111000000,1370.00,5735.00,1.660000,1.140000
"TIC 237913194 b",12.52045300,617.22586000,15.16886500000,974.00,5788.00,1.088000,1.026000
"OGLE-2016-BLG-1227L b",13.90000000,250.00000000,,,,,0.100000
"TOI-157 b",14.41477400,375.03940000,2.08454350000,1588.00,5404.00,1.167000,0.948000
"TOI-169 b",12.17297400,251.40353000,2.25544770000,1715.00,5880.00,1.288000,1.147000
"Kepler-1700 b",2.90129941,8.76000000,234.23900000000,329.00,6031.00,1.093700,1.120000
"Kepler-1666 b",2.88273782,8.66000000,25.84760000000,672.00,6293.00,1.145860,1.230000
"Gl 686 b",2.46000000,6.62400000,15.53000000000,379.00,3656.00,0.427000,0.426000
"HD 180617 b",3.53000000,12.21400000,105.91100000000,201.80,3534.00,0.481000,0.484000
"HD 158259 e",2.34000000,6.08000000,7.95100000000,,5801.89,1.210000,1.080000
"HD 158259 c",2.23000000,5.60000000,3.43200000000,,5801.89,1.210000,1.080000
"HATS-37 A b",6.79265400,31.46517000,4.33153660000,1085.00,5326.00,0.877000,0.843000
"GJ 687 b",4.32000000,17.20000000,38.14200000000,263.65,3413.00,0.418300,0.400000
"GJ 2056 b",4.17000000,16.20000000,69.97100000000,310.74,4069.95,0.709495,0.620000
"TOI-237 b",1.44000000,2.67000000,5.43609800000,388.00,3212.00,0.211000,0.179000
"HD 216520 c",3.03000000,9.44000000,154.43000000000,295.22,5103.00,0.760000,0.820000
"CoRoT-30 b",11.30988100,921.70700000,9.06005000000,894.60,5650.00,0.910000,0.980000
"CoRoT-31 b",16.36514000,266.97720000,4.62941000000,1664.86,5700.00,2.150000,1.250000
"HIP 38594 b",2.77000000,8.10000000,60.72200000000,308.29,4086.30,0.626646,0.610000
"WASP-186 b",12.44199000,1341.24260000,5.02679900000,1378.40,6361.00,1.470000,1.220000
"Kepler-29 c",2.34000000,4.50000000,13.28613000000,715.00,5378.00,0.732000,0.761000
"Kepler-783 c",2.33153725,6.04000000,7.05395000000,840.00,5411.49,0.872088,0.940000
"Kepler-1667 b",2.98385261,9.19000000,83.57810000000,655.00,5941.54,1.087510,1.090000
"HIP 4845 b",3.89000000,14.40000000,34.15000000000,358.21,4010.00,0.603999,0.620000
"HIP 48714 b",5.11000000,22.90000000,17.81800000000,446.47,4015.50,0.595456,0.580000
"TOI-251 b",2.74000000,317.83000000,4.93777000000,1041.19,5875.00,0.881000,1.036000
"HAT-P-68 b",12.01604800,230.10892000,2.29840551000,1027.80,4508.00,0.670100,0.678500
"Kepler-177 b",3.50000000,5.84000000,36.86010000000,549.00,5732.00,1.324000,0.921000
"Kepler-36 b",1.49800000,3.83000000,13.86825000000,978.00,5979.00,1.634000,1.034000
"KOI-1783.01",8.86000000,71.00000000,134.46280000000,412.00,5922.00,1.143000,1.076000
"Kepler-1668 b",4.34764405,17.40000000,15.43400000000,721.00,5542.00,1.017380,0.980000
"Kepler-598 c",3.02420941,9.40000000,86.49450000000,367.00,5245.00,0.900316,0.900000
"KMT-2019-BLG-1953L b",14.10000000,200.00000000,,,,,0.310000
"Kepler-1514 c",1.17582410,1.74000000,10.51418100000,1066.00,6145.00,1.289000,1.196000
"KOI-1783.02",5.44000000,15.00000000,284.21500000000,321.00,5922.00,1.143000,1.076000
"HD 156668 c",6.17000000,31.49679513,811.30000000000,166.08,4903.69,0.774528,0.785167
"HD 211403 b",12.80000000,1760.76937478,223.80000000000,380.00,6273.00,1.206000,1.200000
"K2-344 b",1.59000000,3.15000000,3.35585000000,722.00,4374.00,0.490000,0.510000
"HD 24040 c",9.35000000,63.88350981,515.40000000000,287.75,5776.49,1.387296,1.103940
"HD 3765 b",8.56000000,54.98431441,1211.00000000000,152.85,5049.80,0.830610,0.851785
"HD 213472 b",13.10000000,1112.39942450,17000.00000000000,91.76,5729.54,1.433902,1.048132
"K2-348 c",2.67000000,7.61000000,12.55017100000,655.00,5077.00,0.850000,0.830000
"CD Cet b",1.82000000,3.95000000,2.29070000000,464.00,3130.00,0.175000,0.161000
"G 264-012 b",1.39000000,2.50000000,2.30538000000,587.00,3326.00,0.305000,0.297000
"K2-352 d",2.23000000,5.60000000,14.87138700000,727.00,5791.00,0.950000,0.980000
"K2-339 b",1.92000000,4.35000000,19.50742800000,508.00,4857.00,0.720000,0.740000
"K2-282 b",2.50000000,6.80000000,4.16978300000,1057.00,5499.00,1.000000,0.940000
"K2-156 b",1.10000000,1.37000000,0.81314300000,1347.00,4460.00,0.620000,0.660000
"TOI-257 b",7.16253867,43.86032017,18.38818000000,1027.00,6095.00,1.867000,1.407000
"HAT-P-58 b",14.93036229,118.23216740,4.01383790000,1622.00,6078.00,1.530000,1.031000
"HAT-P-59 b",12.58768533,489.45574678,4.14197710000,1277.80,5678.00,1.103800,1.008000
"K2-268 d",1.49000000,2.83000000,4.52859800000,888.00,5106.00,0.780000,0.840000
"TOI-269 b",2.77000000,8.80000000,3.69771040000,531.00,3514.00,0.398000,0.391700
"K2-268 f",2.23000000,5.60000000,26.27057000000,492.00,5106.00,0.780000,0.840000
"K2-187 b",1.20000000,1.87000000,0.77401000000,1815.00,5438.00,0.830000,0.966999
"K2-210 b",0.86000000,0.56600000,0.57023000000,,5500.00,0.890000,0.911717
"K2-32 b",5.29900000,15.00000000,8.99200000000,837.00,5271.00,0.860000,0.830000
"K2-32 e",1.21200000,2.10000000,4.34934000000,1066.00,5271.00,0.860000,0.830000
"HAT-P-64 b",19.08889413,184.34047606,4.00723200000,1766.00,6457.00,1.735000,1.298000
"Kepler-129 c",2.52000000,43.00000000,82.20000000000,525.00,5770.00,1.653000,1.178000
"K2-331 b",1.79000000,3.86000000,9.39897700000,909.00,5994.00,1.060000,1.100000
"EPIC 228836835 b",1.10000000,1.37000000,0.72811300000,932.00,3782.00,0.320000,0.418179
"K2-223 c",1.50000000,2.86000000,4.56254600000,1091.00,5859.00,1.000000,1.060000
"K2-32 c",3.13400000,8.10000000,20.66093000000,634.00,5271.00,0.860000,0.830000
"K2-32 d",3.48400000,6.70000000,31.71701000000,550.00,5271.00,0.860000,0.830000
"KIC 10068024 b",13.40000000,635.65681400,2.07354900000,,6118.40,1.574000,1.220000
"K2-350 b",1.54000000,2.99000000,4.16387300000,1158.00,5789.00,1.040000,0.980000
"K2-353 b",5.55000000,26.30000000,15.46680500000,735.00,5698.00,0.990000,0.870000
"K2-137 b",0.64000000,158.91500000,0.17971900000,1471.00,3697.00,0.290000,0.463000
"EPIC 206042996 b",1.70000000,3.53000000,5.29860000000,,4114.00,0.500000,0.565000
"NGTS-15 b",12.32987877,238.68913366,3.27623000000,1146.00,5600.00,0.954000,0.995000
"K2-354 b",1.56000000,3.05000000,3.79330600000,543.00,3669.00,0.410000,0.430000
"K2-330 b",2.77000000,8.10000000,13.77479800000,969.00,6232.00,1.500000,1.230000
"TOI-1333 b",15.64776400,753.25710000,4.72021900000,1679.00,6274.00,1.925000,1.464000
"HD 238090 b",2.52000000,6.89000000,13.67100000000,469.60,3933.00,0.570000,0.578000
"NGTS-18 b",13.56286665,129.99181846,3.05125000000,1381.00,5610.00,1.392000,1.003000
"HD 136352 b",1.66400000,4.72000000,11.57797000000,905.00,5664.00,1.058000,0.870000
"K2-336 b",1.22000000,1.98000000,21.19473300000,569.00,5424.00,0.800000,0.860000
"GJ 414 A b",2.63000000,7.60000000,50.80000000000,308.60,4120.00,0.680000,0.650000
"BD+55 362 b",14.00000000,228.83645304,265.59000000000,259.06,5012.00,0.896193,0.909000
"HD 136352 d",2.56200000,8.82000000,107.24500000000,431.00,5664.00,1.058000,0.870000
"K2-337 b",2.62000000,7.37000000,16.27356300000,850.00,5869.00,1.320000,0.940000
"K2-138 c",2.29900000,6.31000000,3.56004000000,1012.00,5356.30,0.863000,0.935000
"KOI-1831 d",1.13000000,2.23000000,34.16900000000,475.00,5233.00,0.835000,0.901000
"K2-340 b",3.36000000,11.20000000,29.74045100000,606.00,5532.00,1.130000,0.930000
"K2-138 d",2.39000000,7.92000000,5.40479000000,888.00,5356.30,0.863000,0.935000
"K2-138 e",3.39000000,12.97000000,8.26146000000,757.00,5356.30,0.863000,0.935000
"EPIC 212297394 c",2.27000000,5.77000000,5.21396500000,866.00,5171.00,0.800000,0.830000
"K2-138 f",2.90400000,1.63000000,12.75758000000,653.00,5356.30,0.863000,0.935000
"K2-100 b",3.88000000,21.80000000,1.67390350000,1841.00,5945.00,1.240000,1.150000
"TOI-2202 c",13.40000000,117.27868218,24.67440000000,560.61,5144.00,0.794000,0.823000
"KMT-2019-BLG-1715L b",13.20000000,813.64072192,,,,,0.610000
"K2-349 b",1.38000000,2.48000000,9.03217800000,518.00,4385.00,0.490000,0.540000
"K2-350 c",2.74000000,7.95000000,19.99194400000,687.00,5789.00,1.040000,0.980000
"K2-351 b",2.54000000,6.99000000,7.80616400000,934.00,5769.00,1.050000,1.020000
"GJ 740 b",1.53000000,2.96000000,2.37756000000,829.00,3913.00,0.560000,0.580000
"HD 60292 b",12.70000000,2065.89500000,495.40000000000,889.53,4348.00,27.000000,1.700000
"TOI-1749 b",1.39000000,57.00000000,2.38839000000,831.00,3985.00,0.550000,0.580000
"TOI-1749 d",2.52000000,15.00000000,9.04970000000,533.00,3985.00,0.550000,0.580000
"KMT-2018-BLG-1025L b",2.34000000,6.05900000,,,,,0.219000
"K2-185 b",1.15000000,1.60000000,10.61638400000,809.00,5788.00,0.940000,0.960000
"EPIC 212587672 c",2.32000000,5.99000000,23.22855500000,658.00,6004.00,0.980000,0.990000
"HD 221420 b",12.00000000,7278.27052030,10090.00000000000,123.49,5847.00,1.947000,1.351000
"K2-185 c",2.39000000,6.30000000,52.71349400000,477.00,5788.00,0.940000,0.960000
"TOI-1201 b",2.41500000,6.28000000,2.49198630000,703.00,3476.00,0.508000,0.512000
"HD 136925 b",13.90000000,266.97586188,4540.00000000000,134.25,5773.19,1.193078,0.875104
"HD 109286 b",13.20000000,950.30693693,520.10000000000,259.40,5694.00,1.089000,0.980000
"Kepler-1771 b",4.05537256,15.50000000,88.64399719000,391.00,5661.00,0.934000,0.941000
"Kepler-1786 b",3.16305828,10.10000000,78.54609680000,501.00,5808.00,1.397000,1.058000
"Kepler-1834 b",1.45938340,2.73000000,4.60301017800,848.00,4821.00,0.788000,0.765000
"TOI-559 b",12.22899794,1910.14872607,6.98390950000,1180.00,5925.00,1.233000,1.026000
"Kepler-418 c",5.22108654,23.70000000,12.21829987000,835.00,5822.00,1.081000,0.957000
"Kepler-1801 b",2.70926154,7.80000000,10.44089985000,829.00,5738.00,0.981000,0.936000
"Kepler-1838 b",1.66049425,3.40000000,12.14680004000,1097.00,5877.00,1.963000,1.187000
"Kepler-1839 b",1.94937590,4.46000000,5.05675983400,1049.00,5926.00,0.939000,1.030000
"TOI-530 b",9.30345398,127.13136280,6.38759700000,565.00,3659.00,0.540000,0.530000
"Kepler-1749 b",1.61301783,3.23000000,14.53409958000,420.00,3957.00,0.553000,0.551000
"Kepler-1841 b",1.48912557,2.82000000,25.88599968000,542.00,5190.00,0.899000,0.823000
"Kepler-1842 b",2.35388681,6.14000000,14.02639961000,822.00,5970.00,1.131000,1.057000
"HAT-P-43 b",13.63000000,210.39500000,3.33264140000,1353.00,5693.00,1.080000,1.030000
"Kepler-1742 b",2.17824130,5.38000000,49.47819901000,462.00,5776.00,0.849000,0.939000
"Kepler-1743 b",1.59887007,3.18000000,7.64971017800,1144.00,5855.00,1.613000,1.266000
"Kepler-1741 b",1.27300000,2.16000000,2.75759005500,615.00,3683.00,0.424000,0.454000
"Kepler-1810 b",3.91815325,14.60000000,101.13300320000,380.00,5492.00,1.016000,0.921000
"Kepler-1812 b",2.32494240,6.01000000,7.16521978400,1034.00,6174.00,1.103000,1.162000
"Kepler-1845 b",2.43836702,6.52000000,11.60649967000,584.00,4703.00,0.701000,0.686000
"Kepler-1716 b",2.42476850,6.46000000,35.58100128000,408.00,4894.00,0.684000,0.753000
"K2-95 b",3.31000000,11.00000000,10.13464540000,474.00,3566.00,0.400000,0.410000
"Kepler-1746 b",8.93504475,59.10000000,321.21200560000,310.00,6018.00,1.286000,1.090000
"Kepler-1745 b",1.92872921,4.38000000,3.01619005200,1449.00,5611.00,1.400000,0.995000
"Kepler-1814 b",2.36961357,6.21000000,2.93535995500,1022.00,4922.00,0.823000,0.790000
"Kepler-1813 b",1.41300000,2.58000000,2.81816005700,1059.00,5167.00,0.787000,0.812000
"Kepler-1815 b",2.74892620,7.99000000,12.19139957000,763.00,5516.00,0.967000,0.856000
"Kepler-1856 b",1.73447868,3.66000000,1.30200004600,1344.00,4948.00,0.816000,0.782000
"K2-101 b",2.00000000,4.66000000,14.67624290000,618.00,4927.00,0.760000,0.820000
"Kepler-1669 c",1.90120972,4.27000000,1.60932004500,958.00,4224.00,0.603000,0.609000
"Kepler-1165 c",3.36093385,11.20000000,29.96870041000,644.00,6249.00,1.076000,1.130000
"Kepler-1816 b",1.96793970,4.53000000,91.50099945000,310.00,5051.00,0.706000,0.786000
"Kepler-1847 b",2.74516914,7.97000000,11.12969971000,843.00,6122.00,0.964000,1.041000
"K2-355 b",2.25000000,5.69000000,5.73856470000,1066.00,5790.00,0.920000,0.960000
"K2-356 b",2.29000000,5.86000000,21.02673660000,624.00,5568.00,0.860000,0.900000
"Kepler-1757 b",2.94660251,8.99000000,19.65640068000,549.00,5288.00,0.740000,0.828000
"Kepler-1758 b",2.57059831,7.13000000,9.97721004500,1028.00,5557.00,1.616000,1.035000
"Kepler-1819 b",3.90351256,14.50000000,16.48690033000,760.00,6090.00,1.071000,1.173000
"Kepler-1817 b",2.27349126,5.79000000,44.29919815000,463.00,5316.00,0.915000,0.878000
"K2-357 b",3.72000000,13.40000000,16.34886370000,735.00,5794.00,1.000000,0.980000
"K2-358 b",2.68000000,7.65000000,11.25102850000,888.00,5650.00,0.910000,0.930000
"Kepler-1731 b",2.93295657,8.92000000,21.76129913000,486.00,4859.00,0.720000,0.781000
"Kepler-1762 b",2.76022913,8.05000000,29.53910065000,714.00,6572.00,1.238000,1.298000
"Kepler-1820 b",3.11883067,9.90000000,31.03249931000,561.00,5841.00,0.931000,1.047000
"Kepler-1821 b",2.59248115,7.24000000,16.45809937000,644.00,5475.00,0.884000,0.946000
"Kepler-1788 b",2.37850461,6.25000000,2.80012011500,956.00,4786.00,0.704000,0.686000
"Kepler-1859 b",1.58313575,3.13000000,2.72959995300,1455.00,5887.00,1.235000,1.090000
"Kepler-1860 b",1.13863767,1.55000000,12.73719978000,697.00,5420.00,0.868000,0.874000
"K2-184 b",1.47000000,2.76000000,16.97801020000,533.00,5245.00,0.750000,0.840000
"Kepler-1712 b",2.28372556,5.83000000,13.81499958000,391.00,3732.00,0.509000,0.515000
"Kepler-1763 b",1.14651332,1.59000000,1.48028004200,1822.00,5897.00,1.259000,1.026000
"Kepler-1764 b",4.55527871,18.80000000,70.46829987000,511.00,6461.00,1.131000,1.162000
"Kepler-1790 b",3.14461450,10.00000000,31.58889961000,682.00,5866.00,1.367000,1.020000
"Kepler-1791 b",3.12103321,9.91000000,7.72086000400,1021.00,5887.00,1.177000,0.985000
"EPIC 220554210 c",1.60000000,3.19000000,0.70531000000,,5499.00,1.000000,0.940000
"K2-273 b",3.05000000,9.53000000,11.71956630000,849.00,5161.00,0.850000,0.890000
"K2-104 b",1.79000000,3.86000000,1.97419540000,798.00,3712.00,0.480000,0.510000
"Kepler-1792 b",2.51990972,6.89000000,4.19577980000,1047.00,5229.00,1.005000,0.878000
"Kepler-1090 c",3.29265785,10.90000000,42.42720032000,496.00,5330.00,1.013000,0.869000
"EPIC 220492298 b",0.99000000,0.93700000,0.76240600000,,5620.00,0.890000,0.950000
"EPIC 206024342 c",1.40000000,2.54000000,0.91172400000,,5724.00,1.100000,0.928000
"Kepler-1760 b",2.28995546,5.86000000,38.32609940000,480.00,5229.00,0.903000,0.821000
"Kepler-1777 b",2.13189678,5.19000000,12.18420029000,819.00,5771.00,1.068000,0.984000
"K2-275 c",2.21000000,5.52000000,8.43883850000,653.00,4841.00,0.690000,0.770000
"K2-275 b",2.34000000,6.08000000,3.28096260000,1166.00,4841.00,0.690000,0.770000
"Kepler-1775 b",3.64762153,12.90000000,85.65399933000,522.00,5818.00,1.647000,1.149000
"Kepler-1797 b",3.05774442,9.58000000,23.35939980000,684.00,6244.00,1.009000,1.069000
"Kepler-1798 b",2.30911251,5.94000000,16.85589981000,408.00,3967.00,0.587000,0.593000
"TIC 172900988 b",11.25000000,942.00000000,200.45200000000,361.24,6050.00,1.384200,1.238400
"HD 93385 d",2.89000000,8.70000000,45.85000000000,619.44,5977.00,1.184840,1.040000
"OGLE-2018-BLG-0567L b",12.30000000,101.70509024,,,,,0.250000
"OGLE-2018-BLG-0962L b",13.60000000,425.89006538,,,,,0.540000
"Kepler-487 d",2.77513568,8.12000000,2.41839003600,1226.00,5422.00,0.887000,0.874000
"Kepler-1822 b",2.64755943,7.50000000,22.13339996000,507.00,5165.00,0.702000,0.782000
"Kepler-1823 b",2.08612680,5.00000000,21.10339928000,718.00,6000.00,1.126000,1.068000
"HD 96700 c",1.69000000,3.50000000,19.88000000000,808.42,5845.00,1.160000,0.890000
"HD 96700 d",3.61000000,12.70000000,103.50000000000,466.19,5845.00,1.160000,0.890000
"TOI-2257 b",2.19400000,5.45000000,35.18934600000,256.00,3430.00,0.313000,0.328000
"Kepler-1769 b",4.46500000,18.20000000,89.19349670000,483.00,6071.00,1.295000,1.061000
"Kepler-1778 b",3.01665969,9.36000000,10.08740044000,942.00,6310.00,1.095000,1.143000
"Kepler-1824 b",2.38127597,6.26000000,95.61100006000,421.00,6002.00,1.081000,1.135000
"HD 189567 b",2.85000000,8.50000000,14.28800000000,845.16,5726.00,1.040000,0.830000
"HD 189567 c",2.54000000,7.00000000,33.68800000000,634.41,5726.00,1.040000,0.830000
"HD 137496 c",12.60000000,2434.56559762,479.90000000000,370.00,5799.00,1.590000,1.040000
"Kepler-1782 b",2.22927435,5.60000000,5.75622987700,773.00,4931.00,0.734000,0.794000
"Kepler-1784 b",2.79936489,8.24000000,13.59049988000,724.00,5442.00,0.974000,0.887000
"Kepler-1828 b",2.11598626,5.13000000,10.27379990000,799.00,5806.00,0.899000,0.996000
"Kepler-1829 b",2.47887001,6.71000000,5.18671989400,860.00,5230.00,0.777000,0.873000
"Kepler-1776 b",2.61157023,7.33000000,35.01190186000,603.00,5872.00,1.153000,1.041000
"Kepler-1709 b",3.12424875,9.93000000,65.70459747000,472.00,5918.00,1.043000,1.003000
"Kepler-1833 b",1.30027362,2.24000000,6.89212989800,1177.00,6164.00,1.446000,1.286000
"TOI-3362 b",12.80065596,1598.35905880,18.09547000000,688.00,6532.00,1.830000,1.445000
"Kepler-1738 b",2.82472883,8.37000000,7.67463016500,957.00,6063.00,1.001000,1.079000
"Kepler-1739 b",2.43056832,6.48000000,7.34370994600,839.00,5757.00,0.762000,0.865000
"Kepler-1924 b",2.65446572,7.53000000,15.33170033000,821.00,5726.00,1.285000,1.018000
"Kepler-1925 b",3.00177922,9.28000000,46.71640015000,531.00,5856.00,1.092000,1.057000
"HATS-76 b",12.09449018,835.57088200,1.94164230000,939.80,4016.00,0.625900,0.662000
"Kepler-1130 d",0.64472273,0.20200000,4.27225017500,981.00,5450.00,0.842000,0.944000
"Kepler-1802 c",2.32200000,6.00000000,33.13610077000,357.00,4245.00,0.637000,0.649000
"Kepler-1942 b",2.11702870,5.13000000,4.62604999500,1012.00,5834.00,0.797000,0.852000
"Kepler-1943 b",1.54869189,3.02000000,4.85018014900,1098.00,6032.00,0.973000,1.055000
"Kepler-1927 b",3.40627075,11.50000000,73.75039673000,677.00,6056.00,2.481000,1.408000
"Kepler-1722 b",2.86719266,8.58000000,9.17856979400,753.00,5506.00,0.788000,0.876000
"HD 69123 b",13.10000000,982.08977763,1193.30000000000,411.78,4842.00,7.720000,1.680000
"Kepler-1266 c",1.68023962,3.46000000,4.86631012000,881.00,4996.00,0.831000,0.791000
"Kepler-394 d",1.50066814,2.86000000,5.61358022700,1165.00,6398.00,1.101000,1.141000
"Kepler-1944 b",2.75971163,8.05000000,9.84257984200,801.00,5585.00,0.972000,1.064000
"Kepler-1945 b",1.28900000,2.21000000,6.08003997800,808.00,4991.00,0.804000,0.767000
"Kepler-1946 b",2.48812698,6.75000000,3.03519010500,1143.00,5505.00,0.873000,0.887000
"Kepler-1929 b",3.07250761,9.65000000,59.36249924000,566.00,5786.00,1.471000,1.006000
"Kepler-913 c",3.85807090,14.20000000,5.93911981600,1357.00,6068.00,1.797000,1.294000
"Kepler-324 e",2.03862444,235.01400000,13.97939968000,635.00,5191.00,0.826000,0.844000
"Kepler-1727 b",3.17321625,10.20000000,9.02929973600,757.00,5349.00,0.820000,0.824000
"Kepler-1931 b",2.65323514,7.53000000,38.57609940000,619.00,6167.00,1.221000,1.174000
"Kepler-1530 d",3.27870115,10.80000000,9.20761013000,972.00,5678.00,1.303000,1.015000
"Kepler-1932 b",1.51482218,2.91000000,0.52417701500,1891.00,5278.00,0.815000,0.911000
"YZ Cet b",0.91300000,0.70000000,2.02087000000,471.20,3151.00,0.157000,0.142000
"YZ Cet c",1.05000000,1.14000000,3.05989000000,410.30,3151.00,0.157000,0.142000
"Kepler-281 d",5.93747806,654.00000000,148.27200320000,321.00,5717.00,0.884000,0.984000
"Kepler-495 c",1.21936414,1.98000000,5.89660978300,1000.00,5392.00,1.087000,0.888000
"Kepler-501 c",1.68119739,3.47000000,3.62276005700,1304.00,5794.00,1.216000,1.032000
"Kepler-196 d",2.66065673,7.56000000,122.08000180000,297.00,5132.00,0.770000,0.805000
"Kepler-1950 b",1.52696349,2.95000000,10.77690029000,752.00,5455.00,0.852000,0.759000
"Kepler-1899 b",1.55098292,3.02000000,4.09577989600,851.00,4791.00,0.742000,0.759000
"Kepler-1869 b",1.11955354,1.46000000,8.16736030600,865.00,5808.00,0.902000,0.987000
"Kepler-1312 c",1.02732734,1.07000000,1.11611998100,1659.00,5721.00,0.905000,0.983000
"Kepler-1952 b",1.23923346,2.07000000,27.21080017000,725.00,5973.00,1.305000,0.922000
"Kepler-1728 b",2.95501875,9.04000000,4.78299999200,886.00,5170.00,0.807000,0.891000
"Kepler-1926 b",2.31495961,5.97000000,42.87770081000,451.00,5256.00,0.832000,0.768000
"Kepler-1729 b",3.89404186,14.40000000,4.22097015400,595.00,3837.00,0.517000,0.544000
"Kepler-1972 b",0.80200000,2.02000000,7.54425000000,1084.00,5818.00,1.384000,1.120000
"Kepler-1321 d",2.62843782,7.41000000,5.72092008600,509.00,3640.00,0.503000,0.513000
"Kepler-1600 c",1.94206512,4.43000000,7.29804992700,786.00,5119.00,0.834000,0.818000
"Kepler-1954 b",1.80235934,3.90000000,5.88343000400,949.00,5840.00,0.849000,0.942000
"Kepler-1730 b",4.48524519,18.40000000,13.81019974000,833.00,5942.00,1.142000,1.009000
"Kepler-1721 b",3.11856756,9.90000000,4.59238004700,924.00,5351.00,0.796000,0.890000
"Kepler-1887 b",2.92454357,8.88000000,19.94750023000,625.00,5749.00,0.864000,0.961000
"Kepler-1958 b",2.05124311,4.86000000,9.32861995700,806.00,5749.00,0.864000,0.961000
"Kepler-1726 b",2.50861954,6.84000000,18.39629936000,582.00,5316.00,0.804000,0.876000
"Kepler-1723 b",2.88046569,8.65000000,39.75289917000,568.00,6072.00,1.010000,0.960000
"Kepler-1705 b",2.03000000,4.47000000,9.03502000000,789.00,6312.00,1.259000,1.139000
"OGLE-2019-BLG-0960L b",1.39000000,2.50000000,,,,,0.500000
"Kepler-1890 b",0.86867375,0.58700000,4.82059001900,1328.00,6046.00,1.396000,1.024000
"Kepler-1892 b",1.83707938,4.03000000,6.33123016400,822.00,5383.00,0.759000,0.851000
"Kepler-1959 b",1.14315727,1.57000000,6.38669014000,811.00,5071.00,0.811000,0.768000
"Kepler-1960 b",1.30749704,2.26000000,2.29794001600,1547.00,6371.00,1.072000,1.117000
"Kepler-457 d",2.98467257,9.19000000,10.69060040000,1008.00,6474.00,1.242000,1.148000
"Kepler-633 c",2.29600000,5.89000000,23.78319931000,725.00,5877.00,1.265000,0.997000
"Kepler-1861 b",2.20677414,5.50000000,40.03060150000,617.00,5855.00,1.373000,1.161000
"Kepler-1863 b",2.26309256,5.74000000,44.99760056000,508.00,5871.00,0.983000,1.097000
"Kepler-1895 b",2.11934728,5.14000000,6.07029008900,789.00,5076.00,0.763000,0.860000
"Kepler-1911 b",1.01100000,1.01000000,5.99079990400,987.00,5721.00,0.972000,0.954000
"Kepler-1865 b",1.57686072,3.11000000,2.52400994300,1203.00,5420.00,0.871000,0.849000
"Kepler-1866 b",2.08215108,4.99000000,11.66009998000,834.00,5791.00,1.083000,1.030000
"Kepler-1897 b",2.81407954,8.32000000,24.22030067000,505.00,5165.00,0.761000,0.859000
"Kepler-1896 b",3.09935997,9.80000000,44.87020111000,536.00,6122.00,0.996000,1.070000
"Kepler-1967 b",0.73022577,0.31500000,7.28169012100,1086.00,4970.00,1.806000,0.996000
"b Cen AB b",12.40000000,3464.32963630,1790000.00000000000,,,,5.500000
"OGLE-2018-BLG-0532L b",2.37000000,6.22800000,,,,,0.195000
"Kepler-1867 b",1.15985997,1.65000000,9.88735961900,768.00,5693.00,0.816000,0.911000
"Kepler-1868 b",3.14950109,10.10000000,211.03399660000,215.00,4658.00,0.686000,0.743000
"Kepler-1903 b",2.28642395,5.85000000,17.06789970000,769.00,6347.00,0.996000,1.053000
"Kepler-1969 b",1.68161001,3.47000000,6.64752006500,999.00,6046.00,1.007000,1.111000
"Kepler-1968 b",1.50004034,2.86000000,7.28109979600,744.00,5008.00,0.788000,0.844000
"Kepler-1871 b",2.42172881,6.44000000,1.95270001900,1403.00,5741.00,0.946000,1.020000
"Kepler-1872 b",2.38421141,6.28000000,3.82591009100,1005.00,5223.00,0.885000,0.913000
"Kepler-1906 b",2.77615754,8.13000000,7.36268997200,901.00,5868.00,0.894000,0.987000
"Kepler-1907 b",0.86973029,0.58900000,5.65245008500,856.00,5159.00,0.800000,0.752000
"Kepler-1913 b",1.51852059,2.92000000,14.19600010000,818.00,6214.00,1.076000,1.169000
"HD 79181 b",14.10000000,203.41018048,273.10000000000,821.87,4862.00,11.060000,1.280000
"HD 10975 b",14.30000000,143.02278315,283.80000000000,799.92,4840.00,11.160000,1.410000
"HD 99283 b",13.80000000,308.29355479,310.40000000000,759.06,4886.00,11.210000,1.760000
"Kepler-1873 b",1.62573811,3.28000000,0.55884200300,1787.00,5151.00,0.792000,0.903000
"Kepler-1874 b",2.21110724,5.52000000,56.57320023000,356.00,4701.00,0.775000,0.758000
"Kepler-1909 b",1.09217411,1.33000000,2.39160990700,1031.00,4935.00,0.685000,0.663000
"Kepler-1717 b",2.98929758,9.21000000,30.65279961000,780.00,6200.00,1.640000,1.158000
"Kepler-1917 b",1.88971288,4.23000000,12.90240002000,675.00,5530.00,0.788000,0.882000
"Kepler-1918 b",2.29763023,5.89000000,47.05640030000,497.00,5889.00,0.924000,0.967000
"ups Leo b",14.20000000,162.09248757,385.20000000000,719.08,4836.00,11.220000,1.480000
"HD 219139 b",14.00000000,247.90615746,275.50000000000,804.83,4831.00,11.220000,1.460000
"Kepler-616 d",2.65300000,7.52000000,51.06740189000,499.00,6004.00,0.977000,1.061000
"Kepler-534 c",1.22700000,2.02000000,7.37868976600,933.00,5936.00,0.965000,1.075000
"Kepler-1919 b",2.62390658,7.38000000,37.88660049000,479.00,5513.00,0.818000,0.868000
"Kepler-1488 c",1.65156749,3.37000000,6.15826988200,1212.00,5710.00,1.524000,1.003000
"gam Psc b",13.60000000,425.89006538,555.10000000000,666.07,4742.00,11.200000,0.990000
"HIP 34222 b",13.90000000,263.79757781,159.98600000000,218.98,4050.00,0.618600,0.620000
"Kepler-1881 b",2.98104391,9.17000000,159.39399720000,289.00,5135.00,0.874000,0.812000
"Kepler-1879 b",2.06512018,4.92000000,10.61340046000,987.00,5865.00,1.388000,1.023000
"Kepler-1934 b",0.91307734,0.70200000,1.41975998900,1700.00,5925.00,1.035000,0.968000
"Kepler-1935 b",2.50271696,6.82000000,3.95140004200,1083.00,5570.00,0.899000,0.845000
"Kepler-1921 b",2.89459458,8.72000000,20.03479958000,967.00,6120.00,2.000000,1.251000
"HIP 86221 b",14.00000000,225.65816897,2.22400000000,,,,0.790000
"Kepler-1883 b",3.25107395,10.60000000,103.42700200000,416.00,6208.00,1.024000,1.086000
"Kepler-1938 b",1.82828927,4.00000000,13.06260014000,527.00,4522.00,0.655000,0.646000
"TOI-1268 b",9.10000000,96.40000000,8.15770940000,918.90,5300.00,0.920000,0.960000
"K2-25 b",3.44000000,24.50000000,3.48456408000,494.00,3207.00,0.293200,0.263400
"TOI-2136 b",2.19000000,6.37000000,7.85192800000,395.00,3342.00,0.340000,0.340000
"K2-382 b",2.07200000,4.95000000,21.70015600000,,5452.00,0.811000,0.922000
"K2-376 b",1.73600000,3.66000000,5.77647500000,,5937.00,1.149000,0.908000
"iot Dra b",12.40000000,3756.73177074,510.85440000000,618.67,4504.00,11.790000,1.540000
"CoRoT-35 b",18.83108758,349.61124770,3.22748000000,1747.00,6390.00,1.650000,1.010000
"CoRoT-36 b",15.80466279,216.12331676,5.61653100000,1567.00,6730.00,1.520000,1.320000
"K2-383 b",1.56400000,3.07000000,1.86596200000,,5129.00,0.804000,1.061000
"K2-366 b",2.35900000,6.16000000,15.93703900000,,5601.00,0.940000,0.825000
"iot Dra c",12.20000000,4958.12314920,25000.00000000000,169.31,4504.00,11.790000,1.540000
"K2-373 b",2.06100000,4.90000000,11.02066000000,,6138.00,1.486000,1.158000
"K2-367 b",2.41300000,6.41000000,20.64509900000,,4348.00,0.625000,0.756000
"HD 160691 c",,1398.44499080,3947.00000000000,157.21,5773.00,1.330000,1.130000
"HD 160691 d",3.23000000,10.49000000,9.63920000000,900.00,5773.00,1.330000,1.130000
"K2-384 f",2.22200000,5.57000000,13.62749000000,,3623.00,0.348000,0.330000
"K2-369 b",1.31300000,2.28000000,5.76161200000,,5682.00,0.881000,0.735000
"TOI-620 b",3.76000000,13.60000000,5.09881790000,603.60,3708.00,0.550000,0.577000
"AB Aur b",12.50000000,2860.45566300,,83.63,9770.00,2.958870,2.400000
"HD 33142 b",13.70000000,400.46379282,330.00000000000,477.50,5025.40,4.170000,1.520000
"K2-384 e",1.34500000,2.37000000,9.71504300000,,3623.00,0.348000,0.330000
"K2-371 b",13.02400000,,3.11490500000,956.83,4925.00,0.736000,0.958000
"K2-372 b",2.94500000,8.98000000,9.84407700000,,5479.00,0.922000,0.847000
"TYC 2187-512-1 b",12.50000000,104.88337431,691.90000000000,114.69,3734.00,0.495000,0.498000
"TOI-1246 b",3.01000000,8.10000000,4.30744000000,955.00,5151.00,0.860000,0.870000
"HD 160691 e",,2224.79884900,307.90000000000,327.66,5773.00,1.330000,1.130000
"K2-393 b",2.35200000,6.13000000,10.41318100000,,5678.00,1.071000,0.881000
"K2-375 b",2.24300000,5.66000000,14.45389500000,,5822.00,1.543000,1.119000
"HIP 94235 b",3.00000000,379.00000000,7.71305700000,1060.00,5991.00,1.080000,1.094000
"KOI-984 c",14.10000000,209.80000000,21.51200000000,597.00,5295.00,0.818000,0.928000
"TOI-2081 b",2.04000000,4.82000000,10.50534000000,488.00,3800.00,0.534000,0.540000
"K2-389 c",2.04000000,4.82000000,20.85133700000,,5782.00,1.084000,0.802000
"K2-390 b",4.66200000,19.60000000,3.31279200000,1119.00,5558.00,0.966000,0.789000
"HD 73583 b",2.79000000,10.20000000,6.39804200000,714.00,4511.00,0.650000,0.730000
"HD 103891 b",13.20000000,918.52409623,1919.00000000000,241.25,6072.00,2.220000,1.280000
"HD 105779 b",14.10000000,203.41018048,2412.00000000000,147.29,5792.00,0.940000,0.890000
"HD 33142 d",9.32000000,63.56568140,89.90000000000,736.04,5025.40,4.170000,1.520000
"HD 19615 b",12.60000000,2701.54145950,402.00000000000,1113.92,4263.00,32.300000,1.100000
"K2-391 b",1.37100000,2.45000000,4.62265400000,,5543.00,0.566000,0.757000
"HD 73583 c",2.39000000,9.70000000,18.87974000000,498.00,4511.00,0.650000,0.730000
"GJ 411 b",1.45000000,2.69000000,12.93940000000,349.83,3719.00,0.368500,0.389900
"TOI-1064 c",2.65100000,2.50000000,12.22657400000,634.00,4734.00,0.726000,0.748000
"K2-316 b",1.33000000,2.33000000,1.13300000000,841.00,3436.00,0.379000,0.408000
"HD 95735 c",3.76000000,13.60000000,2946.00000000000,63.49,3719.00,0.368500,0.389900
"TOI-2669 b",19.72780603,193.87532827,6.20340000000,1226.00,4800.00,4.100000,1.190000
"TOI-4329 b",16.81347105,143.02278315,2.92230000000,2027.12,6000.00,2.310000,1.538000
"K2-397 b",2.41700000,6.42000000,3.57232600000,,5387.00,0.966000,0.937000
"K2-316 c",1.83000000,4.01000000,5.26000000000,423.00,3436.00,0.379000,0.408000
"TOI-2046 b",16.14093221,731.00533610,1.49718420000,1828.82,6250.00,1.210000,1.130000
"Kepler-1656 c",14.00000000,126.40000000,1919.00000000000,161.19,5569.00,1.100000,1.030000
"TOI-206 b",1.30000000,2.24000000,0.73631040000,910.00,3383.00,0.350000,0.350000
"K2-398 c",5.09800000,22.80000000,18.78783900000,,5946.00,1.239000,0.945000
"K2-319 b",2.79000000,8.20000000,26.68000000000,641.00,5440.00,0.898000,0.954000
"mu2 Sco b",12.30000000,4576.72906080,,159.05,21700.00,5.600000,9.100000
"TOI-1693 b",1.41000000,2.57000000,1.76669570000,764.00,3499.00,0.460000,0.490000
"K2-402 b",2.67800000,7.65000000,17.27474000000,,5716.00,1.280000,0.944000
"K2-323 b",2.10000000,5.06000000,24.93000000000,318.00,3710.00,0.549000,0.478000
"HD 81040 b",12.60000000,2301.07766668,1002.70000000000,189.77,5755.00,0.910000,0.990000
"HD 171238 b",12.50000000,2796.88998160,1515.00000000000,166.96,5467.00,1.010000,0.920000
"HD 87883 b",12.70000000,2005.49724817,3006.00000000000,110.52,4980.00,0.798557,0.800000
"TOI-2411 b",1.68000000,3.46000000,0.78269420000,1355.00,4099.00,0.680000,0.650000
"TOI-2427 b",1.80000000,3.89000000,1.30600110000,1117.00,4072.00,0.650000,0.640000
"K2-404 b",2.53000000,6.94000000,13.11536500000,,3748.00,0.552000,0.552000
"K2-325 b",2.20000000,5.48000000,6.93000000000,423.00,3287.00,0.298000,0.274000
"HD 106515 A b",12.10000000,6006.95689230,3626.00000000000,116.53,5362.00,0.910000,0.890000
"KMT-2017-BLG-2509L b",13.40000000,664.26137063,,,,,0.460000
"K2-406 b",4.60200000,19.20000000,22.54940600000,,5784.00,0.961000,0.798000
"K2-326 b",2.28000000,5.82000000,1.25600000000,1114.00,3924.00,0.688000,0.507000
"TOI-5153 b",11.88151954,1036.12060682,20.33003000000,906.00,6300.00,1.400000,1.240000
"NGTS-20 b",11.99360935,947.12865286,54.18915000000,688.00,5980.00,1.780000,1.470000
"HD 29021 b",12.90000000,1420.69297929,1365.00000000000,163.20,5560.00,0.850000,0.860000
"KMT-2021-BLG-0912L b",1.49000000,2.81000000,,,,,0.800000
"K2-407 c",1.36000000,2.42000000,9.22453000000,,5563.00,0.927000,0.881000
"K2-199 b",1.73000000,6.90000000,3.22539930000,913.00,4491.00,0.682000,0.711000
"Ross 508 b",1.83000000,4.00000000,10.77000000000,293.86,3071.00,0.211300,0.177400
"K2-387 b",7.32200000,42.20000000,28.73532700000,,3572.00,0.585000,0.570000
"K2-374 b",1.59300000,3.16000000,4.52195300000,,5789.00,0.907000,0.731000
"HD 136118 b",12.30000000,4164.18778851,1187.59765000000,249.62,6097.00,1.677540,1.180000
"HD 140901 b",4.07000000,15.57359194,9.02378000000,904.37,5610.00,0.950000,0.990000
"HD 93351 c",12.30000000,4154.01727949,14010.29410000000,74.54,5408.00,0.911435,0.940000
"GJ 2030 b",2.03000000,4.76742611,2.38129000000,2147.31,5485.00,2.241040,0.960000
"TOI-2570 b",13.64132951,260.61929374,2.98876150000,1431.00,5771.00,1.095000,1.063000
"HD 113337 b",13.10000000,1035.80277841,317.58639000000,395.73,6774.00,1.500000,1.410000
"HIP 97233 b",12.10000000,6098.17364511,1062.26506000000,354.42,5020.00,5.340000,1.810000
"HD 144899 b",4.77000000,20.34101805,40.43914000000,770.87,6126.00,1.648020,1.160000
"HD 142 A d",10.90000000,82.63538582,108.45299000000,530.32,6245.00,1.470000,1.210000
"GJ 2030 c",12.30000000,4069.15709482,25533.11353000000,96.71,5485.00,2.241040,0.960000
"GJ 3222 b",3.40000000,11.44182265,10.66669000000,811.06,5257.46,0.931389,0.890000
"GJ 680 b",12.00000000,7977.49301570,17281.66514000000,36.57,3563.00,0.459330,0.456000
"TOI-3540 A b",23.53885947,375.03752026,3.11999900000,1498.00,5810.00,1.228000,1.081000
"TOI-3331 A b",12.97999965,721.47048389,2.01802310000,1488.00,5609.00,0.952000,1.016000
"TOI-3693 b",12.59889431,324.18497514,9.08851600000,801.00,5321.00,0.791000,0.867000
"HD 145934 b",13.40000000,658.54045930,2751.53433000000,276.92,4823.75,6.930587,2.058000
"HD 151450 b",6.94000000,38.45723725,21.89288000000,795.00,6091.98,1.171840,1.140000
"HD 149806 b",12.30000000,4003.68444298,16521.52778000000,69.13,5352.05,0.890000,0.930000
"HD 151450 c",12.80000000,1636.18063924,18144.76236000000,84.59,6091.98,1.171840,1.140000
"HD 115404 A b",6.09000000,30.82935548,10.49488000000,695.65,5019.17,0.727007,0.830000
"TOI-2196 b",3.51000000,26.00000000,1.19472680000,1860.00,5634.00,1.043000,1.032000
"HD 191806 b",12.50000000,2966.61035094,1603.38923000000,206.98,6010.00,1.402230,1.070000
"HD 153557 c",4.36000000,17.48056238,15.27018000000,604.33,4837.00,0.745171,0.790000
"HD 153557 d",11.90000000,8725.66108578,40654.64809000000,43.47,4837.00,0.745171,0.790000
"HD 12235 c",12.50000000,3135.69506346,36336.70679000000,82.22,5986.00,1.801850,1.100000
"HD 56414 b",3.71000000,13.30000000,29.04992000000,1133.00,8500.00,1.751000,1.890000
"GJ 896 A b",13.30000000,718.29219982,284.39000000000,126.70,3345.00,0.394682,0.435990
"GJ 676 A c",12.30000000,4288.14086724,13921.42302000000,47.96,3734.00,0.690000,0.626000
"HD 219828 c",12.20000000,5102.41724598,4789.87297000000,149.17,5891.00,1.560000,1.040000
"HD 72892 b",12.80000000,1737.88572948,39.44603000000,634.46,5688.00,1.220000,1.010000
"HD 155918 b",2.67000000,7.62788177,1.87567000000,1622.13,5771.84,1.019060,1.030000
"TOI-2048 b",2.61000000,7.32000000,13.79019000000,646.00,5185.00,0.790000,0.830000
"HD 111232 b",12.60000000,2531.50326176,1169.13202000000,172.05,5512.00,0.900000,0.960000
"HD 10697 b",12.80000000,1825.28854140,1075.37990000000,259.25,5641.00,1.863076,0.990000
"HD 125612 b",13.20000000,945.22168242,557.69994000000,253.38,5900.00,1.070000,1.050000
"HIP 67537 b",12.30000000,4309.11754211,2523.64713000000,323.20,4985.00,8.690000,2.316000
"HD 156098 c",12.80000000,1661.60691180,7841.58390000000,177.18,6419.19,2.757160,1.290000
"HD 156098 b",4.12000000,15.89142035,21.85849000000,1257.73,6419.19,2.757160,1.290000
"HD 168863 b",12.70000000,2154.87659946,14773.93272000000,63.01,4905.00,0.777826,0.800000
"HIP 19976 b",4.94000000,21.61233168,50.65905000000,378.10,4316.00,0.772319,0.670000
"HD 203387 c",12.60000000,2378.94562640,2481.07227000000,360.63,5174.32,10.585200,2.817000
"HIP 35965 b",12.60000000,2589.98368864,26125.56497000000,48.85,4836.00,0.697551,0.780000
"HD 125612 c",4.07000000,15.57359194,4.15466000000,1303.14,5900.00,1.070000,1.050000
"HD 125612 d",12.70000000,2281.37230545,2822.72698000000,147.48,5900.00,1.070000,1.050000
"HD 156279 c",12.50000000,3098.82696825,4818.25358000000,109.42,5453.00,0.950000,0.940000
"HD 27894 d",12.70000000,2063.65984665,5019.54244000000,95.87,4875.00,0.891767,0.810000
"HD 181234 b",12.50000000,2980.91262925,7593.40512000000,98.09,5386.00,1.059423,0.940000
"HD 18143 b",3.28000000,10.80616584,10.28510000000,769.92,5078.00,0.870000,0.850000
"HIP 948 b",12.10000000,6547.26518420,24955.45756000000,46.40,4497.00,0.688488,0.710000
"HD 139357 b",12.10000000,6315.56827550,1124.79139000000,446.97,4700.00,11.470000,2.690000
"HD 25015 b",12.50000000,2884.92845034,6134.42700000000,90.69,5160.00,0.830000,0.860000
"HD 188641 b",11.90000000,9333.03117155,14583.81038000000,114.36,5897.32,1.944920,1.070000
"HD 168443 b",12.60000000,2424.39508860,58.11187000000,641.03,5491.00,1.711479,0.980000
"HD 156279 b",12.50000000,2997.75753482,133.40355000000,361.73,5453.00,0.950000,0.940000
"HD 168443 c",12.20000000,5500.33841154,1753.10960000000,205.47,5491.00,1.711479,0.980000
"GJ 229 A c",2.87000000,8.58136699,121.93268000000,188.10,3564.00,0.460000,0.509000
"HD 81817 b",12.00000000,7668.56380410,1021.20159000000,1016.37,4140.00,83.800000,4.300000
"HD 204313 e",12.20000000,4868.17771002,7325.64666000000,106.81,5767.00,1.100000,1.030000
"HD 169830 c",12.60000000,2437.42605328,1818.82339000000,241.03,6300.00,1.935709,1.170000
"HIP 56640 b",12.70000000,2151.69831539,2675.57603000000,239.37,4769.00,4.930000,1.750000
"HD 213519 b",2.99000000,9.21702380,11.12214000000,931.36,5840.00,1.082870,1.050000
"HD 217786 c",2.61000000,7.31005336,2.52221000000,1663.13,5966.00,1.270000,1.140000
"TOI-3629 b",8.29464572,82.63538582,3.93655100000,690.00,3870.00,0.600000,0.630000
"HD 183263 c",12.50000000,2958.98246917,4667.97841000000,134.60,5948.00,1.230000,1.060000
"HD 66428 c",13.50000000,560.64930995,10478.84437000000,95.52,5716.00,1.130000,1.010000
"HD 80869 b",12.80000000,1609.80088146,1752.92067000000,203.20,5837.00,1.062000,1.060000
"HD 25912 b",6.90000000,38.13940884,41.83156000000,579.16,5920.58,0.995896,1.080000
"HD 217958 b",14.20000000,166.54208527,2560.19774000000,169.89,5930.64,1.326190,1.080000
"HD 25912 c",12.20000000,5252.75008249,26308.65619000000,67.44,5920.58,0.995896,1.080000
"HD 109988 b",12.10000000,6935.33366915,17132.15854000000,65.91,5185.97,0.869694,0.880000
"HD 28192 b",12.20000000,99.79811980,14.23283000000,859.98,5919.87,1.070940,1.080000
"HD 43197 c",12.60000000,2500.67390628,9295.97350000000,90.89,5508.00,1.000000,0.960000
"HD 38529 b",14.10000000,206.58846455,14.30990000000,1369.46,5697.00,2.857838,0.980000
"HD 38529 c",12.50000000,3299.05886466,2127.60566000000,258.56,5697.00,2.857838,0.980000
"HD 110537 b",11.90000000,8612.83200129,24469.67342000000,72.83,5718.00,1.166260,1.020000
"HD 56957 b",12.80000000,1880.90851263,5859.08992000000,145.67,5743.00,1.777930,1.030000
"HD 62364 c",12.00000000,7923.46218651,74839.94555000000,58.70,6255.00,1.401000,1.190000
"TOI-712 c",2.70100000,7.76000000,51.69906000000,369.90,4622.00,0.674000,0.732000
"TOI-712 d",2.47400000,6.68000000,84.83960000000,313.60,4622.00,0.674000,0.732000
"HD 43197 b",14.20000000,175.75910907,308.92072000000,282.81,5508.00,1.000000,0.960000
"HD 4113 b",13.50000000,541.26177712,526.52390000000,251.65,5688.00,1.077514,1.008000
"HD 111232 c",12.20000000,5740.93451564,26472.44623000000,60.71,5512.00,0.900000,0.960000
"HD 62549 b",12.60000000,2707.58019923,14306.88519000000,92.25,5930.46,1.232270,1.080000
"TOI-1452 b",1.67200000,4.82000000,11.06201000000,326.00,3185.00,0.275000,0.249000
"KMT-2021-BLG-0171L b",3.35000000,11.20000000,,,5200.00,,0.780000
"HD 73267 b",13.00000000,1321.53051631,1257.99159000000,165.89,5387.00,0.909000,0.930000
"HD 11505 b",12.60000000,2510.52658689,32669.22247000000,67.46,5757.15,1.195680,1.030000
"HD 80913 b",12.00000000,7505.20000290,10839.83341000000,118.23,6013.24,1.654200,1.110000
"HD 81817 c",12.00000000,7185.78245386,622.97802000000,1198.52,4140.00,83.800000,4.300000
"TOI-2207 b",11.15293580,203.41018048,8.00196800000,1259.00,6101.00,1.564000,1.296000
"HD 86264 b",12.50000000,3117.26101586,1488.79123000000,247.01,6210.00,1.880000,1.260000
"HD 7449 b",12.60000000,2597.92939882,1270.55195000000,183.23,6024.00,0.970000,1.196000
"HD 8673 b",12.30000000,4210.59073594,1644.69097000000,219.11,6389.05,1.502250,1.280000
"HD 127506 b",5.67000000,27.33324300,65.78395000000,354.80,4595.32,0.735766,0.730000
"HD 135872 b",12.80000000,1744.56012602,2422.32597000000,233.64,4992.00,3.930380,1.646000
"HD 86065 b",12.50000000,2877.30056857,25775.78859000000,52.56,4927.56,0.780347,0.810000
"HD 88072 b",12.60000000,2511.79790052,18538.79293000000,76.03,5785.33,1.032000,1.040000
"HD 93351 b",1.69000000,3.49611248,2.45946000000,1330.76,5408.00,0.911435,0.940000
"TOI-2421 b",10.36830715,105.83685953,4.34740320000,1534.00,5607.00,1.750000,1.131000
"HD 142 c",12.40000000,3464.64746471,10159.64279000000,116.56,6245.00,1.470000,1.210000
"TOI-2583 A b",14.45958510,79.45710175,4.52072650000,1456.00,5936.00,1.477000,1.215000
"OGLE-2018-BLG-1119L b",13.90000000,289.22385037,,,,,0.480000
"KMT-2021-BLG-1554L b",6.90000000,38.13940884,,,,,0.080000
"TOI-2796 b",17.26183028,139.84449908,4.80849830000,1205.00,5764.00,1.069000,1.063000
"TOI-2096 b",1.24300000,2.08000000,3.11906330000,445.00,3300.00,0.235000,0.231000
"KMT-2021-BLG-1898L b",14.00000000,232.01473711,,,,,0.480000
"GJ 338 B b",3.25000000,10.60000000,24.42200000000,391.00,4014.00,0.580000,0.640000
"TOI-2842 b",12.84549188,117.59651059,3.55140580000,1471.00,5910.00,1.265000,1.135000
"TOI-4603 b",11.67975789,4096.80816623,7.24599000000,1677.00,6264.00,2.738000,1.765000
"KMT-2021-BLG-0712L b",6.91000000,38.19000000,,,,,0.220000
"KMT-2021-BLG-0909L b",13.70000000,400.46379282,,,,,0.380000
"MASCARA-1 b",17.90074218,1175.97100000,2.14877381000,2594.30,7490.00,2.082000,1.900000
"K2-38 b",1.54000000,7.30000000,4.01593000000,1266.00,5731.00,1.060000,1.030000
"TOI-3364 b",12.22899794,530.77343969,5.87689180000,1264.00,5706.00,1.419000,1.186000
"KMT-2021-BLG-2478L b",13.90000000,286.04556630,,,,,0.200000
"KMT-2021-BLG-1105L b",13.60000000,413.17692910,,,,,0.630000
"K2-414 b",1.21900000,1.98000000,4.36960000000,811.92,4343.00,0.732000,0.814000
"TOI-4582 b",10.53644186,168.44905571,31.03400000000,614.66,5190.00,2.500000,1.340000
"TOI-3688 A b",13.08088048,311.47183886,3.24607500000,1534.00,5950.00,1.302000,1.199000
"TOI-942 c",4.67000000,37.00000000,10.15627200000,772.63,4969.00,0.894000,0.822000
"TOI-733 b",1.99200000,5.72000000,4.88476500000,1055.80,5585.00,0.949000,0.956000
"Kepler-20 c",2.89400000,11.10000000,10.85407740000,828.00,5495.00,0.916400,0.929000
"HIP 21152 b",12.00000000,7627.88176800,22000.00000000000,1300.00,6655.00,1.591860,1.400000
"OGLE-2019-BLG-0468L c",12.50000000,3248.20631954,,,,,0.920000
"OGLE-2019-BLG-0468L b",13.10000000,1090.15143601,,,,,0.920000
"TOI-3976 A b",12.27383387,55.61997123,6.60766200000,1295.00,5975.00,1.501000,1.254000
"KMT-2017-BLG-1003L b",2.13000000,5.19000000,,,,,0.320000
"TOI-4087 b",13.04725353,232.01473711,3.17748350000,1458.00,6060.00,1.112000,1.178000
"TOI-942 b",3.89000000,826.35800000,4.32421000000,1120.00,4969.00,0.894000,0.822000
"KMT-2021-BLG-0240L b",9.60000000,66.74396547,,,,,0.560000
"KMT-2017-BLG-0673L b",13.00000000,1166.43025369,,,,,0.630000
"KMT-2019-BLG-1367L b",1.85000000,4.08000000,,,,,0.250000
"OGLE-2017-BLG-1806L b",2.15000000,5.27000000,,,,,0.380000
"TOI-4791 b",12.44196858,734.18362017,4.28088000000,1472.00,6058.00,1.409000,1.242000
"EPIC 229004835 b",2.33200000,10.40000000,16.14113200000,804.00,5868.00,0.999000,0.970000
"OGLE-2019-BLG-1053L b",1.38000000,2.48000000,,,,,0.610000
"KMT-2019-BLG-2974L b",11.40000000,88.99195396,,,,,0.470000
"OGLE-2019-BLG-1470L AB c",13.30000000,699.22249540,,,,,0.570000
"HD 23472 b",2.00000000,8.32000000,17.66708700000,543.00,4684.00,0.710000,0.670000
"HD 191939 c",3.19500000,8.00000000,28.57974300000,600.00,5348.00,0.940000,0.810000
"OGLE-2018-BLG-0506L b",4.18000000,16.30000000,,,,,0.630000
"TIC 279401253 b",11.20898070,1951.46641898,76.80000000000,486.37,5951.00,1.060000,1.130000
"HD 23472 c",1.87000000,3.41000000,29.79749000000,467.00,4684.00,0.710000,0.670000
"HD 23472 f",1.13700000,0.77000000,12.16218390000,630.00,4684.00,0.710000,0.670000
"OGLE-2019-BLG-1492L b",6.79000000,37.10000000,,,,,0.680000
"TIC 279401253 c",12.60000000,2548.98382414,155.30000000000,384.31,5951.00,1.060000,1.130000
"TOI-1811 b",11.14172682,308.92921160,3.71307650000,962.20,4766.00,0.769000,0.817000
"HD 23472 d",0.75000000,0.55000000,3.97664000000,909.00,4684.00,0.710000,0.670000
"HD 23472 e",0.81800000,0.72000000,7.90754000000,723.00,4684.00,0.710000,0.670000
"HATS-54 b",11.37711541,239.32479047,2.54417650000,1429.00,5621.00,1.230000,1.050000
"HD 45364 c",14.20000000,174.48779544,345.43000000000,261.82,5466.00,0.890000,0.820000
"KMT-2021-BLG-1253L b",4.59000000,19.05000000,,,,,0.240000
"TOI-2152 A b",14.35870428,899.45439181,3.37735120000,1802.00,6630.00,1.612000,1.516000
"NGTS-23 b",14.20177855,194.82881349,4.07643260000,1327.00,6057.00,1.240000,1.010000
"NGTS-24 b",13.60770257,165.27077164,3.46787960000,1499.00,5820.00,1.640000,1.260000
"NGTS-25 b",11.46678726,203.09235207,2.82309300000,1101.00,5321.00,0.860000,0.910000
"KMT-2021-BLG-1372L b",9.12000000,61.27000000,,,,,0.420000
"TOI-2154 b",16.28664896,292.40213444,3.82408010000,1580.00,6280.00,1.396000,1.233000
"TOI-2497 b",11.14172682,1531.93292174,10.65566900000,1595.00,7360.00,2.360000,1.859000
"TOI-5542 b",11.30986153,419.53349724,75.12375000000,441.00,5700.00,1.058000,0.890000
"TOI-2338 b",11.20898070,1900.61387386,22.65398000000,799.00,5581.00,1.050000,0.990000
"KMT-2021-BLG-1077L b",9.86000000,69.92224954,,,,,0.140000
"PZ Tel b",11.90000000,8581.36698900,44000.00000000000,53.77,5169.00,1.256460,1.360000
"KMT-2018-BLG-0030L b",13.60000000,460.85119015,,,,,0.510000
"Kepler-138 b",0.64000000,0.07000000,10.31340000000,452.00,3841.00,0.535000,0.535000
"MOA-2020-BLG-135L b",3.37000000,11.30000000,,,,,0.230000
"TOI-2364 b",8.60849718,71.51139158,4.01975170000,1091.00,5306.00,0.886000,0.954000
"OGLE-2018-BLG-0298L b",7.56000000,44.49597698,,,,,0.690000
"TOI-969 c",12.40000000,3591.46099910,1700.00000000000,96.40,4435.00,0.671000,0.734000
"OGLE-2006-BLG-284L A b",14.30000000,144.00000000,,,,,0.350000
"Kepler-138 c",1.51000000,2.30000000,13.78150000000,410.00,3841.00,0.535000,0.535000
"K2-3 d",1.45800000,2.20000000,44.55603000000,305.20,3844.00,0.546000,0.549000
"K2-3 c",1.58200000,2.68000000,24.64672900000,371.80,3844.00,0.546000,0.549000
"HD 111998 b",12.90000000,1525.57635360,810.00000000000,275.49,6557.00,1.450000,1.400000
"HIP 70849 b",12.90000000,1430.22783150,3649.00000000000,78.85,4105.00,0.633112,0.650000
"HD 114783 c",13.40000000,603.87397330,4352.00000000000,101.53,5135.00,0.840622,0.900000
"Kepler-409 b",1.19900000,6.00000000,68.95832160000,438.00,5421.00,0.897000,0.913000
"Kepler-20 f",0.95200000,1.40000000,19.57832800000,681.00,5495.00,0.916400,0.929000
"KMT-2022-BLG-0440L b",4.05000000,15.40000000,,,,,0.530000
"TOI-411 c",2.32800000,9.72000000,9.57308300000,931.00,6169.00,1.117000,1.098000
"HD 140901 c",13.40000000,572.09113260,14386.00000000000,76.76,5610.00,0.950000,1.060000
"Kepler-102 c",0.56700000,1.70000000,7.07139200000,777.00,4909.00,0.724000,0.803000
"Kepler-37 c",0.75500000,1.30000000,21.30184800000,615.00,5357.00,0.789000,0.790000
"K2-416 b",2.66000000,1652.70771640,13.10200000000,447.00,3746.00,0.554000,0.548000
"TOI-411 b",1.36200000,13.71000000,4.04029500000,1241.00,6169.00,1.117000,1.098000
"HIP 54597 b",13.30000000,762.78817680,3274.00000000000,94.00,4799.00,0.660000,0.800000
"HD 75302 b",12.80000000,1716.27339780,4356.00000000000,115.76,5697.46,0.940904,1.060000
"Kepler-68 c",0.97900000,1.30000000,9.60502700000,1052.00,5847.00,1.256400,1.057000
"MOA-2020-BLG-208L b",7.71000000,46.00000000,,,,,0.430000
"HD 15906 b",2.24000000,5.65000000,10.92470900000,668.00,4757.00,0.762000,0.790000
"HIP 81208 C b",12.30000000,4703.86042360,104100.00000000000,2050.00,,,0.135000
"HD 108202 b",13.10000000,953.48522100,2990.00000000000,93.04,4556.03,0.663550,0.740000
"Kepler-323 b",1.38100000,3.90000000,1.67832800000,1838.00,6004.00,1.120000,1.015000
"HD 15906 c",2.93000000,8.91000000,21.58329800000,532.00,4757.00,0.762000,0.790000
"TOI-622 b",9.23620010,96.30200732,6.40251300000,1388.00,6400.00,1.415000,1.313000
"TOI-4201 b",13.67495645,788.21444936,3.58191940000,725.00,3794.00,0.630000,0.610000
"HD 99492 b",5.44000000,25.50000000,17.05030000000,622.27,4929.00,0.822539,0.850000
"Kepler-454 b",2.37000000,5.40000000,10.57375340000,916.00,5687.00,1.066000,1.030000
"Kepler-109 b",2.49000000,4.90000000,6.48163070000,1276.00,5950.00,1.387000,1.094000
"GJ 1252 b",1.19300000,1.32000000,0.51823310000,1090.00,3458.00,0.391000,0.381000
"HAT-P-2 c",12.40000000,3400.76395490,8500.00000000000,,6412.00,1.416000,1.330000
"TOI-4600 b",6.80000000,959.84178914,82.68690000000,347.00,5170.00,0.810000,0.890000
"TOI-858 B b",14.06727078,349.61124770,3.27971780000,1529.00,5842.00,1.308000,1.081000
"K2-36 b",1.43000000,4.30000000,1.42261400000,1328.00,4916.00,0.718000,0.790000
"K2-36 c",3.20000000,7.90000000,5.34088800000,854.00,4916.00,0.718000,0.790000
"Kepler-538 b",2.21500000,12.90000000,81.73778000000,417.00,5534.00,0.871700,0.892000
"TOI-1235 b",1.69000000,6.69000000,3.44471400000,775.00,3997.00,0.619000,0.630000
"TOI-1052 b",2.87000000,16.90000000,9.13970300000,1135.00,6146.00,1.264000,1.204000
"K2-110 b",2.59200000,15.90000000,13.86375000000,638.00,5010.00,0.713000,0.738000
"TOI-1634 c",,,103.00000000000,,3472.00,0.450000,0.451000
"TOI-2018 b",2.26800000,9.20000000,7.43558300000,576.34,4174.00,0.620000,0.570000
"TOI-1052 c",6.48000000,34.30000000,35.80600000000,719.00,6146.00,1.264000,1.204000
"TOI-519 b",11.54525012,147.15455244,1.26523280000,687.00,3322.00,0.350000,0.335000
"TOI-244 b",1.52000000,2.68000000,7.39722500000,458.00,3433.00,0.426000,0.428000
"TOI-2084 b",2.47000000,6.66000000,6.07842470000,527.00,3551.00,0.475000,0.453000
"TOI-4184 b",2.43000000,6.48000000,4.90198040000,412.00,3238.00,0.234700,0.210900
"TOI-470 b",4.34000000,17.40000000,12.19148000000,660.00,5190.00,0.831000,0.870000
"TOI-1470 b",2.18000000,7.32000000,2.52709300000,734.00,3709.00,0.469000,0.471000
"Kepler-21 b",1.63900000,7.50000000,2.78582120000,2015.00,6305.00,1.902000,1.408000
"Kepler-78 b",1.20100000,1.68000000,0.35500745000,2223.00,5058.00,0.747500,0.779000
"WISE J033605.05-014350.4 b",12.60000000,2622.08435775,2560.00000000000,325.00,415.00,,0.013100
"OGLE-2018-BLG-1126L b",4.41000000,17.79839079,,,,,0.690000
"HD 6860 b",11.90000000,8981.83078182,663.87000000000,1196.06,3802.00,86.400000,2.490000
"TOI-1470 c",2.47000000,7.24000000,18.08816000000,373.00,3709.00,0.469000,0.471000
"K2-12 b",2.44000000,5.20000000,8.28246000000,1026.00,5672.00,1.117000,0.965000
"OGLE-2018-BLG-1212L b",9.32000000,63.56568140,,,,,0.160000
"GJ 649 b",10.80000000,81.99972901,600.10000000000,120.74,3734.00,0.500000,0.510000
"HD 36384 b",12.70000000,2097.66748620,490.00000000000,1032.58,3940.00,38.400000,1.140000
"MWC 758 c",,,,500.00,7314.00,2.014460,1.500000
"K2-2016-BLG-0005L b",13.70000000,349.61124770,4700.00000000000,,,,0.584000
"GJ 849 b",13.90000000,283.82076745,1925.31000000000,73.63,3467.00,0.450000,0.450000
"GJ 849 c",13.80000000,314.65012293,5990.00000000000,50.41,3467.00,0.450000,0.450000
"TOI-2095 b",1.25000000,4.10000000,17.66484000000,347.00,3759.00,0.440000,0.440000
"TOI-2095 c",1.33000000,7.40000000,28.17232000000,297.00,3759.00,0.440000,0.440000
"Kepler-68 b",2.35700000,8.03000000,5.39875259000,1275.00,5847.00,1.256400,1.057000
"Kepler-107 d",0.86000000,7.70000000,7.95839000000,1173.00,5854.00,1.447000,1.238000
"TOI-139 b",2.45660000,6.60000000,11.07085000000,561.17,4570.00,0.700700,0.690000
"HD 62364 b",12.10000000,5965.63919939,5138.00000000000,143.96,6255.00,1.401000,1.157000
"BD-210397 b",14.00000000,214.00000000,1891.00000000000,104.11,4051.00,0.747000,0.679000
"KMT-2022-BLG-0371L b",10.90000000,82.63538582,,,,,0.630000
"WASP-79 b",17.14974047,270.15414595,3.66239200000,1716.20,6600.00,1.510000,1.390000
"Kepler-454 d",13.30000000,734.18362017,4073.00000000000,125.37,5687.00,1.066000,1.030000
"HD 74698 b",5.12000000,23.00000000,15.01700000000,925.57,5783.00,1.333000,1.039000
"HD 74698 c",14.00000000,126.00000000,3449.00000000000,151.77,5783.00,1.333000,1.039000
"GJ 9404 b",3.48000000,11.90000000,13.45860000000,473.50,3811.00,0.626041,0.620000
"GJ 832 b",13.80000000,314.65012293,3853.00000000000,57.84,3472.00,0.441557,0.450000
"Kepler-323 c",1.57000000,6.80000000,3.55382290000,1431.00,6004.00,1.120000,1.015000
"TOI-5803 b",3.27320000,10.70000000,5.38305000000,678.87,5134.00,0.762500,0.870000
"KMT-2019-BLG-1216L b",5.98000000,29.87587026,,,,,0.390000
"TOI-1680 b",1.46600000,2.75000000,4.80263450000,404.00,3225.00,0.210600,0.179800
"HD 100777 b",13.70000000,390.92894061,383.00000000000,264.28,5533.00,1.040000,1.080000
"HD 215497 c",13.00000000,111.23994245,566.00000000000,198.60,5113.00,0.850000,0.920000
"Kepler-107 c",1.59700000,10.00000000,4.90145200000,1378.00,5854.00,1.447000,1.238000
"K2-3 b",2.07800000,5.11000000,10.05465350000,501.30,3844.00,0.546000,0.549000
"Kepler-107 b",1.53600000,3.80000000,3.18002180000,1592.00,5854.00,1.447000,1.238000
"Kepler-37 d",2.03000000,2.00000000,39.79226220000,499.00,5357.00,0.789000,0.790000
"HD 167677 b",13.20000000,905.81095995,1820.00000000000,151.90,5474.00,0.952710,0.960000
"HD 165131 b",12.10000000,5943.39121090,2342.60000000000,155.20,5870.00,1.064190,1.060000
"HIP 39017 b",12.00000000,7500.75040520,31000.00000000000,91.06,7201.00,1.519870,1.520000
"omi UMa b",13.00000000,1160.39151396,1569.81000000000,473.88,5075.00,13.840000,2.720000
"omi CrB b",13.70000000,355.96781584,187.01000000000,947.65,4769.00,11.870000,1.300000
"TOI-544 b",2.01800000,2.89000000,1.54835200000,999.00,4169.00,0.623000,0.631000
"Teegarden's Star d",0.95400000,0.82000000,26.13000000000,159.00,3034.00,0.120000,0.097000
"TOI-782 b",2.73400000,19.10000000,8.02400150000,435.00,3370.00,0.413000,0.397000
"HD 4732 c",13.10000000,1069.49258955,3184.20000000000,243.69,4898.00,5.030000,1.390000
"HD 4732 b",13.40000000,631.20721630,371.74000000000,498.53,4898.00,5.030000,1.390000
"ome Ser b",14.00000000,233.92170755,278.59000000000,824.94,4724.00,10.990000,1.010000
"TOI-2010 b",11.81426566,408.72733140,141.83402500000,400.20,5929.00,1.079000,1.112000
"TOI-1273 b",11.09689089,70.55790635,4.63129600000,1211.00,5690.00,1.060000,1.060000
"TOI-904 b",2.42600000,6.46000000,10.87720000000,429.43,3770.20,0.527000,0.557000
"KMT-2023-BLG-0469L b",7.04000000,39.41072247,,,,,0.470000
"HD 2952 b",13.90000000,284.77425267,312.08000000000,731.02,4853.00,10.900000,1.910000
"TOI-2416 b",9.86390302,953.48522100,8.27547900000,1080.00,5808.00,1.236000,1.118000
"TOI-2373 b",10.42435205,2955.80418510,13.33668000000,860.00,5651.00,1.102000,1.041000
"TOI-904 c",2.16700000,5.34000000,83.99970000000,217.26,3770.20,0.527000,0.557000
"TOI-4860 b",8.70000000,86.70000000,1.52275910000,694.00,3260.00,0.358000,0.340000
"TOI-4633 c",3.20000000,123.00000000,271.94450000000,268.57,5800.00,1.050000,1.100000
"gam Lib b",13.70000000,357.87478628,414.88000000000,720.78,4879.00,12.380000,1.780000
"KMT-2021-BLG-1770L b",12.10000000,6674.39654700,,,,,0.130000
"OGLE-2019-BLG-1180L b",13.50000000,555.24622703,,,,,0.545000
"HD 47366 b",13.40000000,661.71874337,360.08000000000,577.05,4866.00,7.300000,1.810000
"HD 47366 c",13.50000000,483.73483545,677.53000000000,467.37,4866.00,7.300000,1.810000
"Kepler-100 e",5.27000000,24.14271827,60.88858800000,621.73,5884.00,1.500000,1.097000
"NGTS-27 b",15.64773706,188.47224535,3.37041810000,1783.00,5700.00,1.770000,1.070000
"HD 134606 d",7.59000000,44.80000000,966.50000000000,207.68,5576.00,1.158000,1.046000
"HATS-2 b",12.57647635,435.42491759,1.35413379000,1550.00,5227.00,0.876000,0.904000
"gam Cep b",12.70000000,2097.66748620,913.00000000000,343.48,4775.00,4.740000,1.270000
"TOI-5398 c",3.52000000,11.80000000,4.77271000000,1242.00,6000.00,1.051000,1.146000
"HD 134606 f",2.24000000,5.63000000,26.91500000000,685.04,5576.00,1.158000,1.046000
"HD 134606 e",1.33000000,2.34000000,4.32030000000,1260.39,5576.00,1.158000,1.046000
"TOI-238 c",2.18000000,6.70000000,8.46565100000,696.00,5059.00,0.733000,0.790000
"2MASS J11550485-7919108 b",12.10000000,6356.56814000,,2506.00,3021.00,0.600455,0.588460
"2MASS J21252752-8138278 b",12.40000000,3813.94088400,,1616.00,3592.00,0.672832,0.643977
"Kepler-1513 c",11.00000000,84.54235626,841.40000000000,,5491.00,0.950000,0.943000
"HIP 66074 b",12.90000000,1589.14203500,310.90000000000,192.69,4300.00,0.690000,0.705000
"HAT-P-19 b",11.29865255,88.03846874,4.00878322000,981.20,4962.00,0.773000,0.807000
"Kepler-849 b",8.08167508,298.75870258,394.62508000000,362.70,5950.00,1.822000,1.259000
"TOI-1853 b",3.46000000,73.20000000,1.24362580000,1479.00,4985.00,0.808000,0.837000
"TOI-5126 b",4.74000000,20.20000000,5.45883850000,1442.00,6150.00,1.241000,1.240000
"Kepler-1513 b",8.59400000,48.30991786,160.88420000000,346.00,5491.00,0.950000,0.943000
"HAT-P-51 b",13.50682174,97.57332095,4.21802091000,1168.20,5453.00,0.995000,0.961000
"Kepler-553 c",11.57887706,2129.45032690,328.24017000000,251.00,5191.00,0.902000,0.889000
"Kepler-111 c",7.08407580,222.47988490,224.77833000000,352.20,5914.00,1.145000,1.118000
"14 And b",13.10000000,1131.15130051,186.76000000000,909.92,4888.00,11.550000,1.780000
"18 Del b",12.50000000,2926.24614325,982.85000000000,452.72,4980.00,8.800000,2.100000
"GJ 724 b",3.27000000,10.75000000,5.10128400000,611.00,3799.00,0.522260,0.527100
"KMT-2019-BLG-0335L b",12.10000000,6674.39654700,,,,,0.320000
"Kepler-553 b",4.74139884,116.00736855,4.03046700000,1089.00,5191.00,0.902000,0.889000
"6 Lyn b",13.40000000,597.83523357,919.86000000000,371.86,4941.00,4.940000,1.320000
"4 UMa b",12.60000000,2511.48007211,270.27000000000,967.44,4415.00,18.110000,1.234000
"TOI-4641 b",8.18255591,1229.99593509,22.09341000000,950.11,6560.00,1.720000,1.410000
"CI Tau c",13.00000000,1144.18226520,25.20000000000,610.62,3807.00,1.880857,0.900000
"TOI-1994 b",13.67495645,7024.00779470,4.03371420000,2290.00,7700.00,2.300000,1.860000
"TOI-4515 b",12.17000000,637.00000000,15.26644600000,705.00,5433.00,0.860000,0.949000
"M62H b",,785.03616529,0.13293502800,,,,1.400000
"HD 145457 b",13.20000000,888.01256916,176.13000000000,826.81,4757.00,9.900000,1.900000
"HD 167042 b",13.60000000,444.00628458,417.67000000000,462.08,4919.00,4.630000,1.390000
"LHS 1678 c",0.94100000,1.40000000,3.69428400000,510.90,3490.00,0.329000,0.345000
"HD 173416 b",13.40000000,585.12209729,322.03000000000,771.03,4683.00,13.500000,2.000000
"HD 32518 b",13.20000000,905.49313154,157.35000000000,916.07,4580.00,10.220000,1.130000
"HS Psc b",13.60000000,464.02947422,3.98600000000,783.44,4203.00,0.650000,0.690000
"HD 81688 b",13.50000000,525.68818518,183.93000000000,958.66,4797.00,11.130000,1.070000
"kap CrB b",13.30000000,689.69110000,1253.68000000000,319.32,4840.00,4.680000,1.330000
"KMT-2021-BLG-1547L b",13.60000000,467.20775829,,,,,0.720000
"TOI-4559 b",1.41500000,2.59000000,3.96599100000,554.16,3558.00,0.374000,0.392000
"11 Com b",12.20000000,4914.89848585,323.21000000000,803.26,4874.00,13.760000,2.090000
"nu Oph b",12.00000000,7057.73298000,529.93000000000,620.57,4887.00,12.240000,2.610000
"TOI-4377 b",15.10970598,304.16178550,4.37808100000,1162.08,4974.00,3.520000,1.360000
"KMT-2023-BLG-0416L b",3.67000000,13.03096469,,,,,0.630000
"HD 76920 b",13.10000000,994.80291391,415.89100000000,621.44,4664.00,8.330000,1.000000
"75 Cet b",13.30000000,787.89662095,696.62000000000,540.31,4809.00,10.380000,1.920000
"LHS 3154 b",3.69000000,13.15000000,3.71778000000,343.83,2861.00,0.140500,0.111800
"TOI-1269 b",2.40144286,6.40000000,4.25299130000,1004.90,5499.00,0.852100,0.902700
"Kepler-23 d",2.20600000,4.44000000,15.27000000000,896.00,5828.00,1.548000,1.078000
"TOI-4153 b",16.11851425,365.50266805,4.61741410000,1669.00,6860.00,1.605000,1.572000
"TOI-3919 b",12.31866979,1233.17421916,7.43323400000,1198.00,6100.00,1.319000,1.208000
"TOI-1288 b",4.96846551,44.10000000,2.69982790000,1203.44,5388.00,0.958300,0.955200
"GJ 238 b",0.56600000,0.12600000,1.74469990000,758.00,3485.00,0.431400,0.419300
"Kepler-49 c",2.44400000,8.38000000,10.91000000000,443.00,4095.60,0.618000,0.607000
"TOI-5301 b",13.09208946,1182.32167404,5.85885800000,1648.00,6240.00,2.190000,1.483000
"TOI-5232 b",12.77823800,743.71847238,4.09666920000,1772.00,6500.00,1.785000,1.389000
"TOI-1410.01",3.10083009,12.50000000,1.21687000000,1236.70,4635.00,0.755800,0.794100
"TOI-1386 b",6.21638650,45.80000000,25.84010000000,615.03,5735.00,1.023500,1.036300
"TOI-6029 b",14.39233122,519.64944544,5.79870000000,1484.00,6223.00,2.338000,1.548000
"OGLE-2017-BLG-0448L b",4.08000000,15.60000000,,,,,0.500000
"Kepler-128 c",1.52100000,3.38000000,22.80000000000,843.00,6072.00,1.659000,1.184000
"TOI-1451 b",2.61143902,15.20000000,16.53794400000,723.33,5801.00,1.016200,1.002200
"TIC 4672985 b",11.50041420,4049.13390518,69.04800000000,517.20,5757.00,1.150000,1.010000
"TOI-5218 b",9.86000000,657.00000000,4.29145200000,783.00,4230.00,0.708000,0.739000
"Kepler-305 d",2.76000000,6.20000000,16.74000000000,576.00,5090.00,0.792000,0.827000
"TOI-1601 b",14.19902343,387.00000000,5.33175000000,1493.97,5982.00,2.195000,1.505500
"TOI-1444 b",1.41792246,3.58000000,0.47027430000,2130.02,5460.00,0.910500,0.951300
"TOI-1736 b",3.18175535,12.30000000,7.07307600000,1099.79,5636.00,1.428600,1.037300
"TOI-5634 A b",10.42000000,588.00000000,2.20353730000,837.00,3896.00,0.540000,0.556000
"TOI-1683.01",2.63820000,7.45000000,3.05753560000,929.25,4402.00,0.700000,0.694661
"TOI-1298 b",9.65807033,99.00000000,4.53714300000,1278.00,5752.00,1.453600,1.218700
"TOI-1751 b",2.95078450,19.50000000,37.46852000000,651.64,5970.00,1.313700,0.938200
"K2-419 A b",10.55000000,196.00000000,20.35847252000,377.00,3711.00,0.541000,0.562000
"TOI-4443.01",1.71932650,3.60000000,1.84985670000,1638.82,5834.00,1.017330,1.049133
"HIP 97166 b",2.48013380,19.10000000,10.28891400000,701.66,5216.00,0.841800,0.934200
"TOI-1776 b",1.21612741,1.40000000,2.79986800000,1269.21,5785.00,0.935600,0.919600
"Kepler-963 c",0.60000000,0.15600000,0.91978300000,,5169.47,0.928000,0.821000
"OGLE-2023-BLG-0836L b",12.90000000,1385.73185452,,,,,0.710000
"BD-14 3065 b",21.59000000,3932.00000000,4.28897310000,2001.00,6935.00,2.350000,1.410000
"HIP 97166 c",2.75000000,8.00000000,16.43200000000,642.00,5216.00,0.841800,0.934200
"TOI-1794 b",3.29701268,8.70000000,8.76552800000,992.91,5631.00,1.316200,0.969800
"2MASS J03590986+2009361 b",12.20000000,5720.91132600,,2369.00,2943.00,0.289776,0.264996
"TOI-663 c",2.26000000,3.65000000,4.69555070000,553.00,3681.00,0.512000,0.514000
"TOI-1246 c",2.45109846,9.10000000,5.90413700000,862.49,5213.00,0.864900,0.888900
"TOI-1842 b",12.34850230,89.40000000,9.57391810000,1199.55,6039.00,2.032000,1.464300
"TOI-1824 b",2.74382690,16.00000000,22.80853300000,528.67,5165.00,0.812300,0.880100
"HIP 77900 b",12.10000000,6674.39654700,,2507.00,13646.00,,
"2MASS J11011926-7732383 b",11.90000000,8899.19539600,,2677.00,,,
"SPECULOOS-3 b",0.97700000,0.89400000,0.71912603000,553.00,2800.00,0.123000,0.100900
"KMT-2023-BLG-1431L b",3.76000000,13.60000000,,,,,0.570000
"TOI-3071 b",7.16000000,68.20000000,1.26693800000,2155.00,6177.00,1.310000,1.290000
"TOI-1246 e",3.51418750,14.50000000,37.92548000000,463.98,5213.00,0.864900,0.888900
"TOI-2019 b",5.33275337,34.40000000,15.34440000000,917.46,5626.00,1.745700,1.183200
"TIC 139270665 c",12.90000000,1554.18091023,1010.00000000000,200.00,5844.00,1.016000,1.035000
"HD 48948 b",2.06000000,4.88000000,7.34013000000,957.00,4593.00,0.679000,0.686000
"HD 93963 A c",3.11976057,18.40000000,3.64513890000,1212.45,5908.00,1.031100,1.084400
"HD 93963 A b",1.46954368,2.80000000,1.03761090000,1842.23,5908.00,1.031100,1.084400
"TOI-815 c",2.62000000,23.50000000,34.97614500000,469.00,4869.00,0.770000,0.776000
"HD 48948 c",2.60000000,7.27000000,38.06000000000,553.00,4593.00,0.679000,0.686000
"HD 48948 d",3.24000000,10.59000000,151.92000000000,349.00,4593.00,0.679000,0.686000
"HIP 8152 c",2.52442508,10.70000000,19.60562000000,650.68,5618.00,0.960300,0.937300
"HIP 8152 b",2.53625843,8.90000000,10.75101400000,794.96,5618.00,0.960300,0.937300
"TOI-1669 b",14.10000000,191.00000000,500.00000000000,241.72,5497.00,1.056100,0.986700
"OGLE-2014-BLG-0221L b",12.90000000,1382.55357045,,,,,0.690000
"TOI-329 b",4.94057819,40.40000000,5.70439000000,1213.02,5614.00,1.532600,1.067800
"TOI-480 b",2.85372018,20.80000000,6.86619600000,1198.94,6174.00,1.487700,1.279300
"TOI-1410 c",5.63000000,27.00000000,47.56000000000,397.45,4635.00,0.755800,0.794100
"TOI-757 b",2.50000000,10.50000000,17.46819000000,641.00,5278.00,0.780000,0.800000
"GJ 900 b",12.40000000,3496.11247700,,1.48,3976.00,0.716187,1.080000
"TOI-1450 A c",1.13000000,1.52700000,5.06880000000,533.00,3437.00,0.483000,0.480000
"TOI-1855 b",18.49481816,360.09958513,1.36414864000,1701.00,5359.00,1.041000,0.987000
"TOI-3261 b",3.82000000,30.30000000,0.88313310000,1722.00,5068.00,0.849000,0.861000
"TOI-669 b",2.58606487,10.00000000,3.94515200000,1124.85,5597.00,0.988200,0.924500
"HD 25463 b",2.54535814,8.70000000,7.04914230000,1198.46,6353.00,1.418200,1.251000
"HD 73344 b",2.88400000,10.48000000,15.61100000000,911.00,6252.60,1.220000,1.200000
"TOI-2368 b",10.83908434,206.58846455,5.17500730000,1000.00,5360.00,0.846000,0.897000
"TOI-2107 b",13.57407563,263.79757781,2.45454670000,1397.00,5627.00,0.932000,0.961000
"TOI-1248 b",6.80848590,27.40000000,4.36015610000,952.09,5205.00,0.868600,0.904200
"TOI-837 b",9.16894621,120.45696625,8.32491130000,995.30,5995.00,1.052000,1.142000
"SWEEPS-11 b",12.66600000,3082.82000000,1.79600000000,,,1.450000,1.100000
"Kepler-24 c",2.51400000,9.99000000,12.33000000000,915.00,6028.00,1.099000,1.060000
"Kepler-57 b",3.13500000,25.06000000,5.72000000000,850.00,5187.90,0.826000,0.859000
"TOI-3894 b",15.27784069,260.61929374,4.33454000000,1531.00,6000.00,1.502000,1.138000
"TOI-3321 b",15.55806521,176.07693748,3.65251450000,1616.00,5850.00,1.549000,1.041000
"TOI-1744.01",2.68000000,7.65000000,22.34170292700,598.00,6179.00,1.140000,1.180000
"K2-360 c",4.02000000,15.23000000,9.79692000000,912.00,5679.00,0.980000,0.958000
"WASP-132 b",10.09929161,136.03055820,7.13351640000,682.00,4686.00,0.758000,0.789000
"TOI-469.01",3.41000000,9.10000000,13.63082050000,716.00,5289.00,0.980000,0.901000
"K2-260 b",18.41635529,546.66486004,2.62669762000,2090.00,6860.00,1.755000,1.637000
"K2-237 b",16.06246934,434.15360396,2.18053332000,1759.00,6180.00,1.236000,1.256000
"TOI-1772.01",2.90500000,8.78000000,8.05424687400,877.67,5583.00,0.995000,0.990000
"WASP-132 c",1.84100000,6.26000000,1.01153624000,1329.00,4686.00,0.758000,0.789000
"BD-17 63 b",12.80000000,1639.99458012,655.57000000000,168.92,4714.00,0.740000,0.741000
"K2-261 b",9.26982704,68.96876432,11.63346810000,1036.00,5490.00,1.663000,1.107000
"K2-321 b",2.05124347,4.86000000,2.29797490000,830.00,3750.00,0.595000,0.578000
"TOI-1777.01",2.24600000,5.67000000,14.65011197400,580.00,5859.00,0.980000,1.060000
"HD 20794 d",2.04000000,4.80000000,89.68000000000,388.00,5368.00,0.930000,0.790000
"HD 175167 b",12.30000000,4703.86042360,1175.00000000000,232.03,5635.00,1.750000,1.090000
"Kepler-289 d",3.03000000,5.33000000,66.02820000000,502.81,5990.00,1.000000,1.080000
"Kepler-289 c",11.23000000,157.18000000,125.87230000000,394.00,5990.00,1.000000,1.080000
"K2-167 b",2.36509493,6.50000000,9.97854100000,1220.00,6310.00,1.499000,1.084000
"K2-265 b",1.70824866,7.34183620,2.36902000000,1366.00,5420.00,0.920000,0.901000
"Kepler-289 b",2.49000000,3.70000000,34.53830000000,607.00,5990.00,1.000000,1.080000
"KELT-24 b",12.71098411,1458.83238813,5.55149296000,1391.00,6426.00,1.338000,1.268000
"TOI-3568 b",5.30000000,26.40000000,4.41796500000,899.00,4969.00,0.719000,0.780000
"K2-57 b",2.30905002,5.94000000,9.00730000000,635.80,4413.00,0.671000,0.699000
"K2-54 b",2.61169250,7.33000000,9.78330000000,560.00,3990.00,0.643000,0.615000
"TOI-4638.01",2.93300000,8.92000000,10.28391878700,779.83,5700.00,0.895000,1.020000
"TOI-5076 b",3.48935569,16.14568308,23.44316200000,550.00,4780.00,0.844000,0.789000
"TOI-4562 b",12.53000000,732.00000000,225.10640000000,318.00,6096.00,1.152000,1.192000
"K2-77 b",2.49960270,603.87700000,8.20008440000,806.00,5160.00,0.792000,0.847000
"K2-180 b",2.46597575,11.41003981,8.86566300000,797.50,5365.00,0.719000,0.735000
"TOI-2458 c",3.18000000,10.22000000,16.55300000000,922.76,6005.00,1.310000,1.050000
"TOI-4562 c",12.80000000,1833.86990839,3990.00000000000,138.11,6096.00,1.152000,1.192000
"K2-97 b",13.45077684,174.48779544,8.40711500000,1566.00,4673.00,4.140000,1.170000
"K2-182 b",2.71257333,20.97667486,4.73696960000,965.80,5128.00,0.789000,0.823000
"NGTS-33 b",18.38272835,1153.71711741,2.82797200000,1991.00,7437.00,1.470000,1.600000
"Kepler-105 b",2.53000000,10.80000000,5.41220340000,1418.00,5933.00,1.026000,0.991000
"TOI-2537 b",11.25381662,415.40172795,94.10220000000,338.00,4870.00,0.771000,0.771000
"K2-98 b",5.06645928,34.00763955,10.13673490000,1185.00,6260.00,1.518000,1.246000
"K2-114 b",10.59248676,638.83509807,11.39093100000,701.40,4899.00,0.832000,0.863000
"TOI-4994 b",8.54124329,88.99195396,21.49198400000,717.60,5640.00,1.055000,1.005000
"Kepler-105 c",1.44000000,5.60000000,7.12592000000,997.00,5933.00,1.026000,0.991000
"TOI-2295 c",12.80000000,1783.01736327,966.50000000000,234.90,5730.00,1.459000,1.168000
"TOI-5110 b",11.98240037,921.70238030,30.15857700000,976.00,6160.00,2.333000,1.469000
"TOI-2537 c",12.70000000,2297.89938261,1920.00000000000,123.10,4870.00,0.771000,0.771000
"MOA-2008-BLG-310L b",5.18000000,23.40000000,,,,,0.210000
"K2-115 b",11.80305668,321.00669107,20.27299140000,696.00,5870.00,0.855000,0.918000
"K2-277 b",2.18575124,7.40000000,6.32676800000,1049.00,5680.00,0.973000,0.974000
"TOI-406 c",1.32000000,2.08000000,3.30744100000,584.00,3392.00,0.410000,0.408000
"TOI-5005 b",6.25000000,32.70000000,6.30850440000,1040.00,5749.00,0.930000,0.970000
"HD 86728 b",3.03000000,9.43000000,31.15150000000,687.36,5610.00,1.237000,0.967000
"KMT-2021-BLG-2609L b",3.17000000,10.17050902,,,,,0.200000
"TOI-5688 A b",10.30000000,124.00000000,2.94815527000,742.00,3713.00,0.570000,0.600000
"HD 222237 b",12.80000000,1649.52943233,14892.00000000000,58.74,4751.00,0.710000,0.760000
"HD 21520 b",2.69700000,17.70000000,25.12920000000,637.00,5871.00,1.044000,1.090000
"TOI-2768 b",2.63000000,7.41000000,1.50801000000,855.00,4008.00,0.657000,0.630000
"TOI-1174 b",2.56200000,32.00000000,8.95348768300,713.83,5030.00,0.760000,0.850000
"TOI-2981 b",13.40000000,638.00000000,3.60150100000,1358.00,5940.00,1.080000,1.030000
"TOI-1180 b",3.07200000,10.00000000,9.68676037800,638.18,4738.00,0.730000,0.750000
"OGLE-2016-BLG-1800L b",13.20000000,823.17557413,,,,,0.410000
"TOI-5713 b",1.77000000,3.78000000,10.44198900000,347.20,3225.00,0.299200,0.265300
"TOI-6002 b",1.65000000,3.36000000,10.90482100000,321.40,3229.00,0.243200,0.210100
"HD 135694 b",2.85700000,6.10000000,15.92347556800,750.83,5712.00,1.080000,1.020000
"TOI-1295 b",15.69257298,451.31633794,3.19688380000,2360.00,6280.00,1.700000,1.380000
"TOI-6130 b",14.34749530,333.71982735,2.39267900000,1750.00,6110.00,1.510000,1.310000
"TOI-1437 b",2.24000000,9.60000000,18.84094200000,794.23,6008.00,1.170000,1.100000
"HD 183579 b",3.49000000,20.40000000,17.47129100000,752.00,5784.00,0.960000,0.996000
"KMT-2023-BLG-1866L b",1.43000000,2.63000000,,,,,0.510000
"K2-203 b",1.26549392,2.14000000,9.69520000000,738.40,5026.00,0.765000,0.793000
"TOI-6651 b",5.09000000,61.00000000,5.05697300000,1493.00,5940.00,1.721000,1.323000
"TOI-1630.01",2.41700000,6.42000000,12.05573473300,584.00,5504.00,0.830000,0.950000
"TOI-1467 b",1.92000000,9.00000000,5.97114713000,506.07,3834.00,0.491000,0.489000
"TOI-1659.01",2.25500000,5.71000000,5.87755632800,1031.14,5977.00,1.006000,1.100000
"HD 101581 c",0.99000000,0.93700000,6.20401000000,747.00,4675.00,0.630000,0.653000
"K2-208 b",1.67462172,3.45000000,4.19097000000,1122.00,5500.00,0.872000,0.881000
"TOI-1716.01",3.14300000,10.00000000,8.08237655400,959.00,5879.00,1.240000,1.070000
"TOI-6038 A b",6.41000000,78.50000000,5.82673110000,1439.00,6110.00,1.648000,1.291000
"HIP 116454 b",2.46900000,9.70000000,9.10041570000,753.20,5048.00,0.758000,0.800000
"TOI-2420 b",15.02003414,294.62693329,5.84264100000,1571.60,5707.00,2.369000,1.158000
"K2-225 b",3.60929179,12.70000000,15.87230000000,923.00,5520.00,1.700000,1.482000
"TOI-1739 b",1.94600000,4.45000000,8.30334140600,755.55,4814.00,0.781000,0.780000
"HD 73344 d",13.20000000,810.46243785,5823.00000000000,126.51,6148.00,1.220000,1.190000
"TOI-2485 b",12.13932610,766.60211768,11.23479000000,1134.00,6016.40,1.720000,1.163000
"K2-7 b",4.03523305,15.30000000,28.67810000000,786.00,5700.00,1.533000,1.056000
"HD 118203 c",12.40000000,3747.19691853,5103.00000000000,146.00,5742.00,2.040000,1.270000
"TOI-4734 b",10.91754720,61.65871096,6.23563300000,1468.00,6070.00,1.857000,1.391000
"TOI-1453 c",2.22400000,2.95000000,6.58869820000,819.80,4975.00,0.720000,0.715000
"TOI-3493 b",3.22000000,8.97000000,8.15946670000,1102.00,5844.00,1.228000,1.023000
"TOI-2969 b",12.32987877,368.68095212,1.82371460000,1186.00,4738.00,0.700000,0.710000
"TOI-5300 b",9.86390302,190.69704420,2.26219600000,1043.00,4610.00,0.650000,0.670000
"TOI-4794 b",14.35870428,308.29355479,3.56581160000,1673.00,6390.00,1.451000,1.250000
"TOI-2443 b",2.36300000,4.80000000,15.66858000000,519.00,4375.00,0.631000,0.642000
"OGLE-2016-BLG-0007L b",1.09000000,1.32000000,14200.00000000000,,,,0.590000
"TOI-5340 b",15.07607904,270.15414595,4.93943920000,1566.00,5990.00,1.842000,1.350000
"AT2021ueyL b",13.60000000,425.89006538,4168.69000000000,,3680.00,,0.490000
"Kepler-10 c",2.35500000,11.29000000,45.29430100000,579.00,5708.00,1.065000,0.910000
"TOI-2407 b",4.26000000,16.80000000,2.70296900000,705.00,3530.00,0.567000,0.548000
"TOI-5386 A b",14.70618268,155.10026262,3.62156552000,1488.00,6094.00,1.245000,1.165000
"TOI-2015 c",2.93000000,8.91000000,5.58279600000,448.00,3297.00,0.327300,0.304100
"TOI-2015 b",3.30900000,9.20000000,3.34823700000,530.90,3297.00,0.327300,0.304100
"GJ 3998 b",1.39000000,2.50000000,2.65033000000,733.50,3726.00,0.500000,0.520000
"Kepler-725 b",10.80000000,81.60000000,39.64372000000,514.00,5395.00,0.880000,0.950000
"TOI-1117 b",2.46000000,8.90000000,2.22816000000,1538.00,5635.00,1.050000,0.970000
"GJ 3998 c",2.50000000,6.82000000,13.72700000000,423.49,3726.00,0.500000,0.520000
"TOI-640 b",19.27944680,181.16219199,5.00377700000,1816.00,6460.00,2.082000,1.536000
"K2-157 d",5.16000000,23.30000000,66.50000000000,429.10,5334.00,0.860000,0.890000
"TOI-1117 c",2.91000000,8.78000000,4.57900000000,1210.00,5635.00,1.050000,0.970000
"TOI-1117 d",3.27000000,10.71000000,8.66500000000,978.00,5635.00,1.050000,0.970000
"Proxima Cen d",0.69200000,0.26000000,5.12338000000,282.00,2900.00,0.141000,0.122100
"Proxima Cen b",1.02000000,1.05500000,11.18465000000,218.00,2900.00,0.141000,0.122100
"LP 261-75 b",12.10000000,6674.39654700,,1500.00,3138.00,0.308000,0.220000
"KOI-134 b",12.03844527,346.43296363,67.12770000000,659.00,6160.00,1.667000,1.407000
"TIC 88785435 b",5.03000000,22.30000000,10.50884300000,635.00,3998.00,0.911000,0.724000
"TOI-1238 c",2.11000000,8.32000000,3.29473600000,695.00,4089.00,0.580000,0.590000
"TOI-1238 b",1.21000000,3.76000000,0.76459700000,1133.00,4089.00,0.580000,0.590000
"KOI-1843.03",0.61000000,8.00000000,0.17689130000,1654.00,3584.00,0.450000,0.460000
"TOI-5143 c",16.25302201,,5.20971180000,904.48,5183.00,0.852000,0.864000
"TOI-1803 b",2.99000000,10.32000000,6.29328700000,747.00,4687.00,0.715000,0.756000
"TOI-5882 b",11.46678726,6995.40323807,7.14897200000,1515.00,5920.00,2.260000,1.334000
"TOI-4465 b",14.01122587,1872.00931723,101.94054000000,427.00,5545.00,1.014000,0.930000
"TOI-1478 b",11.99360935,279.68899816,10.18021170000,918.00,5597.00,1.048000,0.947000
"HIP 67851 b",13.70000000,365.50266805,89.23000000000,840.72,4840.00,5.450000,1.280000
"HIP 67851 c",12.70000000,2204.77565936,3128.41000000000,255.43,4840.00,5.450000,1.280000
"TOI-2346 b",16.11851425,394.10722468,3.33120290000,1689.00,6480.00,1.380000,1.271000
"HD 94890 b",13.30000000,676.97450691,824.61000000000,533.83,4867.00,10.710000,1.740000
"HD 87816 b",12.70000000,2142.16346318,484.17000000000,567.39,4989.00,9.000000,2.410000
"TOI-2886 b",18.64053490,444.95976980,1.60200105000,1978.00,6240.00,1.241000,1.229000
"TOI-2876 b",9.63972340,54.03082919,6.29964310000,929.00,5271.00,0.873000,0.939000
"TOI-2986 b",9.29224500,96.61983573,3.27836620000,1622.00,5906.00,1.458000,1.122000
"WASP-116 b",13.67495645,203.41018048,6.61320000000,1414.00,6250.00,1.426000,1.250000
"HD 102888 b",12.80000000,1808.44363583,252.06000000000,688.63,4990.00,8.600000,2.420000
"HD 94890 c",12.50000000,2831.85110637,2492.19000000000,369.10,4867.00,10.710000,1.740000
"TOI-3135 b",13.65253849,327.36325921,3.70655850000,1292.00,5890.00,0.985000,1.044000
"Gaia-4 b",12.40000000,3750.37520260,571.30000000000,,4034.00,0.624000,0.644000
"WASP-188 b",14.81827249,458.62639130,5.74891600000,1666.00,6850.00,1.830000,1.500000
"WASP-154 b",10.76062147,198.96058278,3.81167800000,994.00,4774.00,0.823000,0.800000
"TIC 434398831 b",3.51000000,12.10000000,3.68550400000,1250.00,5638.00,0.909000,0.992000
"TOI-3464 b",13.76462830,397.28550875,3.65155680000,1693.00,6370.00,1.560000,1.363000
"HR 858 c",1.97900000,3.80000000,5.97386500000,1309.00,6354.00,1.258000,1.204000
"WASP-197 b",14.44837612,403.32424848,5.16722800000,1665.00,6050.00,2.112000,1.360000
"WASP-102 b",14.90794433,197.68926915,2.70981300000,1671.00,5990.00,1.375000,1.080000
"TOI-3486 b",10.57006880,99.16246298,2.21778105000,1190.00,4930.00,0.788000,0.837000
"TOI-2328 b",9.97599282,50.85254512,17.10197000000,842.00,5525.00,0.900000,0.950000
"TOI-3837 b",10.87271128,187.51876013,11.88865000000,1178.00,5905.00,1.200000,0.890000
"Gl 410 b",2.83000000,8.40000000,6.02000000000,592.44,3842.00,0.543000,0.550000
"HD 219666 b",4.89800000,17.60000000,6.03446800000,1076.00,5540.00,1.059000,1.020000
"TOI-3682 b",12.80065596,69.28659273,3.34624060000,1657.00,5703.00,1.735000,1.320000
"TOI-6628 b",10.98480109,235.19302118,18.18424000000,833.00,5463.00,1.010000,0.970000
"Kepler-289 e",2.94000000,17.40000000,330.07160000000,286.00,5990.00,0.985000,1.061000
"KMT-2022-BLG-2076L b",13.90000000,279.68899816,,,,,0.670000
"TOI-4214 b",10.68215861,165.27077164,3.49138850000,1642.00,6370.00,1.434000,1.382000
"GJ 581 c",2.50000000,6.81000000,12.92110000000,346.13,3500.00,0.302000,0.295000
"G 192-15 c",3.87000000,14.30000000,1219.00000000000,55.90,2999.00,0.170718,0.132000
"G 268-110 b",1.13000000,1.52000000,1.43263000000,534.00,,0.177000,0.137000
"TOI-2449 b",11.24000000,222.00000000,106.14468000000,400.00,6021.00,1.065000,1.079000
"KMT-2024-BLG-2242L b",3.82000000,13.98444991,,,,,0.069000
"GJ 508.2 b",,587.98255295,5300.00000000000,59.30,3720.00,0.530000,0.540000
"GJ 3512 c",14.30000000,143.97626837,2354.00000000000,42.92,3141.00,0.139000,0.123000
"HD 28471 b",1.75000000,3.72000000,3.16490000000,1377.00,5766.00,1.080000,0.980000
"HD 28471 c",2.26000000,5.72000000,6.12450000000,1066.00,5766.00,1.080000,0.980000
"NGTS-32 b",15.91675259,181.16219199,3.31211000000,1750.00,5680.00,1.850000,1.070000
"HD 143811 AB b",15.69257298,1938.75328270,117000.00000000000,1042.00,6791.00,1.683980,1.320000
"AF Lep b",13.00000000,1147.36054927,8905.00000000000,1400.00,6140.00,1.250000,1.218000
"TOI-238 b",1.55900000,3.37000000,1.27309900000,1378.00,5059.00,0.756000,0.781000
"HD 152843 b",3.05000000,9.82000000,11.62071000000,1003.11,6310.00,1.430000,1.150000
"MOA-2022-BLG-033L b",3.52000000,12.15000000,,,,,0.510000
"HD 28471 d",2.06000000,4.91000000,11.68100000000,945.00,5766.00,1.080000,0.980000
"HD 152843 c",5.94000000,9.67000000,19.50210400000,253.08,6310.00,1.430000,1.150000
"KMT-2023-BLG-1896L b",4.19000000,16.35000000,,,,,0.720000
"KMT-2023-BLG-0119L b",11.00000000,83.70000000,,,,,0.710000
"TOI-6054.02",2.82000000,9.30000000,12.56363600000,1143.00,6047.00,1.662000,1.107000
"WASP-110 b",13.19297028,154.78243421,3.77840220000,1158.00,5392.00,0.853000,0.814000
"K2-233 d",2.36300000,10.30000000,24.36810000000,525.00,4796.00,0.710000,0.790000
"K2-233 c",1.27200000,4.60000000,7.06024000000,794.00,4796.00,0.710000,0.790000
"BEBOP-4 AB b",,8358.88710410,1823.50000000000,239.44,5701.43,2.756450,1.507000
"2MASS J22501512+2325342 b",11.90000000,9534.85221000,,1600.00,3352.00,0.437589,0.433173
"WASP-4 b",15.12091496,381.39408840,1.33823099400,1653.00,5436.00,0.912000,0.899000
"Kepler-391 b",2.50000000,1100.00000000,7.41750000000,930.00,5038.00,2.879000,1.270000
"GJ 251 b",1.79000000,3.85000000,14.23700000000,336.00,3342.00,0.360000,0.350000
"TOI-1438 b",3.04000000,9.40000000,5.13967000000,971.00,5230.00,0.820000,0.876000
"GJ 536 c",2.30000000,5.89000000,32.76100000000,290.50,3641.00,0.529000,0.528000
"TOI-1438 c",2.75000000,10.60000000,9.42808900000,794.00,5230.00,0.820000,0.876000
"Kepler-391 c",2.88000000,450.00000000,20.50100000000,662.00,5038.00,2.879000,1.270000
"TOI-756 b",2.81000000,9.83000000,1.23924950000,934.00,3657.00,0.505000,0.505000
"TOI-756 c",13.00000000,1287.20504835,149.40000000000,194.00,3657.00,0.505000,0.505000
"HD 224018 d",2.40000000,4.20000000,138.07310000000,411.00,5784.00,1.147000,1.013000
"TOI-2141 c",2.35000000,6.14000000,5.46240000000,1095.00,5635.00,0.950000,0.896000
"TOI-6448 b",8.47398941,54.00000000,14.84426100000,745.00,5910.00,0.897000,1.030000
"K2-214 b",2.51000000,6.85000000,8.59656000000,1001.00,5875.00,1.236000,1.030000
"51 Eri b",,3464.32963630,9100.00000000000,807.00,7422.00,1.450000,1.750000
"TOI-1203.01",2.91800000,7.39000000,25.50267200000,743.60,5737.00,1.179000,0.886000
"TOI-2093 c",2.30000000,15.80000000,53.81149000000,329.00,4426.00,0.729000,0.745000
"KMT-2024-BLG-1209L b",13.20000000,839.06699448,,,,,0.770000
"HD 135344 A b",16.25302201,3178.28407000,,1585.00,9540.00,1.500000,2.320000
"K2-10 b",3.77300000,25.20000000,19.30553000000,649.00,5533.00,0.956000,0.880000
"TOI-1203 b",1.52000000,3.51000000,4.15728880000,1361.20,5737.00,1.179000,0.886000
"TOI-1203 c",2.20000000,5.46000000,13.07660000000,,5737.00,1.179000,0.886000
"HIP 18606 b",14.00000000,244.72787339,674.94000000000,405.91,4860.00,4.830000,1.210000
"HIP 111909 c",13.90000000,257.44100967,893.63000000000,357.64,4891.00,4.530000,1.280000
"TIC 257060897 b",17.26183028,201.50321004,3.66003639000,1775.00,5993.00,1.863000,1.187000
"OGLE-2016-BLG-1266L b",12.40000000,3813.94088400,,,,,0.015000
"BD+37 3172 b",12.40000000,3368.98111420,1887.76000000000,713.25,4500.00,50.240000,3.750000
"TOI-654.01",2.37800000,8.71000000,1.52756100000,794.00,3521.00,0.430000,0.419000
"K2-37 b",1.39000000,2.51000000,4.44340000000,949.00,5352.00,0.809000,0.840000
"K2-37 d",2.31000000,12.50000000,14.09229000000,646.00,5352.00,0.809000,0.840000
"K2-55 b",4.43000000,44.00000000,2.84927100000,900.00,4300.00,0.715000,0.688000
"TOI-5261 b",11.60129502,3651.84839643,4.15097680000,1244.00,5790.00,1.021000,1.037000
"TOI-4773 b",15.22179579,1687.66884117,1.74528510000,2255.00,6740.00,1.550000,1.452000
"BD+42 2315 b",14.20000000,174.80562385,123.05000000000,1247.58,4500.00,17.850000,1.380000
"Ross 176 b",1.84000000,4.57000000,5.00663380000,682.00,4041.00,0.569000,0.577000
"K2-62 c",1.99000000,4.62000000,16.19697000000,495.00,4455.00,0.696000,0.670000
"K2-61 b",1.92000000,4.35000000,2.57336000000,1325.00,5748.00,0.995000,0.970000
"TOI-6420 b",11.93756445,2606.19293740,6.96150800000,1213.00,6020.00,1.312000,1.165000
"TOI-5350 b",12.41955062,2094.48920213,7.58136700000,1195.00,6220.00,1.263000,1.167000
"TOI-5817 b",3.08000000,10.30000000,15.61031000000,950.00,5770.00,1.427000,0.970000
"K2-73 b",2.58000000,9.20000000,7.49556000000,968.00,5867.00,1.058000,1.020000
"TOI-5799 b",1.73300000,3.65000000,4.16450700000,505.00,3452.00,0.321000,0.325000
"TOI-1346 b",2.39000000,6.30000000,1.76225380000,1324.00,5099.00,0.780000,0.820000
"TOI-1346 c",2.23000000,5.60000000,5.50255800000,928.00,5099.00,0.780000,0.820000
"K2-105 b",3.40000000,15.40000000,8.26726000000,805.00,5373.00,0.905000,0.940000
"TOI-5799 c",1.76000000,3.75000000,14.01044900000,337.00,3452.00,0.321000,0.325000
"TOI-6223 b",5.07000000,22.60000000,3.85521900000,714.00,3895.00,0.576000,0.582000
"KOI-351 g",7.71800000,15.00000000,210.73514000000,342.00,6031.13,1.185000,1.242000
"HD 63433 c",2.69200000,15.53900000,20.54382810000,678.92,5553.00,0.934000,0.956000
"HD 17156 b",12.26262489,1036.12060682,21.21642940000,888.00,6046.00,1.517000,1.285000
"TOI-6000 b",0.94000000,0.77900000,0.44895900000,1120.00,3419.00,0.380000,0.370000
"K2-189 c",2.31000000,5.95000000,6.67932000000,877.00,5442.00,0.879000,0.850000
"KMT-2024-BLG-0404L b",11.90000000,8657.64580668,,,,,0.090000
"KMT-2024-BLG-1281L b",4.59000000,19.06970442,,,,,0.320000
"GJ 317 b",13.30000000,794.50000000,695.69000000000,100.32,3496.00,0.403000,0.402000
"TOI-6303 b",11.59000000,2493.00000000,9.48523600000,541.00,3977.00,0.609000,0.644000
"LHS 1903 d",2.50000000,5.96000000,12.56628700000,442.00,3664.00,0.539000,0.538000
"LHS 1903 e",1.73200000,5.79000000,29.31773000000,333.00,3664.00,0.539000,0.538000
"WASP-120 b",15.58048317,1541.47550000,3.61126721000,1749.00,6450.00,1.684430,1.393000
"WASP-140 b",14.23540549,775.50520000,2.23598448000,1270.00,5300.00,0.870000,0.900000
"HD 85426 c",3.19000000,10.30000000,35.73000000000,640.00,5746.00,1.130300,0.991000
"TOI-1774.01",2.78000000,8.50000000,16.70988000000,824.00,5746.00,1.130300,0.991000
"HD 176986 b",,1487.75477317,6.49164000000,767.00,4931.00,0.782000,0.789000
"KOINTREAU-3 b",13.10000000,1080.61658380,,8.74,3920.00,0.730795,0.410000
"PDS 70 b",21.96960217,1017.05090240,43500.00000000000,1392.00,4109.00,1.260000,0.982000
"HD 176986 d",2.49000000,6.76000000,61.37600000000,363.00,4931.00,0.782000,0.789000
"TOI-6692 b",11.67975789,197.05361234,131.12500000000,467.00,5890.00,1.385000,1.047000
"TOI-4342 b",2.32900000,7.30000000,5.53825920000,639.00,3866.00,0.598000,0.587000
"PDS 70 c",22.19378179,2383.71305250,,1054.00,4109.00,1.260000,0.982000
"V2376 Ori b",87.20586985,6356.56814000,,2100.00,,,0.450000
"TOI-5489 b",1.40000000,2.54000000,3.15222000000,624.00,3547.00,0.420000,0.410000
"HD 208487 b",14.30000000,146.20106722,129.36000000000,437.59,6134.00,1.160000,1.150000
"HD 181433 b",,1708.64551603,9.37450000000,732.52,4918.00,0.790000,0.860000
"TOI-1135 b",9.91994792,58.79825529,8.02773270000,1171.00,6320.00,1.202000,1.119000
"TOI-5716 b",0.96000000,0.84000000,6.76630000000,400.00,3436.00,0.220000,0.190000
"HD 181433 d",13.20000000,858.13669890,6896.10000000000,81.19,4918.00,0.790000,0.860000
"HD 181433 c",,2207.00045821,1018.50000000000,153.53,4918.00,0.790000,0.860000
"DMPP-1 b",4.26000000,16.80000000,17.81200000000,877.00,6196.00,1.260000,1.210000
"TOI-4940 b",6.61000000,89.00000000,25.86781100000,643.00,5504.00,1.163000,1.012000
"TOI-5734 b",2.10000000,9.10000000,6.18418760000,688.00,4750.00,0.639000,0.724000
"GJ 480 b",2.91000000,8.80000000,9.55360000000,406.00,3509.00,0.449000,0.450000
"DMPP-1 d",2.02000000,4.72000000,3.14170000000,1632.00,6196.00,1.260000,1.210000
"DMPP-2 b",14.20000000,171.48000000,5.20300000000,1000.00,6500.00,1.780000,1.410000
"K2-19 d",1.04400000,6.20000000,2.50827000000,1258.00,5350.00,0.824000,0.892000
"NGTS-35 b",10.90000000,152.00000000,25.24119200000,451.00,4717.00,0.753000,0.789000
"TOI-2267 c",1.14000000,1.55000000,3.49504120000,374.00,3030.00,0.207500,0.171000
"TOI-2267 b",1.00000000,0.97200000,2.28909000000,424.00,3030.00,0.207500,0.171000
"HD 39194 c",2.65000000,7.49000000,14.03090000000,675.19,5205.00,0.783742,0.860000
"DMPP-3 A b",1.44000000,2.67000000,5.59000000000,854.00,5138.00,0.910000,0.900000
"TOI-5007 b",11.07447293,211.03806225,2.54337100000,774.00,3793.00,0.656000,0.632000
"TOI-7166 b",2.01000000,4.70000000,12.92063621000,249.00,3099.00,0.222000,0.190000
"TOI-375 b",10.77183045,236.78216321,9.45469000000,1373.00,5259.90,2.900000,1.441000
"TOI-5422 b",9.10169233,8899.19539600,5.37721900000,1369.00,5820.00,1.474000,1.066000
"HD 28185 b",12.80000000,1859.29618095,385.92000000000,271.95,5602.00,1.048000,0.974000
"XO-3 b",14.79585452,4217.58296089,3.19152309000,1890.00,6970.00,1.523000,1.449000
"DMPP-6 c",3.74000000,13.47000000,36.44100000000,715.27,6182.09,1.270000,1.079000
"TOI-7510 b",7.31000000,18.10000000,11.53086900000,878.00,5720.00,1.035000,1.063000
"TOI-5788 c",2.27200000,6.40000000,16.21336200000,667.00,5615.00,0.870000,0.870000
"TOI-5788 b",1.52800000,3.72000000,6.34075800000,910.00,5615.00,0.870000,0.870000
"DMPP-9 b",3.89000000,14.43000000,12.73300000000,995.58,6092.00,1.260000,1.100000
"HD 72659 c",12.10000000,6165.87109580,35500.00000000000,71.91,5929.00,1.360000,1.033000
"KMT-2020-BLG-0202L b",12.40000000,3902.93283796,,,,,0.810000
"KMT-2022-BLG-1551L b",13.20000000,940.77208472,,,,,0.540000
"HD 95338 b",4.27174254,42.90000000,55.08269400000,443.00,5097.00,0.868000,0.848000
"KMT-2022-BLG-1818L b",13.00000000,1271.31362800,,,,,0.790000
"TOI-1243 b",2.33000000,7.70000000,4.65947790000,450.00,3515.00,0.511000,0.515000
"TOI-5938 b",3.82000000,14.00000000,2.26042400000,1077.00,4650.00,0.712000,0.744000
"TOI-7009 b",3.71000000,13.30000000,2.32066120000,872.00,4080.00,0.564000,0.583000
"KMT-2025-BLG-0121L b",12.60000000,2469.52672239,,,,,0.610000
"HD 28109 b",2.69000000,6.20000000,22.89105400000,867.00,6189.00,1.425000,1.227000
"TOI-5388.01",0.99000000,2.20000000,2.59467480000,488.00,3440.00,0.300000,0.292000
"KMT-2024-BLG-2087L b",12.90000000,1395.26670673,,,,,0.480000
"HD 100508 b",13.70000000,381.39408840,5681.00000000000,106.66,5419.00,1.017900,0.940000
"HD 114386 c",13.40000000,117.59651059,444.00000000000,200.82,4895.00,0.760000,0.800000
"HD 28109 d",3.11000000,5.80000000,84.28990000000,561.00,6189.00,1.425000,1.227000
"KMT-2020-BLG-0414L b",1.20000000,1.87000000,,,,,0.490000
"TOI-6716 b",0.98200000,0.91100000,4.71858980000,369.00,3110.00,0.231000,0.223000
"HD 154345 b",13.70000000,376.94449070,3280.00000000000,119.21,5468.00,0.850000,0.890000
"HD 217107 b",13.60000000,459.57987652,7.12701660000,1105.84,5622.00,1.224500,1.045000
"TOI-1472 b",4.05800000,18.05000000,6.36338574000,891.00,5100.00,0.840000,0.870000
"TOI-1648 b",2.54000000,7.40000000,7.33160200000,799.00,4850.00,0.810000,0.830000
"HD 164604 b",12.30000000,4195.33497240,653.90000000000,170.16,4663.00,0.780000,0.770000
"HD 164604 c",12.50000000,3019.36986650,5387.00000000000,84.25,4663.00,0.780000,0.770000
"HIP 54515 b",12.20000000,5625.56280390,33000.00000000000,100.72,8100.00,1.649150,1.900000
"TOI-1518 b",21.05046575,581.62598481,1.90261131000,2546.00,7299.00,1.942000,1.880000
"GJ 4274 b",1.53000000,2.97000000,1.63390000000,548.53,3228.00,0.190000,0.180000
"LHS 1903 b",1.38200000,3.28000000,2.15550980000,796.00,3664.00,0.539000,0.538000
"LHS 1903 c",2.04600000,4.55000000,6.22618500000,559.00,3664.00,0.539000,0.538000
"TOI-1080 b",1.20000000,10.70000000,3.96524820000,368.00,3065.00,0.201900,0.166700
"TOI-2145 b",12.24020692,1805.26535176,10.26112800000,1484.00,6206.00,2.750000,1.710000
"TIC 231949697 b",1.52831855,2.95000000,0.90720448719,982.91,3451.32,0.492584,0.490679
"CWISEP J193518.59-154620.3 b",12.20000000,4926.34030850,,390.00,,,0.024000
"HD 202772 A b",18.23701160,323.54931833,3.30887750000,2181.00,6442.00,2.554000,1.721000
"TOI-4588 b",2.92922558,8.90000000,13.11881173651,1768.00,7746.12,1.574580,2.018000
"TOI-4513 b",2.34587608,6.11000000,9.76042253684,653.00,5623.93,0.796628,0.979000
"TIC 24750448 b",2.43722231,6.51000000,3.59159193029,,4545.43,0.713599,0.690000
"TOI-4127 b",12.07000000,743.71847238,56.39870000000,556.00,6096.00,1.293000,1.230000
"TOI-697 b",2.35859364,6.16000000,8.60788713593,839.80,5681.95,0.968149,0.970000
"TOI-4561 b",1.77789214,3.81000000,8.93547936706,789.81,5537.93,0.851957,1.000000
"TIC 24750448 c",3.09028272,9.75000000,10.14385270726,,4545.43,0.713599,0.690000
"GJ 1137 c",2.11000000,5.12000000,9.64120000000,768.51,5033.80,0.837000,0.836000
"TIC 87422071 b",10.86150230,409.99864503,11.36492900000,1110.00,6150.00,1.489000,1.239000
"TOI-883 b",7.17166228,40.70000000,10.05771848538,861.00,5713.15,1.014770,1.003000
"TOI-4640 b",2.84326517,8.46000000,2.68566015238,1378.86,5743.01,1.067150,1.100000
"TIC 38828280 b",2.62701629,7.40000000,4.85558984762,,5046.63,0.741147,0.840000
"TIC 147027702 b",10.92875618,346.43296363,44.40523000000,863.00,6410.00,2.136000,1.406000
"TIC 245076932 b",10.87271128,162.09248757,21.61389000000,845.00,6130.00,1.288000,1.117000
"TOI-921 b",3.53409617,12.20000000,5.12871907628,951.00,6011.66,1.141650,1.130000
"TOI-4930 b",6.93277225,38.40000000,6.78130241498,1169.00,5624.72,1.159260,1.040000
"TIC 62895484 b",3.49391667,12.00000000,2.83985434327,,5520.79,0.874291,0.980000
"TOI-941 b",6.51165317,34.60000000,8.51460888787,982.42,5745.88,1.184900,1.078000
"TOI-5159 b",1.54732112,3.01000000,5.83639428843,866.29,5156.16,0.854084,0.900000
"TIC 86380416 b",2.41236120,6.40000000,6.04086434610,,5723.74,0.989724,1.070000
"K2-19 b",7.00000000,30.80000000,7.91930000000,857.00,5322.00,0.820000,0.880000
"TOI-5335 b",4.02422162,15.30000000,3.61365988443,1048.00,5528.92,0.916633,0.945000
"TIC 88692598 b",1.81295951,3.94000000,2.64909436758,,3483.17,0.532473,0.529218
"TOI-1752 b",1.69300000,3.51000000,0.93518610000,1036.00,3762.00,0.530000,0.524000
"TOI-1269 c",2.22999162,5.60000000,9.23786144195,757.00,5554.02,0.848906,0.902700
"TOI-5486 b",3.96824928,14.90000000,2.02470073205,752.00,3750.17,0.553216,0.548138
"TIC 139702105 b",2.45316949,6.59000000,6.83601903383,,5742.35,1.254230,0.900000
"TOI-5624 c",2.47400000,4.80000000,7.88538500000,857.00,5327.00,0.820000,0.858000
"TOI-1718 b",4.10824994,15.80000000,5.58703768615,948.00,5304.91,0.939285,0.930000
"TOI-5532 b",2.52763693,6.93000000,5.65396594310,617.33,4208.45,0.662052,0.636083
"TIC 161045582 b",2.24566738,5.67000000,8.85577189959,,5683.87,1.079760,1.040000
"TOI-1232 c",8.88000000,58.48042689,30.35600000000,660.05,5823.00,1.072000,1.058000
"TOI-1732 b",2.49549787,6.78000000,4.11923678339,657.79,4201.93,0.632571,0.613891
"TOI-5605 b",2.52611303,6.92000000,5.91340454843,669.00,4583.79,0.736044,0.680000
"TOI-1756 b",1.94225664,4.43000000,2.78301736297,696.39,3891.86,0.562607,0.556454
"TOI-5630 b",2.37117553,6.22000000,3.22118452536,1541.00,5385.64,0.933361,0.934000
"TIC 206466666 b",2.14817673,5.26000000,9.10486865159,,4620.30,0.667193,0.760000
"TOI-198 b",1.36000000,3.17000000,10.21521300000,456.00,3801.00,0.418000,0.417000
"KMT-2024-BLG-2005L b",8.18000000,50.85254512,,,,,0.120000
"TOI-1839 b",2.21895097,5.56000000,1.42378440907,1405.35,5315.91,0.848099,0.934000
"TOI-5926 b",7.56807148,44.60000000,3.81122794237,987.00,5388.92,0.890046,0.946000
"TIC 290487717 b",6.63777941,35.70000000,3.40081822900,,5328.97,0.943767,0.920000
"TOI-672 b",5.31000000,50.90000000,3.63358100000,699.50,3810.00,0.540000,0.540000
"TOI-2071 b",2.56484195,7.10000000,5.67395386982,1029.33,5755.41,1.002860,1.063000
"TOI-4156 c",2.92303762,8.87000000,12.82282706375,809.32,5971.64,1.039630,1.100000
"TIC 356227008 b",2.39024009,6.30000000,2.96147448702,,5731.86,0.959792,1.020000
"TOI-2518 b",2.26838675,5.77000000,6.89797425216,1095.00,5751.20,0.993374,1.110000
"TOI-6393 b",2.75958542,8.04000000,9.53176110329,696.00,5008.20,0.766023,0.835000
"EPIC 220674823 b",1.60600000,7.54000000,0.57130782000,2324.00,5578.00,0.990000,0.913000
"EPIC 220674823 c",2.71200000,7.90000000,13.34060300000,838.00,5578.00,0.990000,0.913000
"TOI-2654 b",7.94454164,48.40000000,2.96760425926,819.00,4594.08,0.756095,0.690000
"TOI-6699 b",2.32645266,6.02000000,5.32005926761,976.00,4705.10,0.753090,0.750000
"TOI-1839 c",2.40867246,6.39000000,4.02393854207,,5315.91,0.848099,0.934000
"K2-111 c",3.34000000,11.10000000,15.67480000000,923.00,5775.00,1.250000,0.840000
"TOI-4156 b",2.53823825,6.98000000,4.46189034133,1289.00,5971.64,1.039630,1.100000
"TOI-7333 b",2.09469416,5.04000000,6.26449803661,755.00,4586.87,0.666066,0.721000
"rho CrB e",1.75000000,3.71000000,12.90400000000,1004.88,5817.00,1.361700,1.000000
"MOA-2007-BLG-192L b",3.58000000,12.49000000,,,,,0.280000
"K2-79 b",4.15000000,5.90000000,10.99503900000,1033.00,5897.00,1.269000,1.060000
"K2-111 b",1.83700000,5.35000000,5.35189630000,1293.00,5775.00,1.250000,0.840000
"TOI-4363 b",1.76689273,3.77000000,2.11867592279,884.71,4278.45,0.691320,0.620000
"HD 5388 b",13.10000000,1017.05090240,772.50000000000,316.59,6297.00,1.910000,1.210000
"Kepler-79 b",3.51000000,7.60000000,13.48451000000,929.00,6389.00,1.316000,1.244000
"Kepler-79 c",3.76000000,4.60000000,27.40260000000,734.00,6389.00,1.316000,1.244000
"eps Ind A b",12.70000000,2065.88464550,25450.00000000000,275.00,4700.00,0.713000,0.800000
"HD 16760 b",12.10000000,6833.31075050,466.08000000000,226.14,5518.00,0.835000,0.930000
"TOI-3457 b",10.64000000,797.74930157,32.60026800000,824.20,6300.00,1.474000,1.040000
"TOI-6884 b",10.39072511,8365.24367224,4.80826400000,1652.00,6330.00,1.840000,1.410000
"TOI-4602.01",2.45000000,5.53000000,3.98129990000,1344.00,5966.00,1.080000,0.900000
"TOI-791 b",11.13051784,9.50000000,139.29931000000,434.30,6294.00,1.474000,1.280000
"eps Eri b",13.80000000,317.82840700,2680.00000000000,112.26,5020.38,0.759106,0.820000
"TOI-791 c",12.94637271,18.60000000,232.01570000000,362.80,6294.00,1.474000,1.280000
"HD 190360 b",13.50000000,537.00000000,2887.50000000000,150.00,5560.00,1.140000,0.996000
"HD 190360 c",5.53000000,26.20000000,17.11625000000,794.55,5560.00,1.140000,0.996000
"HD 190360 d",3.48000000,11.90000000,88.69000000000,459.21,5560.00,1.140000,0.996000
"TOI-3664 b",13.69737442,114.41822652,3.29748390000,1232.00,5593.00,1.110000,0.980000
"TOI-4034 b",17.71018951,276.51071409,1.80209320000,1907.00,5891.00,1.830000,1.190000
"HD 126105 b",13.50000000,530.77343969,524.00000000000,413.60,4875.00,4.210000,1.200000
"TIC 52059926 b",10.71000000,5380.00000000,175.53200000000,229.60,4505.00,0.720000,0.730000
"TOI-4427 b",13.09208946,87.72064033,4.61826210000,1040.00,5347.00,0.890000,0.900000
"TOI-2049 b",16.64533634,486.27746271,5.30346800000,1869.00,6164.00,3.200000,1.570000
"TOI-4458 b",12.40834163,552.06794296,3.93937920000,1759.00,6151.00,1.960000,1.470000
"TOI-159 b",18.18000000,1110.00000000,3.76283960000,1891.00,7287.00,1.620000,1.661000
"COCONUTS-2 b",12.57647635,2383.71305250,402000000.00000000000,493.00,3552.00,0.366000,0.400000
"HD 30177 c",12.90000000,1484.25866069,11320.00000000000,87.87,5680.00,1.019000,0.980000
"TOI-1710 b",5.06000000,19.10000000,24.28336000000,602.99,5775.00,0.930000,1.020000
"K2-370 b",2.67000000,11.10000000,2.14080930000,1267.00,5662.00,0.945000,0.962000
"HIP 8923 b",12.50000000,3171.92750186,5160.00000000000,136.48,5980.00,1.321640,1.010000
"TOI-201 c",10.40000000,4990.00000000,2890.00000000000,169.58,6423.00,1.310000,1.320000
"KMT-2023-BLG-0332L b",12.00000000,6992.22495400,,,,,0.540000
"XO-2 S d",13.00000000,1179.14338997,4696.00000000000,110.98,5325.00,1.020000,0.980000
"TOI-237 c",1.20600000,1.90000000,1.74486147000,515.00,3226.00,0.205600,0.169800
"bet Pic b",18.49485000,2765.10714090,8682.00000000000,1612.00,8038.68,1.544160,1.789000
"bet Pic c",12.50000000,2765.10714090,1202.00000000000,1250.00,8038.68,1.544160,1.789000
"bet Pic d",14.12331568,762.78817680,33200.00000000000,600.00,8038.68,1.544160,1.789000
"Kepler-484 b",2.28000000,5.82000000,10.04556931300,766.00,5668.00,0.870000,0.960000
"Kepler-758 c",1.69000000,3.50000000,4.75793986000,1372.00,6228.00,1.420000,1.160000
"TOI-4311 b",1.37600000,4.50000000,0.99027380000,1664.00,5063.00,0.844100,0.816000
"TOI-2147 b",10.50000000,116.00000000,26.20518000000,820.00,5983.00,1.390000,0.990000
"TOI-6019 b",12.30000000,149.00000000,14.54795200000,1095.00,5561.00,2.020000,1.130000
"Kepler-929 b",1.11000000,1.41000000,0.92103213500,2362.00,5869.00,1.020000,1.010000
"Kepler-1767 b",3.01299077,9.34000000,59.65829849000,393.00,5243.00,0.831000,0.887000
"Kepler-223 e",4.60000000,4.80000000,19.72567000000,751.00,5803.00,1.720000,1.125000
"Kepler-1127 b",1.96000000,4.50000000,5.12330347000,994.00,5664.00,0.950000,0.970000
"Kepler-1793 b",3.79037518,13.80000000,8.77999973300,713.00,5191.00,0.764000,0.850000
"HD 141937 b",12.40000000,3591.46099910,662.37000000000,231.49,5870.00,1.030000,1.090000
"TOI-1272 b",4.26000000,24.10000000,3.31597650000,1051.00,4985.00,0.800000,0.828000
"Kepler-1367 b",0.92000000,0.72100000,1.57409027200,998.00,4106.00,0.600000,0.620000
"Kepler-1900 b",1.62314676,3.27000000,2.98622989700,1356.00,6173.00,1.041000,1.104000
"Kepler-1364 b",2.15000000,5.27000000,13.32196237000,1299.00,6805.00,1.790000,1.490000
"Kepler-482 b",2.36000000,6.17000000,56.35418576000,352.00,4871.00,0.720000,0.750000
"Kepler-1646 b",1.23000000,2.04000000,4.48558383000,365.00,3299.00,0.260000,0.240000
"HD 6718 b",13.30000000,762.78817680,2476.00000000000,148.94,5746.00,1.020000,0.960000
"Kepler-32 c",2.00000000,158.90000000,8.75220000000,451.00,3900.00,0.530000,0.580000
"K2-177 b",2.11620480,5.13000000,14.15518500000,,6063.00,1.213565,1.210525
"Kepler-259 c",2.70000000,7.75000000,36.92493100000,530.00,5938.00,0.898000,0.867000
"K2-183 b",1.10000000,1.37000000,0.46928500000,,5482.00,0.870000,0.942219
"Kepler-222 d",3.69000000,13.20000000,28.08191200000,522.00,5433.00,0.869000,0.933000
"Kepler-165 c",2.23000000,5.60000000,15.31299000000,581.00,5211.00,0.770000,0.746000
"K2-263 b",2.51300000,15.40000000,50.81917200000,482.00,5368.00,0.850000,0.880000
"Kepler-166 d",1.73000000,3.64000000,1.55400392800,1313.00,5350.00,0.830000,0.880000
"Kepler-52 b",2.10000000,135.00000000,7.87735650000,553.00,4075.00,0.520000,0.540000
"K2-186 b",3.17207779,10.20000000,41.47421900000,,5784.00,0.980830,1.018617
"K2-195 c",2.57581891,7.16000000,28.48278600000,,5712.00,0.906367,0.963364
"K2-187 e",1.90000000,4.27000000,13.60662900000,698.00,5438.00,0.830000,0.966999
"K2-187 c",1.40000000,2.54000000,2.87151200000,1173.00,5438.00,0.830000,0.966999
"K2-189 b",1.40300000,2.55000000,2.58812000000,1203.00,5442.00,0.879000,0.850000
"K2-280 b",7.50000000,37.10000000,19.89526000000,787.00,5500.00,1.280000,1.030000
"K2-381 c",2.00000000,4.66000000,16.03465600000,,4473.00,0.675000,0.754000
"Kepler-229 b",2.20000000,5.48000000,6.25297200000,823.00,5120.00,0.728000,0.808000
"K2-222 b",2.27500000,7.50000000,15.38892740000,803.00,5942.00,1.072000,0.940000
"K2-220 b",2.37000000,6.21000000,13.68186000000,761.00,5612.00,1.026000,0.910000
"Kepler-491 b",8.92000000,59.00000000,4.22538451200,1111.00,5582.00,1.030000,1.040000
"Kepler-197 b",1.02000000,1.04000000,5.59930800000,1142.00,6004.00,1.120000,0.857000
"Kepler-216 b",2.35000000,6.12000000,7.69364100000,1069.00,6091.00,1.260000,1.126000
"K2-176 b",1.49090097,2.83000000,5.32943900000,,5428.00,0.864160,0.938545
"K2-223 b",0.89000000,0.64000000,0.50557000000,2271.00,5859.00,1.000000,1.060000
"Kepler-1732 b",4.09903273,15.70000000,32.31240082000,699.00,5821.00,1.494000,1.043000
"14 Her b",12.50000000,2828.67282230,1766.41000000000,147.32,5338.00,0.930000,0.970000
"16 Cyg B b",13.50000000,565.73740000,798.50000000000,228.76,5750.00,1.130000,1.080000
"K2-368 d",1.94800000,4.45000000,20.20108500000,,4663.00,0.663000,0.746000
"Kepler-261 b",2.18000000,5.39000000,10.38122700000,672.00,5098.00,0.794000,0.834000
"1RXS J160929.1-210524 b",18.64700000,3000.00000000,,1700.00,4060.00,1.313160,0.850000
"CoRoT-4 b",13.34000000,228.83000000,9.20205000000,1074.00,6190.00,1.170000,1.160000
"K2-224 c",2.41000000,6.39000000,10.09489000000,764.00,5620.00,0.840000,0.910000
"K2-368 c",1.36100000,2.42000000,9.66018600000,,4663.00,0.663000,0.746000
"24 Sex c",13.90000000,273.32000000,883.00000000000,377.31,5098.00,4.900000,1.540000
"CoRoT-7 b",1.68135000,4.07660518,0.85359163000,1756.00,5275.00,0.830000,0.820000
"K2-226 b",1.53899305,2.98000000,3.27109000000,1187.00,5288.00,0.889000,0.856000
"K2-227 b",1.66551298,3.41000000,13.62183200000,,5673.00,0.890666,0.950811
"2MASS J12073346-3932539 b",15.69257298,1652.70771640,,1163.00,2825.00,0.218870,0.188001
"CoRoT-7 c",2.83000000,8.40000000,3.69800000000,1098.59,5256.00,0.864273,0.899000
"eps Tau b",12.70000000,2285.18624633,585.82000000000,603.08,4877.00,12.350000,2.570000
"gam1 Leo b",12.50000000,2790.43000000,428.50000000000,1080.70,4330.00,31.880000,1.230000
"K2-229 b",1.00000000,2.55000000,0.58421600000,1818.00,5315.00,0.790000,0.870000
"Kepler-752 b",2.81000000,8.30000000,18.82747265000,632.00,5373.00,0.830000,0.870000
"CoRoT-9 b",11.94879400,266.97720000,95.27265600000,420.00,5625.00,0.960000,0.960000
"K2-343 b",1.65000000,3.36000000,2.78717400000,653.00,3804.00,0.460000,0.490000
"51 Peg b",14.10000000,193.87532827,4.23079660000,1328.93,5761.00,1.190000,1.070000
"K2-331 c",2.72000000,7.85000000,22.99659100000,673.00,5994.00,1.060000,1.100000
"EPIC 212624936 c",2.30000000,5.90000000,11.81143700000,,5765.00,0.930000,1.000000
"K2-334 b",5.65000000,27.20000000,5.11398100000,1380.00,6502.00,1.490000,1.360000
"K2-379 b",2.18100000,5.40000000,8.77724700000,,4603.00,0.751000,0.856000
"61 Vir d",5.11000000,22.90000000,123.01000000000,382.51,5577.00,0.963000,0.942000
"K2-202 b",2.30165603,5.91000000,3.40516400000,,5491.00,0.910685,0.971461
"K2-343 c",2.02000000,4.74000000,7.67697200000,465.00,3804.00,0.460000,0.490000
"K2-342 b",2.03000000,4.78000000,11.56105200000,861.00,5920.00,1.090000,1.010000
"Kepler-260 b",2.01000000,4.70000000,8.18739900000,782.00,5250.00,0.862000,1.013000
"K2-381 d",1.68900000,3.50000000,26.80302300000,,4473.00,0.675000,0.754000
"K2-381 b",1.07500000,1.26000000,7.93893340000,,4473.00,0.675000,0.754000
"K2-348 b",3.26000000,10.70000000,4.68841800000,908.00,5077.00,0.850000,0.830000
"K2-384 d",1.39200000,2.52000000,6.67958200000,,3623.00,0.348000,0.330000
"81 Cet b",13.10000000,1051.05854195,1005.57000000000,526.92,4734.00,11.210000,1.230000
"K2-352 c",1.92000000,4.35000000,8.23488500000,885.00,5791.00,0.950000,0.980000
"K2-384 c",1.19100000,1.82000000,4.19476600000,,3623.00,0.348000,0.330000
"BD+14 4559 b",13.80000000,330.54320000,268.94000000000,246.28,4864.00,0.860000,0.490000
"K2-204 b",3.17214154,10.20000000,7.05590800000,1148.00,5783.00,1.253000,1.076000
"Kepler-1736 b",3.87658560,14.30000000,37.81029892000,566.00,6085.00,0.973000,0.976000
"K2-205 b",1.99552771,4.64000000,26.67226300000,,5890.00,1.077574,0.951027
"Kepler-8 b",15.87194400,187.51970000,3.52249910000,1680.00,6213.00,1.486000,1.213000
"K2-209 b",0.86850263,0.58600000,2.08061500000,,4720.00,0.712365,0.744790
"Kepler-745 b",2.16000000,5.31000000,9.93143556000,931.00,5849.00,1.040000,1.040000
"K2-211 b",1.33162691,2.33000000,0.66956100000,1873.00,5117.00,0.818000,0.851000
"Kepler-262 c",1.64000000,3.33000000,21.85372200000,618.00,5841.00,0.881000,0.816000
"Kepler-119 b",3.60000000,12.60000000,2.42208200000,1213.00,5595.00,0.839000,0.918000
"K2-394 b",1.69200000,3.51000000,5.09571700000,643.00,4938.00,0.631000,0.478000
"CoRoT-19 b",14.46000000,352.78000000,3.89713000000,2000.00,6090.00,1.650000,1.210000
"Kepler-748 b",2.52000000,6.90000000,7.40742793000,938.00,5934.00,1.100000,1.070000
"HD 113538 b",13.20000000,114.41000000,663.20000000000,140.67,4462.00,0.530000,0.585000
"Kepler-112 b",2.36000000,6.17000000,8.40887800000,809.00,5544.00,0.841000,0.782000
"HD 114386 b",13.60000000,464.02947422,937.70001000000,154.56,4836.00,0.760000,0.600000
"HD 136418 b",13.30000000,680.15620000,464.29999000000,411.81,4989.00,3.780000,1.480000
"GJ 676 A b",12.80000000,1840.86213334,1051.44521000000,113.55,3734.00,0.690000,0.626000
"HAT-P-31 b",12.21781000,721.47410000,5.00542000000,1450.00,6065.00,1.390000,1.310000
"HD 11506 b",12.90000000,1551.00262616,1617.70000000000,193.57,6123.00,1.240000,1.220000
"HD 11506 c",14.00000000,127.13136280,223.92000000000,374.44,6123.00,1.240000,1.220000
"GJ 581 e",1.38000000,2.48000000,3.14810000000,554.37,3500.00,0.302000,0.295000
"HAT-P-35 b",14.93038800,335.62848000,3.64670600000,1581.00,6096.00,1.435000,1.236000
"HD 116029 b",13.60000000,444.96200000,670.00000000000,400.04,4819.00,4.890000,0.830000
"HD 142245 b",13.10000000,975.73810000,1299.00000000000,306.30,4922.00,4.630000,3.500000
"GJ 876 b",13.30000000,723.22350000,61.11660000000,190.60,3293.74,0.300000,0.320000
"HD 118203 b",12.77823800,680.15279098,6.13497790000,1361.00,5742.00,2.040000,1.270000
"HD 142 b",12.70000000,2256.58168970,351.43394000000,358.19,6245.00,1.470000,1.210000
"GJ 876 d",2.51000000,6.83000000,1.93778000000,603.09,3293.74,0.300000,0.320000
"HD 125595 b",,3531.07360177,9.67370000000,687.97,4691.00,0.740000,0.290000
"GQ Lup b",33.60000000,6356.00000000,,2650.00,4360.00,1.941530,0.700000
"GJ 876 e",3.92000000,14.60000000,124.26000000000,150.46,3293.74,0.300000,0.320000
"HD 100655 b",13.50000000,511.70630000,157.57001000000,907.14,4891.00,10.060000,2.280000
"Kepler-744 b",1.62000000,3.26000000,12.06222443000,750.00,5594.00,0.930000,0.940000
"HD 10180 f",5.24000000,23.90000000,122.74400000000,427.54,5911.00,1.109000,1.060000
"HD 126614 b",12.70000000,107.74382997,1257.25303000000,209.54,5568.00,1.369794,0.960000
"HD 10180 g",,3375.33768234,604.67000000000,251.27,5911.00,1.109000,1.060000
"HD 12661 b",13.30000000,772.32690000,262.70862000000,325.35,5645.00,1.200000,1.200000
"HAT-P-15 b",11.88154000,616.59020000,10.86350000000,904.00,5568.00,1.070000,1.000000
"HAT-P-16 b",14.68376472,1341.56043000,2.77596727000,1566.00,6140.00,1.158000,1.218000
"Kepler-764 b",1.64000000,3.33000000,7.33683936000,875.00,5557.00,0.890000,0.920000
"Kepler-123 b",2.94000000,55.30000000,17.23236600000,817.00,6089.00,1.264000,1.079000
"HD 104985 b",12.80000000,1766.80811451,199.68000000000,901.01,4738.00,11.120000,1.220000
"HD 104067 b",9.20000000,62.10000000,55.85100000000,407.83,4952.00,0.780000,0.820000
"HD 13189 b",12.40000000,3480.23850000,471.60001000000,1115.98,4175.00,38.410000,2.240000
"HD 106252 b",12.50000000,3178.28407000,1535.00000000000,178.13,5874.00,1.050000,1.050000
"HD 132406 b",12.80000000,1887.90073758,908.00000000000,228.73,5766.00,1.340000,0.973000
"HD 108874 c",13.80000000,314.64000000,1624.00000000000,168.21,5551.00,1.050000,0.950000
"HD 10647 b",13.80000000,298.75000000,989.20000000000,221.54,6218.00,1.100000,1.110000
"HD 134060 b",3.16000000,10.10000000,3.26960000000,1473.18,5966.00,1.164285,1.095000
"HAT-P-21 b",12.44199000,1547.83210000,4.12448000000,1367.00,5588.00,1.210000,1.240000
"HD 215152 b",,565.41673605,5.75999000000,846.89,4935.00,0.730000,0.770000
"HD 37124 c",14.10000000,207.22516000,885.50000000000,204.73,5698.64,0.949168,0.850000
"HD 159868 b",13.30000000,704.94694000,1184.10000000000,255.69,5534.00,2.130000,1.190000
"HD 187085 b",13.90000000,265.70588000,1019.74000000000,229.38,6117.00,1.270000,1.189000
"HD 216437 b",13.00000000,1334.87930940,1359.00000000000,209.85,5909.00,1.394000,1.220000
"HD 187123 c",13.20000000,912.16752809,3810.00000000000,135.42,5790.00,1.150430,1.040000
"HD 216770 b",14.10000000,181.16310000,118.45000000000,370.18,5399.00,0.930000,0.740000
"HD 18742 b",13.10000000,1080.62200000,766.00000000000,399.93,4940.00,5.130000,1.360000
"HD 21693 c",4.34000000,17.37000000,53.73570000000,492.36,5430.00,0.914378,0.800000
"HD 162020 b",12.50000000,3127.44720000,8.42820000000,650.00,4723.00,0.750000,0.420000
"HD 190647 b",13.40000000,630.89255000,1176.45000000000,214.19,5656.00,1.376000,1.069000
"HD 190984 b",13.00000000,1137.82569706,4885.00000000000,152.29,5988.00,1.530000,0.910000
"HD 192263 b",14.20000000,177.98480000,24.35560000000,486.00,4976.00,0.740000,0.660000
"HD 217786 b",12.30000000,4402.55909376,1301.36009000000,207.30,5966.00,1.270000,1.140000
"HD 217107 c",12.90000000,1388.91013859,5138.70000000000,123.27,5622.00,1.224500,1.045000
"HD 41004 B b",12.10000000,5838.29000000,1.32830000000,,5036.00,1.041370,0.400000
"HD 163607 c",13.30000000,699.54383000,1272.00000000000,228.50,5522.00,1.760000,1.120000
"HD 192310 c",5.25000000,24.00000000,525.80000000000,185.00,5166.00,0.857922,0.800000
"HD 4208 b",13.90000000,257.44230000,832.97000000000,196.68,5717.00,0.846000,0.883000
"HD 164922 b",13.30000000,116.00000000,1207.00000000000,159.40,5390.00,0.946000,0.926000
"HD 197037 b",13.90000000,251.00000000,1035.70000000000,216.67,6150.00,1.105000,1.110000
"HD 4308 b",4.12000000,15.89150000,15.56000000000,799.37,5686.00,1.020000,0.930000
"Kepler-272 c",1.79000000,97.80000000,6.05734200000,947.00,5297.00,0.929000,0.910000
"HD 4313 b",13.40000000,612.45841000,356.21000000000,502.39,4943.00,5.140000,1.630000
"HD 168746 b",11.10000000,85.81410000,6.40400000000,900.00,5570.00,1.090000,1.070000
"HD 148156 b",13.90000000,270.14400000,1027.00000000000,213.76,6308.00,1.210000,1.220000
"HD 17092 b",12.50000000,3219.61790000,359.89999000000,671.64,4326.00,13.580000,6.730000
"HD 27894 b",14.10000000,196.73578393,18.01939000000,627.88,4875.00,0.891767,0.810000
"HD 28254 b",13.00000000,1207.74794660,1333.00000000000,212.28,5664.00,1.480000,1.100000
"HD 148427 b",13.70000000,381.39408840,331.90000000000,451.86,5025.00,3.860000,1.640000
"HD 171028 b",13.20000000,832.71460000,550.00000000000,374.07,5671.00,2.470000,1.530000
"HD 204313 c",4.31000000,17.16273398,34.95875000000,634.95,5767.00,1.100000,1.030000
"HD 30177 b",12.60000000,2622.08435775,2539.00000000000,148.00,5680.00,1.019000,0.980000
"HD 290327 b",13.30000000,772.32690000,2443.00000000000,139.70,5505.00,0.950000,0.840000
"HD 152581 b",13.40000000,594.02427000,686.50000000000,426.55,5027.00,5.140000,1.300000
"HD 177830 b",13.50000000,537.13270000,410.10001000000,399.64,4901.00,3.260000,1.700000
"HD 20794 b",1.45000000,2.70000000,18.31400000000,660.00,5368.00,0.930000,0.790000
"HD 31253 b",14.10000000,197.05460000,466.00000000000,348.36,6130.00,1.750000,1.700000
"HD 178911 B b",12.60000000,2552.17490000,71.48400000000,480.24,5588.00,1.080000,1.240000
"HD 155358 b",13.80000000,314.65170000,194.30000000000,421.43,5905.00,1.380000,1.150000
"HD 154857 b",13.30000000,778.68350000,408.60001000000,359.86,5589.00,2.300000,1.960000
"HD 155358 c",13.90000000,261.00000000,391.90000000000,330.92,5900.00,1.380000,0.920000
"HD 210702 b",13.60000000,481.51003660,355.50000000000,485.86,4912.00,4.540000,1.330000
"HD 3651 b",10.10000000,72.46524000,62.25000000000,432.84,5221.00,0.871954,0.799000
"HD 156668 b",1.87000000,4.15000000,4.64550000000,887.48,4850.00,0.720000,0.772000
"HD 156411 b",14.00000000,235.18000000,842.20000000000,304.95,5900.00,2.160000,1.250000
"HD 183263 b",13.10000000,1103.18240070,624.87404000000,263.26,5948.00,1.230000,1.060000
"HD 63454 b",12.31000000,79.45750000,2.81805000000,1018.06,4812.00,0.770000,0.420000
"HD 89307 b",13.40000000,642.01338214,2166.00000000000,166.55,5955.00,1.100000,1.270000
"rho CrB b",13.70000000,347.99500000,39.84900000000,614.00,5817.00,1.361700,1.000000
"HD 66428 b",12.40000000,3478.94974302,2269.81726000000,159.02,5716.00,1.130000,1.010000
"HD 93083 b",14.30000000,143.34061156,144.72000000000,311.57,5033.80,0.837000,0.836000
"HD 69830 b",3.17000000,10.20000000,8.66700000000,872.84,5385.00,0.886947,0.860000
"TrES-3 b",14.97500000,607.03000000,1.30618581000,1638.00,5650.00,0.829000,0.928000
"WASP-50 b",13.06969400,466.82870400,1.95510000000,1394.84,5400.00,0.843000,0.892000
"HD 69830 d",4.45000000,18.10000000,197.00000000000,308.10,5385.00,0.886947,0.860000
"HD 96127 b",13.00000000,1207.74794660,638.90000000000,947.29,3943.00,35.000000,0.910000
"HD 70573 b",12.80000000,1900.00000000,851.80000000000,206.11,5737.00,0.976919,1.000000
"HD 97658 b",2.12000000,8.30000000,9.48971160000,751.00,5212.00,0.728000,0.850000
"V0391 Peg b",13.10000000,1017.05600000,1170.00000000000,519.69,29300.00,0.230000,0.500000
"WASP-8 b",12.66617000,807.28820000,8.15872000000,1059.00,5600.00,1.030000,1.340000
"WASP-10 b",12.10600000,1001.12000000,3.09276160000,1370.00,4675.00,0.698000,0.750000
"XO-2 N b",11.13053700,199.91507000,2.61585906000,1328.00,5290.00,0.998000,0.960000
"HD 74156 b",13.50000000,532.36258173,51.63564000000,679.63,6068.00,1.510576,1.100000
"HD 99706 b",13.70000000,390.93090000,841.00000000000,391.46,4862.00,5.520000,1.460000
"HIP 12961 b",13.20000000,114.41880000,57.43500000000,303.32,3901.00,0.650000,0.690000
"HD 45184 b",3.52000000,12.19000000,5.88540000000,1156.34,5869.00,1.075139,1.030000
"WASP-16 b",13.67498000,394.10920000,3.11860000000,1389.00,5700.00,1.140000,1.780000
"HD 45364 b",9.03000000,60.16491745,225.79000000000,301.69,5466.00,0.890000,0.820000
"HD 75898 b",13.20000000,810.46243785,422.82000000000,335.16,6122.00,1.550000,1.295000
"HD 7924 b",,2058.25676373,5.39792000000,825.90,5131.00,0.780000,0.650000
"Kepler-746 b",1.11000000,1.41000000,3.48159251000,1156.00,5418.00,0.930000,0.910000
"HD 79498 b",13.60000000,425.89220000,1807.00000000000,164.53,5748.00,1.050000,1.080000
"HD 48265 b",12.60000000,2351.93021180,778.51000000000,283.00,5733.00,1.901000,1.312000
"HD 49674 b",6.20000000,31.78300000,4.94737000000,1113.78,5602.00,1.020000,1.030000
"HIP 57274 c",14.20000000,130.00000000,32.03000000000,437.32,4640.00,0.680000,0.730000
"HD 52265 b",13.70000000,384.57430000,119.27000000000,405.00,6136.00,1.320000,1.204000
"HR 8799 e",13.11453000,3178.30000000,20815.60000000000,1150.00,7400.00,1.493380,1.510000
"HD 5891 b",12.60000000,2425.04290000,177.11000000000,918.78,4673.00,10.640000,1.930000
"HD 85390 b",6.16000000,31.46517000,799.52000000000,190.89,5186.00,0.800000,0.758000
"xi Aql b",13.40000000,616.90493799,136.97000000000,973.07,4841.00,10.860000,1.740000
"WASP-35 b",14.57170000,225.65930000,3.16158000000,1338.29,5990.00,1.080000,1.050000
"TOI-1408 b",25.00000000,593.00000000,4.42587000000,1293.00,6117.00,1.530000,1.312000
"TOI-2524 b",11.20898070,203.41018048,7.18585000000,1100.00,5831.00,1.119000,1.007000
"HD 219415 b",13.80000000,317.83000000,2093.30000000000,221.26,4820.00,2.900000,1.000000
"WD 0806-661 b",12.10569916,2224.79884900,,357.00,10393.00,,0.605000
"WASP-99 b",11.43318000,772.32690000,5.75251000000,1480.00,6150.00,1.640000,1.210000
"HD 32963 b",13.40000000,657.90480249,2372.00000000000,157.63,5727.00,1.111044,0.940000
"K2-133 b",1.34000000,2.36000000,3.07133000000,665.21,3655.00,0.455000,0.461000
"HATS-53 b",15.02006000,189.10885000,3.85377680000,1312.00,5644.00,1.101000,0.964000
"Kepler-286 b",1.24000000,2.07000000,1.79630200000,1367.00,5580.00,0.863000,0.830000
"TOI-283 b",2.34000000,6.54000000,17.61745000000,661.00,5213.00,0.850000,0.800000
"TOI-286 c",1.88000000,3.72000000,39.36182600000,475.00,5152.00,0.780000,0.832000
"Kepler-69 b",2.24000000,5.65000000,13.72234100000,779.00,5638.00,0.930000,0.810000
"TOI-2525 b",8.67575106,26.69758619,23.28560000000,512.97,5096.00,0.785000,0.849000
"HD 169830 b",13.20000000,804.42369812,225.67372000000,345.00,6300.00,1.935709,1.170000
"HD 192699 b",13.40000000,666.17168000,340.94000000000,495.11,5041.00,4.410000,1.380000
"Pr0211 b",13.40000000,597.52040000,2.14610000000,1304.13,5300.00,0.827000,0.935000
"HATS-3 b",15.48000000,340.38200000,3.54785100000,1648.00,6351.00,1.404000,1.209000
"HD 33844 c",13.50000000,556.20250000,916.00000000000,360.22,4861.00,5.290000,1.780000
"HATS-29 b",14.02245900,207.54299000,4.60587490000,1212.00,5670.00,1.073000,1.032000
"K2-138 b",1.51000000,3.10000000,2.35309000000,1157.00,5356.30,0.863000,0.935000
"gam Lib c",12.80000000,1662.56039702,966.49000000000,543.71,4879.00,12.380000,1.780000
"TOI-406.01",2.08000000,6.57000000,13.17568200000,368.00,3392.00,0.410000,0.408000
"Kepler-282 d",2.46000000,61.00000000,24.80600000000,588.00,5656.00,0.890000,0.970000
"TOI-663 b",2.27000000,4.45000000,2.59890200000,674.00,3681.00,0.512000,0.514000
"Kepler-283 b",2.13000000,5.18000000,11.00815100000,488.00,4351.00,0.566000,0.596000
"HD 195019 b",13.00000000,1264.96340000,18.20132000000,901.66,5751.00,1.480000,1.210000
"BD-06 1339 c",8.38000000,53.00000000,125.94000000000,261.91,4324.00,0.686355,0.700000
"CoRoT-25 b",12.11000000,85.81000000,4.86069000000,1330.00,6040.00,1.190000,1.090000
"HD 564 b",12.50000000,104.88000000,492.30000000000,261.10,5902.00,1.010000,0.961000
"HATS-45 b",14.41477400,222.48100000,4.18762440000,1518.00,6450.00,1.315000,1.272000
"Kepler-421 b",4.16000000,16.10000000,704.19840000000,185.00,5308.00,0.757000,0.794000
"TOI-663 d",1.92000000,5.20000000,7.10272680000,482.00,3681.00,0.512000,0.514000
"TOI-1443 b",2.30381001,30.00000000,23.54067800000,520.66,5224.00,0.751100,0.766300
"HAT-P-41 b",22.97845000,378.21770000,2.69405000000,1941.00,6390.00,2.050000,2.560000
"HD 5608 b",13.70000000,371.22357938,768.70000000000,403.72,4807.00,5.430000,1.290000
"HD 13908 b",13.90000000,274.91000000,19.38200000000,993.25,6255.00,1.670000,1.290000
"HD 108341 b",13.30000000,715.11391575,1129.00000000000,155.23,5122.00,0.790000,0.843000
"KELT-12 b",19.95202000,301.93850000,5.03162300000,1800.00,6279.00,2.370000,1.591000
"HD 34445 f",6.88000000,37.90000000,676.80000000000,266.14,5836.00,1.380000,1.070000
"HD 34445 e",4.26000000,16.80000000,49.17500000000,637.76,5836.00,1.380000,1.070000
"KELT-19 A b",21.40919000,1293.56810000,4.61170930000,1935.00,7500.00,1.830000,1.620000
"KOI-1257 b",10.54000000,460.83000000,86.64766100000,511.00,5520.00,1.130000,0.990000
"TOI-1226 b",2.41011120,6.39000000,3.92880881576,1123.44,5434.91,0.986943,1.010000
"K2-219 d",2.57634456,7.16000000,11.13727800000,,5753.00,1.189232,1.021545
"HD 216435 b",13.70000000,400.40000000,1311.00000000000,242.57,5999.00,1.800029,1.300000
"HD 23079 b",13.20000000,845.42356262,735.74000000000,237.47,5994.00,1.080000,1.160000
"BD+49 828 b",13.50000000,508.50000000,2590.00000000000,320.63,4943.00,7.600000,1.520000
"HD 20794 e",2.03000000,4.77000000,147.02000000000,352.04,5401.00,0.930000,0.813000
"K2-239 b",1.10000000,1.37000000,5.24000000000,502.00,3420.00,0.360000,0.400000
"TOI-880.02",2.19000000,5.43000000,2.57571000000,1085.00,5050.00,0.830000,0.870000
"TOI-1232 b",10.92875618,220.57291446,14.25600000000,785.71,5823.00,1.072000,1.058000
"WASP-71 b",13.22662000,441.78370000,2.90367000000,2016.10,6050.00,1.820000,0.760000
"HD 159243 c",13.40000000,603.90000000,248.40000000000,349.35,6123.00,1.120000,1.125000
"HIP 91258 b",13.70000000,346.43470000,5.05050000000,1024.97,5519.00,0.890000,0.970000
"HIP 109384 b",13.50000000,495.81480000,499.48000000000,213.83,5180.00,0.831075,0.780000
"HD 27894 c",8.24000000,51.48846000,36.07000000000,498.89,4875.00,0.891767,0.800000
"K2-239 d",1.10000000,1.37000000,10.11500000000,399.00,3420.00,0.360000,0.400000
"Kepler-778 b",1.68000000,3.46000000,3.75574426000,977.00,5102.00,0.770000,0.810000
"TOI-1244 b",2.46700000,6.60000000,6.40031648300,714.86,4599.00,0.721000,0.730000
"TOI-1466 b",2.46741991,6.65000000,1.87190602231,1001.00,4435.39,0.749646,0.660000
"K2-157 b",0.93500000,1.14000000,0.36525750000,2432.00,5334.00,0.860000,0.890000
"HD 33564 b",12.50000000,2892.10000000,388.00000000000,344.43,6250.00,1.436700,1.250000
"WASP-55 b",14.72860064,186.24744650,4.46563100000,1342.00,6096.00,1.090000,1.071000
"ROXs 12 b",12.20000000,5085.00000000,,13.23,3850.00,1.066270,0.870000
"bet UMi b",12.70000000,1938.70000000,522.30000000000,1040.63,4126.00,38.300000,1.400000
"HD 216536 b",13.80000000,333.72150000,148.60001000000,897.99,4639.00,9.830000,0.810000
"HIP 65407 b",14.30000000,136.03124000,28.12500000000,610.68,5460.00,0.952252,0.930000
"HD 12484 b",13.20000000,947.13340000,58.83000000000,524.30,5920.00,1.001848,1.010000
"NGTS-1 b",14.90797000,258.07796000,2.64729800000,790.00,3916.00,0.573000,0.617000
"K2-148 b",1.33000000,2.33000000,4.38395000000,733.87,4079.00,0.632000,0.650000
"K2-158 b",2.64000000,7.46000000,10.06049000000,794.00,5503.00,0.950000,0.920000
"HD 86081 b",13.60000000,470.38840000,2.13784310000,1860.31,5939.00,1.460000,1.210000
"HD 45652 b",14.30000000,137.62039000,44.07300000000,508.40,5294.00,0.940000,0.920000
"WASP-62 b",14.79588000,165.27160000,4.41195000000,1475.30,6230.00,1.230000,1.110000
"Kepler-419 c",12.60000000,2320.10000000,675.47000000000,315.55,6430.00,1.740000,1.390000
"HIP 65426 b",16.81350000,2860.47000000,,1500.00,8840.00,1.770000,1.960000
"K2-148 d",1.64000000,3.33000000,9.75790000000,562.05,4079.00,0.632000,0.650000
"GJ 1265 b",2.63000000,7.40000000,3.65110000000,424.04,3236.00,0.192000,0.178000
"HD 6061 b",2.42763557,10.00000000,5.25490000000,1075.31,5934.00,1.007200,1.026900
"FU Tau b",12.20000000,5085.28000000,,2375.00,2838.00,,0.050000
"Kepler-19 c",3.68000000,13.10000000,28.73100000000,589.64,5544.00,0.859000,0.936000
"Kepler-25 d",10.00000000,71.90000000,122.40000000000,544.68,6354.00,1.316000,1.165000
"HIP 8541 b",12.60000000,2451.72833160,1852.14387000000,305.12,4672.00,6.840000,2.009000
"K2-113 b",12.14000000,410.00070000,5.81768500000,1098.00,5660.00,1.240000,1.040000
"K2-152 b",2.29000000,5.86000000,32.64790000000,337.00,4044.00,0.610000,0.630000
"K2-243 c",2.01000000,4.70000000,24.94598000000,801.00,6570.00,1.390000,1.290000
"HD 13167 b",13.10000000,1052.01730000,2613.00000000000,208.79,5671.00,2.390000,1.350000
"TOI-929 b",2.68983343,7.70000000,5.83015366944,774.00,4457.16,0.717414,0.700000
"K2-162 b",1.44000000,2.67000000,9.45889000000,631.00,4842.00,0.690000,0.750000
"K2-161 b",6.11721229,31.10000000,9.28318800000,,4972.00,2.568173,0.986876
"KELT-3 b",17.48604000,616.59020000,2.70339000000,1816.00,6304.00,1.700000,1.960000
"Kepler-97 c",,344.00000000,789.00000000000,,5779.00,0.980000,0.940000
"KELT-14 b",19.53728700,408.09372000,1.71005660000,1970.00,5720.00,1.520000,1.239000
"tau Cet h",1.19000000,1.83000000,49.41000000000,473.22,5310.00,0.830000,0.783000
"K2-154 c",2.07000000,4.94000000,7.95486000000,552.00,4097.00,0.630000,0.650000
"K2-246 b",3.49000000,12.00000000,5.76918000000,977.00,5610.00,0.940000,0.870000
"TOI-969 b",2.76500000,9.10000000,1.82373050000,941.00,4435.00,0.671000,0.734000
"TOI-1291 b",5.63826391,27.10000000,7.16200975510,1649.00,6139.95,1.810900,1.200000
"HD 220689 b",13.70000000,381.39408840,2266.40000000000,160.11,5921.00,1.068000,1.016000
"GJ 163 b",3.25000000,10.60000000,8.63182000000,438.49,3500.00,0.409738,0.400000
"WASP-104 b",12.74500000,404.26300000,1.75541370000,1516.00,5475.00,0.963000,1.076000
"HAT-P-53 b",14.77346200,471.65972000,1.96162410000,1778.00,5956.00,1.209000,1.093000
"HD 111591 b",12.90000000,1398.45200000,1056.40000000000,422.08,4884.00,8.030000,1.940000
"K2-155 b",1.80000000,3.89000000,6.34200000000,708.00,4258.00,0.580000,0.650000
"HD 180053 b",13.30000000,697.31902000,213.72000000000,542.98,5131.00,4.060000,1.750000
"TOI-1669 c",2.29639770,13.00000000,2.68005350000,1285.16,5497.00,1.056100,0.986700
"K2-165 d",2.64809498,7.50000000,14.10136100000,629.38,5185.00,0.803827,0.834847
"DENIS-P J082303.1-491201 b",11.90000000,9057.77000000,246.36000000000,,,,0.075000
"NGC 2682 YBP 1514 b",14.00000000,127.13200000,5.11800000000,,5725.00,0.890000,0.960000
"HD 14067 b",12.20000000,4862.77462710,2744.00000000000,360.28,4815.00,12.400000,2.400000
"K2-30 b",11.64615100,184.02357000,4.09850300000,1092.00,5425.00,0.844000,0.900000
"YZ Cet d",1.03000000,1.09000000,4.65626000000,356.70,3151.00,0.157000,0.142000
"Kepler-90 i",1.32000000,2.30000000,14.44912000000,709.00,6015.00,1.290000,1.120000
"HD 75784 c",12.80000000,1792.56120000,7900.00000000000,149.31,4867.00,3.400000,1.260000
"WASP-56 b",10.53646000,143.02350000,4.61710000000,1216.00,5600.00,0.960000,0.710000
"GJ 667 C g",1.99000000,4.60000000,256.20000000000,,3350.00,,0.330000
"WASP-135 b",14.57170000,603.87700000,1.40137940000,1403.66,5675.00,0.960000,0.980000
"CoRoT-32 b",6.38913000,47.67450000,6.71837000000,938.00,5970.00,0.790000,1.080000
"TOI-1054.01",2.43432000,6.50000000,15.50778550000,853.00,6122.00,1.170000,1.140000
"Kepler-504 b",1.59000000,3.15000000,9.54927542200,374.00,3519.00,0.330000,0.330000
"TOI-1694 b",5.27000000,28.24000000,3.77013890000,1037.00,5005.00,0.812000,0.828000
"TOI-1691 b",3.66000000,14.60000000,16.73688893500,703.49,5759.00,1.000000,1.030000
"K2-221 b",1.67890272,3.46000000,2.39909400000,,5716.00,0.947599,1.010842
"GJ 504 b",12.10569916,1271.30000000,,510.00,6234.00,1.260000,1.220000
"WASP-68 b",14.79588000,343.25640000,5.08430000000,1490.00,5910.00,1.790000,1.490000
"psi1 Dra B b",13.50000000,486.27990000,3117.00000000000,159.48,6212.00,1.255735,1.190000
"K2-118 b",2.54000000,6.99000000,50.92092000000,394.64,4726.29,0.734626,0.756446
"GJ 3942 b",2.57000000,7.14000000,6.90500000000,590.00,3867.00,0.610000,0.630000
"Kepler-1654 b",9.18017100,158.91500000,1047.83560000000,206.00,5597.00,1.179000,1.011000
"TOI-1695 b",1.90000000,6.36000000,3.13427910000,698.00,3690.00,0.515000,0.513000
"Kepler-750 b",3.07000000,9.64000000,9.42887179000,1163.00,6160.00,1.230000,1.150000
"WASP-78 b",21.63337000,352.79130000,2.17518000000,2469.70,6100.00,2.460000,1.870000
"HD 66141 b",12.80000000,1906.90000000,480.50000000000,880.31,4323.00,21.400000,1.100000
"HD 203030 b",14.45958510,3496.11247700,,1040.00,5603.00,0.856458,0.940000
"WASP-88 b",16.36514000,133.48860000,4.95400000000,1772.00,6430.00,1.800000,0.940000
"KIC 10001893 c",,,0.32528000000,,27500.00,0.180000,0.470000
"Wolf 1061 d",2.69000000,7.70000000,217.21000000000,130.24,3342.00,0.307000,0.294000
"K2-130 b",1.25000000,2.10000000,2.49412000000,1013.11,4356.47,0.744261,0.695630
"K2-129 b",1.04000000,1.12000000,8.23949300000,419.19,3459.09,0.360010,0.360031
"HD 147379 b",4.94000000,21.60000000,86.58000000000,276.66,4090.00,0.628304,0.580000
"HATS-42 b",15.69260000,597.52040000,2.29210200000,1856.00,6060.00,1.480000,1.273000
"WASP-144 b",9.52765000,139.84520000,2.27831520000,1260.00,5200.00,0.810000,0.810000
"TOI-128.01",2.21898000,5.56000000,4.94046810000,1344.51,6086.00,1.130000,0.851969
"HD 83443 c",13.60000000,476.74261050,8241.00000000000,89.95,5442.00,0.940000,1.000000
"TOI-1347 c",1.60000000,6.40000000,4.84196200000,1000.00,5464.00,0.830000,0.913000
"HD 108147 b",10.90000000,82.95000000,10.89850000000,890.00,6255.73,1.206640,1.220000
"CHXR 73 b",12.30000000,3994.48600000,,,3099.00,,0.350000
"KIC 8540376 b",4.10000000,15.80000000,31.80990000000,,6474.00,1.260000,1.040000
"HATS-51 b",15.80469000,244.09344000,3.34887020000,1553.00,5758.00,1.440000,1.187000
"K2-233 b",1.31500000,2.40000000,2.46758300000,1127.00,4796.00,0.710000,0.790000
"Kepler-814 b",2.12000000,5.14000000,6.14698510000,1164.00,6162.00,1.220000,1.150000
"TOI-209 b",2.39472090,6.32000000,4.37943587445,845.78,4806.66,0.742779,0.810000
"HD 18599 b",2.60000000,24.10000000,4.13743540000,863.00,5145.00,0.767000,0.863000
"Kepler-127 c",2.66000000,7.56000000,29.39319500000,698.00,6106.00,1.359000,1.248000
"HIP 55507 b",12.60000000,2585.53409095,5138.43727000000,76.05,4171.00,0.723643,0.650000
"NGC 2682 Sand 1429 b",13.40000000,572.09113260,77.48000000000,683.00,6000.00,2.130000,1.260000
"Kepler-955 b",3.13000000,9.96000000,14.53244172000,664.00,5350.00,0.840000,0.890000
"Kepler-962 b",1.97000000,4.54000000,12.05707239000,689.00,5478.00,0.860000,0.930000
"TOI-5678 b",4.91000000,20.00000000,47.73022000000,513.00,5485.00,0.938000,0.905000
"HD 155918 c",12.80000000,1878.04805696,17202.19446000000,77.38,5771.84,1.019060,1.030000
"TOI-6034 b",11.92000000,254.00000000,2.57618400000,714.00,3635.00,0.489000,0.514000
"HD 101581 b",0.95600000,0.82700000,4.46569000000,834.00,4675.00,0.630000,0.653000
"Kepler-922 b",1.42000000,2.60000000,0.93846683200,1876.00,5671.00,0.930000,0.950000
"Barnard c",0.74300000,0.33500000,4.12440000000,400.00,3195.00,0.185000,0.162000
"TIC 32032563 b",3.47739942,11.90000000,13.83460487791,,5567.93,1.001880,1.050000
"Kepler-911 b",2.60000000,7.27000000,20.31050100000,931.00,6112.00,1.990000,1.340000
"HD 16905 b",12.40000000,3591.46099910,10256.00000000000,69.63,4866.12,0.774940,0.850000
"HD 184010 b",12.10000000,98.52680617,286.60000000000,545.04,4971.00,4.860000,1.350000
"TOI-6041 b",4.55000000,28.90000000,26.04945000000,605.60,5445.00,0.879000,0.885000
"TOI-6281 b",1.92416074,4.36000000,1.05426244177,2240.00,4533.23,0.874219,0.650000
"TOI-4600 c",9.42000000,2946.26933289,482.81910000000,191.00,5170.00,0.810000,0.890000
"Luhman 16 b",11.90000000,9344.15516580,9697.00000000000,,,,0.033800
"Barnard b",0.72000000,0.29900000,3.15420000000,438.00,3195.00,0.185000,0.162000
"Barnard e",0.63700000,0.19300000,6.73920000000,340.00,3195.00,0.185000,0.162000
"HD 224018 c",2.42000000,10.40000000,36.57669000000,641.00,5784.00,1.147000,1.013000
"TIC 38825265 b",2.18869476,5.43000000,3.31336980985,,4375.52,0.664503,0.640000
"Kepler-1012 b",1.29000000,2.21000000,5.50860439000,934.00,5556.00,0.910000,0.950000
"Kepler-1754 b",2.43996509,6.53000000,8.19594955400,672.00,4723.00,0.747000,0.734000
"LHS 1678 d",0.98100000,0.90700000,4.96522290000,462.95,3490.00,0.329000,0.345000
"HD 18143 c",12.50000000,3177.64841319,28982.41764000000,54.55,5078.00,0.870000,0.850000
"Kepler-935 b",1.35000000,2.39000000,4.88083852000,879.00,4830.00,0.730000,0.780000
"Kepler-879 c",0.40000000,0.03640000,0.64671600000,,5456.75,1.022000,0.974000
"ZTF J1230-2655 b",13.78704626,7024.00779470,0.23597766000,2949.65,10000.00,0.012300,0.646000
"TIC 270471727 b",2.75029559,8.00000000,10.45623256647,1147.10,5271.39,0.997091,0.900000
"TIC 65612701 b",5.07802804,22.70000000,10.22467974953,,5692.29,1.737090,1.060000
"Kepler-1014 b",2.39000000,6.30000000,16.57110363000,614.00,5388.00,0.840000,0.880000
"Kepler-1044 b",2.67000000,7.61000000,6.77408868000,1058.00,5985.00,1.110000,1.080000
"Kepler-66 b",2.80000000,8.25000000,17.81581500000,699.00,5962.00,0.966000,1.038000
"Kepler-857 b",6.80000000,37.20000000,85.35129427000,390.00,5773.00,0.990000,0.990000
"TOI-6080 b",3.32424168,11.00000000,8.05562348084,919.33,5775.46,1.062210,1.010000
"Wolf 1069 b",1.08000000,1.26000000,15.56400000000,250.10,3158.00,0.181300,0.167000
"TOI-6330 b",10.89000000,3179.00000000,6.85002460000,495.00,3539.00,0.490000,0.531000
"ITG 15 b",12.10000000,6674.39654700,,2601.00,,,
"WISPIT 2 b",17.93436912,1541.46777395,,33.46,4400.00,1.418000,1.080000
"NGTS-38 b",12.11690814,1516.04150139,180.52797000000,457.00,6310.00,1.880000,1.460000
"TOI-5210 b",10.72699453,81.99972901,4.56610610000,1286.00,5723.00,1.209000,1.105000
"TOI-5726.01",2.55400000,7.05000000,5.49112521500,1093.03,5874.00,1.106000,1.060000
"HD 194490 b",12.40000000,3561.90295725,13092.18348000000,90.87,5861.32,1.149110,1.060000
"HD 190228 b",12.90000000,1598.67688721,1143.59858000000,267.99,5360.00,2.586580,1.415000
"HD 206893 b",14.01122587,6197.65393650,11100.00000000000,1429.20,6500.00,1.311160,1.310000
"HD 112570 b",13.10000000,1086.97315194,2615.00000000000,364.01,4750.00,9.850000,1.150000
"HD 154391 b",12.50000000,2892.23850370,5163.00000000000,253.57,4909.00,8.560000,2.070000
"G 196-3 b",12.00000000,8263.53858200,,1670.00,3517.00,0.522432,0.519782
"Kepler-1026 b",2.21000000,5.52000000,36.51560530000,425.00,4948.00,0.750000,0.790000
"G 261-6 b",1.10000000,1.37000000,5.45360000000,322.30,2907.00,0.153162,0.118000
"TOI-5789 d",1.91000000,4.29000000,29.65000000000,545.00,5185.00,0.833000,0.821000
"TOI-5789 b",1.26000000,2.12000000,2.76369000000,1201.00,5185.00,0.833000,0.821000
"TIC 142589416 b",2.67899519,7.65000000,2.09518466313,,4396.27,0.713832,0.641000
"NGTS-39 b",12.19537100,466.25427307,58.20472000000,519.00,6053.00,1.160000,1.160000
"Gliese 48 b",2.77000000,8.11000000,39.62990000000,271.00,3450.00,0.463000,0.470000
"Kepler-993 b",2.97000000,9.11000000,22.08557563000,352.00,3843.00,0.540000,0.570000
"Kepler-80 d",1.53000000,6.75000000,3.07222000000,722.00,4540.00,0.678000,0.730000
"K2-411 b",0.98980000,0.93700000,3.21410000000,1428.52,5711.00,1.375000,1.018000
"HD 169142 b",13.10000000,953.48522100,,71.02,7246.00,1.537020,1.850000
"TOI-6383 A b",11.29000000,331.00000000,1.79058695000,745.00,3444.00,0.457000,0.458000
"TIC 139270665 b",7.22979255,147.15455244,23.62400000000,703.00,5844.00,1.016000,1.035000
"TOI-7149 b",13.20000000,224.00000000,2.65206166000,593.00,3363.00,0.351000,0.344000
"Kepler-348 b",1.52000000,2.92000000,7.05677000000,1196.00,6177.00,1.359000,1.189000
"TOI-5789 e",3.43000000,11.61000000,62.98000000000,424.00,5185.00,0.833000,0.821000
"TIC 154870955 b",3.09467466,9.77000000,7.96987471280,,4739.58,0.724328,0.828000
"Kepler-332 b",1.17000000,1.71000000,7.62632400000,703.00,4955.00,0.720000,0.743000
"TOI-5238 b",5.22000000,23.70000000,4.87217100000,1042.00,5631.00,1.022830,1.000000
"Kepler-914 b",1.38000000,2.48000000,4.40966548000,1192.00,5877.00,1.150000,1.100000
"K2-413 c",1.23270000,2.05000000,5.33010000000,804.55,4116.00,0.700000,0.808000
"TOI-6086 b",1.18000000,1.76000000,1.38887250000,634.00,3200.00,0.259000,0.254000
"Kepler-314 c",2.90000000,8.75000000,5.96039200000,890.00,5378.00,0.950000,0.990000
"HIP 29442 c",1.55100000,4.50000000,3.53795590000,1123.00,5289.00,0.980000,0.901000
"HD 63433 d",1.07300000,1.25000000,4.20907500000,1040.00,5688.00,0.912000,0.990000
"Kepler-317 b",2.09000000,109.80000000,5.52424200000,976.00,5497.00,0.941000,0.865000
"TOI-7384 b",3.56000000,12.40000000,6.23402580000,378.00,3185.00,0.319000,0.318000
"Kepler-1768 b",2.23346338,5.62000000,15.13589954000,933.00,6050.00,1.572000,1.240000
"Kepler-981 b",2.31000000,5.95000000,4.46975773600,1103.00,5718.00,0.960000,0.980000
"Kepler-1043 b",2.55000000,7.04000000,38.50533980000,532.00,5629.00,0.900000,0.920000
"TOI-5777 b",3.09551273,9.78000000,6.91716177373,602.00,4408.03,0.671912,0.658000
"HIP 113103 b",1.82900000,4.00000000,7.61030300000,721.00,4930.00,0.742000,0.761000
"UCAC3 113-933 b",12.10000000,6674.39654700,,1.79,3864.00,0.564484,0.610000
"HD 73344 c",13.50000000,118.54999581,65.94000000000,562.57,6148.00,1.220000,1.190000
"Kepler-139 f",6.67000000,36.00000000,355.00000000000,,5630.00,1.045000,1.078000
"TIC 249022743 b",4.79568155,20.60000000,2.25719681538,,5567.58,1.208400,1.000000
"TIC 260969020 b",2.22686612,5.59000000,8.48584501953,,4572.94,0.689880,0.750000
"Kepler-62 e",1.61000000,36.00000000,122.38740000000,270.00,4925.00,0.640000,0.690000
"HD 105618 c",11.90000000,8419.59232984,77114.07158000000,51.64,5671.00,1.273990,1.010000
"HIP 113103 c",2.40000000,6.35000000,14.24564800000,585.00,4930.00,0.742000,0.761000
"Kepler-1053 b",0.98000000,0.90400000,2.41435165400,953.00,4529.00,0.690000,0.740000
"Kepler-102 d",1.15400000,3.00000000,10.31176700000,686.00,4909.00,0.724000,0.803000
"HD 196067 c",3.21000000,10.40000000,4.60108800000,,6072.00,1.710000,1.160000
"GJ 887 d",2.34000000,6.10000000,50.77000000000,241.00,3688.00,0.468000,0.495000
"Kepler-347 b",1.97000000,4.54000000,12.79836000000,908.00,6088.00,1.005000,0.922000
"HD 11112 b",12.60000000,2598.56505563,17244.90764000000,94.51,5905.64,1.473680,1.070000
"Kepler-485 b",14.41000000,,3.24325979600,1243.00,5958.00,1.090000,1.070000
"TIC 393818343 b",12.18416202,1379.37528638,16.24921000000,805.50,5756.00,1.086000,1.082000
"Kepler-1032 b",1.87000000,4.16000000,3.29011795300,802.00,4647.00,0.710000,0.770000
"HD 284149 AB b",12.00000000,8352.53053596,,2395.00,6035.00,1.360000,1.130000
"WASP-132 d",12.80000000,1639.99458012,1816.60000000000,107.00,4686.00,0.758000,0.789000
"K2-157 c",6.08000000,30.80000000,25.94200000000,587.00,5334.00,0.860000,0.890000
"KOINTREAU-4 b",12.20000000,4862.77462710,,,3252.00,,
"TIC 390586021 b",2.86009388,8.55000000,2.74703755819,,4434.81,0.726565,0.648000
"HD 113337 c",12.10000000,6299.67685515,5429.93477000000,153.36,6774.00,1.500000,1.410000
"HD 94771 b",14.20000000,169.00000000,2164.00000000000,200.79,5631.00,1.903000,1.200000
"TOI-6695 b",9.52763359,66.74396547,80.38900000000,599.00,6400.00,1.517000,1.338000
"Gaia-5 b",12.10000000,6633.07885409,358.62000000000,,3447.00,0.345000,0.339000
"DMPP-2 d",11.60000000,91.79000000,16.49100000000,1105.06,6500.00,1.780000,1.410000
"TIC 423703298 b",2.77230429,8.11000000,4.03712711976,,4540.37,0.729825,0.691000
"Kepler-335 b",3.39000000,11.40000000,6.56233100000,1290.00,5877.00,1.854000,1.367000
"Kepler-1023 b",2.63000000,7.41000000,62.13877140000,524.00,5494.00,0.890000,0.930000
"TOI-5592 b",17.14974047,285.72773789,2.60858460000,1789.00,6237.00,1.393000,1.194000
"HD 122562 c",10.10000000,73.10053361,84.96276000000,552.02,4956.00,2.166270,1.241000
"HD 115404 A c",12.50000000,3279.67133183,15319.22517000000,61.22,5019.17,0.727007,0.830000
"GJ 1002 c",1.10000000,1.36000000,21.20200000000,181.70,3024.00,0.137000,0.120000
"Kepler-932 b",1.37000000,2.45000000,1.92143739600,1276.00,5331.00,0.840000,0.870000
"TOI-6707 b",5.72673066,27.80000000,3.83479363758,1509.43,6289.49,1.582020,1.140000
"Kepler-139 e",13.70000000,378.00000000,2047.63537300000,154.06,5622.00,1.045000,1.078000
"Kepler-328 c",5.40000000,39.40000000,71.31200000000,475.00,6064.00,1.060000,1.150000
"TOI-7510 d",10.52000000,190.00000000,48.86446800000,542.40,5720.00,1.035000,1.063000
"DMPP-7 b",9.13000000,61.39000000,4.98400000000,1480.51,5996.82,1.539490,1.090000
"Kepler-1779 b",3.03295685,9.44000000,16.34359932000,730.00,5730.00,1.056000,1.008000
"Kepler-973 b",1.96000000,4.50000000,49.60773310000,402.00,5213.00,0.780000,0.860000
"TOI-5595 b",4.73740402,20.10000000,5.99002553853,621.00,4417.30,0.743344,0.645000
"HD 203387 b",13.10000000,1106.04285636,512.53520000000,610.00,5174.32,10.585200,2.817000
"TOI-6016 b",13.67495645,371.85923619,4.02368700000,1890.00,6110.00,1.510000,1.310000
"HIP 99770 b",12.20000000,5403.08291900,18600.00000000000,135.17,8000.00,1.939860,1.900000
"Kepler-1772 b",2.68609988,7.68000000,3.21509003600,1155.00,5541.00,0.934000,0.942000
"GJ 2126 b",13.60000000,413.17692910,272.70000000000,203.08,4159.00,0.728000,0.650000
"TOI-5616 b",10.78000000,624.00000000,2.00284900000,939.00,3996.00,0.646000,0.666000
"Kepler-408 b",0.82000000,5.00000000,2.46502000000,1561.00,6104.00,1.230000,1.080000
"Kepler-138 e",0.79700000,0.43000000,38.23000000000,292.00,3841.00,0.535000,0.535000
"Kepler-10 d",3.49000000,12.00000000,151.06000000000,387.00,5708.00,1.065000,0.910000
"GJ 3988 b",1.74000000,3.69000000,6.94420000000,348.00,3273.00,0.197340,0.184200
"TOI-1408 c",2.22000000,7.60000000,2.16640000000,1864.00,6117.00,1.530000,1.312000
"HD 68475 b",12.80000000,1639.99458012,7832.00000000000,79.88,5022.00,0.790990,0.830000
"HD 48265 c",12.90000000,1414.33641115,10418.00000000000,124.28,5805.00,2.050000,1.380000
"Kepler-958 b",2.06000000,4.90000000,9.76788050000,749.00,5421.00,0.860000,0.910000
"TOI-5624 d",3.58400000,4.90000000,13.73146800000,712.60,5327.00,0.820000,0.858000
"KOI-351 d",2.87000000,8.60000000,59.73667000000,520.00,6080.00,1.200000,1.200000
"Kepler-20 e",0.82100000,0.76000000,6.09848820000,1004.00,5495.00,0.916400,0.929000
"nu Oct A b",13.30000000,696.04421133,402.40000000000,477.33,4910.00,5.040000,1.570000
"TOI-1288 c",11.10000000,85.70000000,416.00000000000,245.88,5388.00,0.958300,0.955200
"Kepler-104 c",3.13000000,7.14430805,23.66820500000,668.00,5711.00,1.349000,0.818000
"Kepler-507 b",1.30000000,5.69692195,3.56809692600,1407.00,6113.00,1.320000,1.160000
"HN Lib b",2.20000000,5.46000000,36.11600000000,234.40,3347.00,0.299000,0.291000
"Kepler-49 d",1.60000000,235.98200000,2.57654900000,717.00,4252.00,0.559000,0.549000
"HIP 10090 b",13.00000000,1229.99593509,2960.00000000000,163.17,5661.00,1.382680,0.940000
"Kepler-346 b",2.66000000,7.56000000,6.51112700000,1008.00,6033.00,1.021000,0.943000
"Kepler-265 d",2.49000000,6.76000000,43.13061700000,554.00,5835.00,1.103000,0.970000
"Kepler-399 b",0.96000000,0.84000000,14.42528100000,773.00,5502.00,0.680000,0.902000
"Kepler-110 c",2.21000000,5.52000000,31.71977500000,743.00,5960.00,1.149000,0.989000
"Kepler-1248 b",1.18000000,1.76000000,7.46725407000,1035.00,6149.00,1.210000,1.210000
"Kepler-1269 b",1.63000000,3.29000000,37.33315360000,657.00,5998.00,1.150000,1.100000
"Kepler-1314 b",5.11000000,22.90000000,5.42474928100,625.00,4188.00,0.590000,0.600000
"Kepler-1870 b",2.10143764,5.07000000,3.60694003100,1046.00,5508.00,0.840000,0.955000
"Kepler-236 b",1.57000000,3.09000000,8.29561100000,469.00,3750.00,0.510000,0.596005
"Kepler-125 c",0.74000000,0.33000000,5.77446400000,529.00,3810.00,0.512000,0.542101
"Kepler-304 d",2.75000000,8.00000000,9.65347100000,611.00,4731.00,0.687000,0.737000
"Kepler-326 d",1.21000000,6.90000000,6.76688800000,781.00,5105.00,0.801000,0.910000
"Kepler-126 c",1.58000000,1.27942148,21.86974100000,790.00,6239.00,1.358000,1.108000
"Kepler-400 c",1.49000000,2.83000000,17.34082400000,755.00,5886.00,1.145000,1.080000
"Kepler-1089 b",1.83000000,4.01000000,5.13248561800,584.00,3753.00,0.490000,0.520000
"Kepler-102 f",0.86100000,4.30000000,27.45359200000,495.00,4909.00,0.724000,0.803000
"Kepler-1223 b",1.22000000,1.98000000,16.30125900000,557.00,4870.00,0.750000,0.800000
"Kepler-1853 b",1.51862272,2.92000000,48.88819885000,386.00,4821.00,0.788000,0.765000
"Kepler-512 b",2.69000000,7.70000000,34.43587975000,652.00,5997.00,1.300000,1.170000
"Kepler-369 b",1.13000000,1.51000000,2.73275600000,687.00,3591.00,0.471000,0.500000
"Kepler-305 c",3.30000000,6.00000000,8.29100000000,728.00,5080.00,0.800000,0.760000
"Kepler-975 c",10.69000000,80.20000000,5.05821338000,1168.00,4883.00,1.667000,0.951000
"Kepler-22 b",2.10000000,9.10000000,289.86387600000,279.00,5596.00,0.869000,0.857000
"Kepler-1995 b",4.28000000,16.90000000,73.75788750000,375.00,5029.00,0.930000,0.847000
"Kepler-1227 b",2.29000000,5.86000000,94.28875770000,369.00,5747.00,0.950000,0.970000
"Kepler-1272 b",2.37000000,6.21000000,51.13097040000,542.00,5926.00,1.090000,1.060000
"Kepler-201 c",2.85000000,8.50000000,151.88405800000,378.00,6065.00,1.229000,1.098000
"Kepler-215 c",1.77000000,3.78000000,14.66710800000,675.00,5739.00,1.027000,0.788000
"Kepler-267 c",2.13000000,5.18000000,6.87745000000,484.00,4258.00,0.555000,0.541571
"Kepler-373 c",1.24000000,2.07000000,16.72594800000,729.00,5787.00,0.845000,0.981000
"Kepler-54 d",1.53000000,12.09460000,20.99569400000,328.00,4252.00,0.554000,0.518000
"Kepler-329 b",1.40000000,2.54000000,7.41639700000,547.00,4257.00,0.523000,0.602000
"Kepler-279 d",3.10000000,37.50000000,54.41400000000,574.00,6689.45,1.070000,1.100000
"HD 219134 c",1.51100000,4.36000000,6.76458000000,782.00,4699.00,0.778000,0.810000
"Kepler-1198 b",1.47000000,2.76000000,7.68477160000,830.00,5517.00,0.900000,0.930000
"Kepler-161 c",2.05000000,3.61000000,7.06424000000,769.00,5078.00,0.806000,0.853000
"Kepler-1294 b",3.19000000,10.30000000,115.68622580000,401.00,5776.00,0.970000,0.990000
"Kepler-1319 b",1.34000000,2.36000000,2.88676264500,557.00,3655.00,0.540000,0.560000
"Kepler-275 d",3.33000000,11.10000000,35.67606200000,671.00,6165.00,1.383000,1.189000
"Kepler-374 b",1.03000000,1.08000000,1.89780600000,1761.00,5977.00,0.911000,1.033000
"Kepler-306 d",2.47000000,6.66000000,17.32664400000,535.00,4954.00,0.719000,0.750000
"Kepler-305 e",1.79381530,3.87000000,3.20538000000,1000.00,4974.00,0.827279,0.820000
"Kepler-11 f",2.49000000,2.00000000,46.68880000000,513.00,5663.00,1.065000,0.961000
"Kepler-276 d",2.80000000,16.30000000,48.64800000000,489.00,5693.00,1.030000,1.100000
"Kepler-36 c",3.67900000,7.13000000,16.21865000000,928.00,5979.00,1.634000,1.034000
"Kepler-1251 b",1.84000000,4.04000000,45.09046430000,487.00,5545.00,0.890000,0.920000
"Kepler-1843 b",2.70909809,7.80000000,25.54339981000,772.00,5422.00,1.782000,1.020000
"Kepler-1857 b",1.96065412,4.50000000,8.94340992000,946.00,6074.00,1.005000,0.873000
"Kepler-190 c",1.46000000,2.73000000,3.76302400000,948.00,5106.00,0.795000,0.834000
"Kepler-123 c",1.48000000,2.79000000,26.69507400000,706.00,6089.00,1.264000,1.079000
"Kepler-380 c",1.27000000,2.15000000,7.63000400000,1056.00,6045.00,1.224000,0.990000
"Kepler-283 c",1.82000000,3.97000000,92.74371100000,240.00,4351.00,0.566000,0.596000
"KELT-6 c",13.00000000,1179.14930000,1276.00000000000,241.90,6272.00,1.529000,1.126000
"Kepler-85 b",1.77800000,1.84000000,8.30000000000,809.00,5505.20,0.875000,0.928000
"Kepler-799 c",2.78068551,8.15000000,15.19419956000,893.00,5588.00,1.593000,1.031000
"Kepler-1884 b",1.81406781,3.95000000,8.98832035100,864.00,5984.00,0.906000,0.993000
"Kepler-381 b",0.99000000,0.93700000,5.62902100000,1576.00,6152.00,1.568000,1.144000
"Kepler-84 d",1.38000000,2.48000000,4.22453700000,1254.00,6031.00,1.169000,1.060000
"Kepler-334 b",1.12000000,1.46000000,5.47031900000,1090.00,5828.00,1.068000,1.022000
"Kepler-285 c",1.12000000,1.46000000,6.18667600000,851.00,5411.00,0.808000,0.915000
"Kepler-1232 b",1.93000000,4.38000000,26.78391830000,523.00,5471.00,0.890000,0.920000
"Kepler-1858 b",2.42168247,6.44000000,88.07160187000,330.00,4939.00,0.819000,0.785000
"Kepler-204 c",1.79000000,3.86000000,25.66059300000,683.00,5812.00,1.238000,1.038000
"Kepler-515 b",1.46000000,2.73000000,19.96371318000,564.00,5293.00,0.830000,0.900000
"Kepler-221 e",2.63000000,7.86706000,18.36991700000,582.00,5243.00,0.821000,0.854000
"Kepler-1877 b",0.62408600,0.17900000,2.37756991400,1278.00,5615.00,0.936000,1.022000
"Kepler-350 d",2.80000000,14.90000000,26.13600000000,782.00,6492.30,1.250000,1.000000
"Kepler-414 b",1.71000000,3.50000000,4.70000000000,1024.00,5536.00,0.946000,0.890000
"Kepler-58 e",1.61000000,597.79600000,4.45814897000,1212.00,6100.00,1.083000,1.017000
"Kepler-1679 b",2.06920360,4.93000000,9.75376000000,813.00,5501.00,0.873196,0.960000
"Kepler-58 c",2.86000000,53.00000000,15.57415680000,799.00,5843.00,1.030000,0.950000
"Kepler-1844 b",3.03648191,9.46000000,3.92451000200,1074.00,5776.00,0.849000,0.939000
"Kepler-1278 b",1.01000000,1.01000000,3.23941344000,1213.00,6074.00,1.160000,1.110000
"Kepler-1864 b",0.75408365,0.35300000,3.88151001900,1156.00,5854.00,0.979000,1.030000
"Kepler-1324 b",1.51000000,2.89000000,4.11584467900,895.00,4776.00,0.730000,0.780000
"Kepler-462 c",4.00000000,6.00000000,207.62000000000,453.00,7500.00,1.570000,1.590000
"Kepler-226 d",1.22000000,1.98000000,8.10904400000,800.00,5571.00,0.802000,0.904000
"Kepler-221 b",1.71000000,5.95575000,2.79590600000,1090.00,5243.00,0.821000,0.854000
"Kepler-245 c",2.18000000,26.70000000,17.46081200000,568.00,5100.00,0.795000,0.856000
"Kepler-352 b",0.86000000,0.56600000,10.05537000000,694.00,5212.00,0.781000,0.798000
"Kepler-382 c",1.59000000,3.15000000,12.16270100000,882.00,5600.00,0.945000,1.002000
"Kepler-336 b",1.02000000,1.04000000,2.02482300000,1625.00,5867.00,1.304000,1.090000
"HD 11755 b",12.80000000,1789.38290000,433.70001000000,903.49,4312.00,20.580000,0.720000
"Kepler-385 c",3.04000000,13.20000000,15.16316100000,829.00,6326.00,1.126000,0.992000
"Kepler-267 d",2.27000000,5.77000000,28.46451500000,301.00,4258.00,0.555000,0.541571
"Kepler-384 c",1.13000000,1.51000000,45.34826900000,531.00,5577.00,0.882000,0.882000
"Kepler-299 e",1.87000000,4.16000000,38.28548900000,534.00,5617.00,1.032000,1.004000
"8 UMi b",13.50000000,524.41687155,93.31000000000,1126.38,4847.00,10.730000,1.510000
"Kepler-1104 b",1.23000000,2.04000000,5.03728015000,1321.00,6417.00,1.410000,1.300000
"Kepler-1987 e",1.92000000,4.35000000,8.74292005000,643.00,4769.00,0.714000,0.799000
"Kepler-1830 b",3.32992941,11.10000000,56.49330139000,681.00,6160.00,2.046000,1.443000
"Kepler-182 b",2.58000000,7.18000000,9.82579200000,935.00,6250.00,1.146000,1.114000
"Kepler-1688 b",1.26174569,2.13000000,5.62012000000,772.00,4632.11,0.746000,0.814000
"Kepler-385 b",2.73000000,12.80000000,10.04368600000,951.00,6326.00,1.126000,0.992000
"Kepler-55 f",1.59000000,3.15000000,10.19854500000,559.00,4503.00,0.619000,0.631000
"Kepler-339 d",1.17000000,14.70000000,10.55834500000,796.00,5631.00,0.802000,0.870000
"Kepler-1669 d",1.22000000,1.98000000,4.72941177000,669.00,4224.00,0.603000,0.609000
"Kepler-69 c",1.71000000,3.57000000,242.46130000000,299.00,5638.00,0.930000,0.810000
"HAT-P-57 b",19.50366000,448.14030000,2.46530000000,2200.00,6330.00,1.850000,2.770000
"Kepler-1067 c",1.74682428,3.70000000,5.42583990100,973.00,5594.00,0.934000,0.981000
"Kepler-299 d",1.86000000,4.12000000,15.05478600000,729.00,5617.00,1.032000,1.004000
"Kepler-208 c",1.39000000,2.51000000,7.46662300000,1141.00,6092.00,1.314000,1.082000
"Kepler-530 b",3.01000000,9.32000000,39.30941904000,488.00,5697.00,0.890000,0.970000
"Kepler-354 d",1.24000000,2.07000000,24.20984200000,451.00,4648.00,0.674000,0.652000
"Kepler-339 c",1.15000000,7.30000000,6.98805500000,914.00,5631.00,0.802000,0.870000
"Kepler-1114 b",1.35000000,2.39000000,14.97435694000,631.00,5374.00,0.830000,0.870000
"Kepler-114 d",2.53000000,3.90000000,11.77600000000,446.00,4660.00,0.540000,0.560000
"Kepler-303 c",1.14000000,1.55000000,7.06114900000,521.00,3944.00,0.485000,0.575000
"Kepler-1212 b",2.14000000,5.22000000,12.94130146000,795.00,6051.00,1.150000,1.100000
"Kepler-394 c",1.66000000,3.39000000,12.13068600000,901.00,6402.00,1.132000,0.870000
"Kepler-393 c",1.33000000,2.33000000,14.61361200000,901.00,6189.00,1.382000,1.256000
"Kepler-318 c",3.68000000,13.10000000,11.81500700000,762.00,5746.00,1.189000,1.073000
"Kepler-1241 b",2.63000000,7.41000000,18.55257010000,612.00,5261.00,0.800000,0.840000
"Kepler-185 b",1.17000000,1.71000000,1.63290000000,1237.00,5208.00,0.806000,0.763000
"Kepler-1283 b",1.91000000,4.31000000,12.94609780000,764.00,6175.00,1.250000,1.160000
"Kepler-1714 b",3.26437302,10.70000000,10.27530003000,1211.00,6150.00,2.086000,1.448000
"Kepler-1331 b",1.05000000,1.16000000,0.78916165300,1244.00,4508.00,0.690000,0.720000
"Kepler-319 b",1.63000000,3.29000000,4.36270500000,1023.00,5526.00,0.903000,0.933000
"Kepler-396 b",3.50000000,75.50000000,42.99400000000,496.00,5656.00,1.060000,0.850000
"Kepler-1085 c",3.26817741,10.70000000,56.77710000000,491.00,5816.00,1.078300,1.050000
"Kepler-1084 b",1.11000000,1.41000000,2.05333679000,1737.00,6113.00,1.280000,1.120000
"Kepler-1108 b",1.46000000,2.73000000,4.51005748000,1063.00,5406.00,0.840000,0.880000
"Kepler-1214 b",2.36000000,6.17000000,18.82634264000,591.00,5130.00,0.800000,0.850000
"Kepler-155 c",2.24000000,5.65000000,52.66179300000,286.00,4508.00,0.620000,0.635000
"Kepler-396 c",5.30000000,17.90000000,88.50500000000,390.00,5656.00,1.060000,0.850000
"Kepler-1369 b",2.69000000,7.70000000,25.87314800000,667.00,5761.00,0.990000,0.990000
"Kepler-1370 b",1.84000000,4.04000000,20.26416840000,770.00,6202.00,1.290000,1.190000
"Kepler-252 b",1.23000000,2.04000000,6.66839100000,587.00,4208.00,0.549000,0.610000
"Kepler-360 c",2.10000000,5.06000000,7.18643400000,860.00,6053.00,1.058000,0.994000
"Kepler-245 e",1.75000000,1806.36000000,3.21982105600,998.00,5174.00,0.800000,0.860000
"Kepler-298 d",2.50000000,6.80000000,77.47363300000,277.00,4465.00,0.582000,0.660000
"Kepler-324 b",1.14000000,2414.40000000,4.38531500000,935.00,5194.00,0.840000,0.901000
"Kepler-1796 b",2.75047868,8.00000000,29.45579910000,598.00,6036.00,0.949000,1.018000
"Kepler-520 c",1.07000000,1.24000000,5.21104261000,1107.00,6112.00,1.090000,1.100000
"Kepler-1244 b",1.35000000,2.39000000,3.70428172000,1839.00,6680.00,1.770000,1.460000
"Kepler-169 c",1.21000000,1.92000000,6.19546900000,776.00,4997.00,0.763000,0.825000
"Kepler-97 b",1.48000000,3.51000000,2.58664000000,1328.00,5779.00,0.980000,0.940000
"Kepler-1336 b",1.98000000,4.58000000,23.19868100000,793.00,5512.00,1.300000,0.940000
"Kepler-417 b",2.31000000,11.00000000,12.33100000000,671.00,5177.00,0.806000,0.900000
"Kepler-301 d",1.75000000,3.71000000,13.75124300000,725.00,5815.00,0.900000,1.022000
"Kepler-104 d",3.58000000,5.54022107,51.75539400000,515.00,5711.00,1.349000,0.818000
"Kepler-1192 b",2.36000000,6.17000000,25.20347870000,600.00,5438.00,0.830000,0.860000
"Kepler-516 b",5.74000000,27.90000000,24.85462415000,1095.00,7099.00,2.020000,1.620000
"Kepler-1851 b",3.90012032,14.50000000,12.02289963000,776.00,5982.00,0.879000,0.967000
"Kepler-212 b",1.09000000,1.32000000,16.25758200000,830.00,5852.00,1.455000,1.166000
"Kepler-1372 b",1.27000000,2.15000000,1.31155556800,1655.00,5677.00,0.970000,0.980000
"Kepler-364 b",1.55000000,3.02000000,25.74571800000,753.00,6108.00,1.284000,1.076000
"KELT-23 A b",14.82950700,298.12454000,2.25525100000,1561.00,5899.00,0.996000,0.944000
"HD 191939 d",2.99500000,2.80000000,38.35303700000,540.00,5348.00,0.940000,0.810000
"HATS-77 b",13.05846252,436.69623122,3.08762620000,828.30,4071.00,0.642800,0.655000
"TOI-4479 b",2.82000000,8.35000000,1.15890000000,861.00,3400.00,0.451000,0.452000
"TOI-1752 c",2.29000000,5.86000000,32.71443000000,291.00,3762.00,0.530000,0.524000
"Kepler-1705 c",2.05000000,5.42000000,11.28000000000,,6312.00,1.259000,1.139000
"TOI-1753 b",2.47852533,16.60000000,5.38461040000,1005.43,5621.00,0.971500,0.948300
"TOI-2274 b",2.45000000,6.57000000,2.67963000000,771.46,3943.00,0.631000,0.612000
"Kepler-43 b",13.66377100,1026.59090000,3.02409490000,1620.00,6041.00,1.420000,1.320000
"Kepler-858 b",4.87000000,21.10000000,76.13602028000,399.00,5653.00,0.910000,0.960000
"TOI-3023 b",16.43236571,197.05361234,3.90149710000,1596.00,5760.00,1.668000,1.120000
"Kepler-1752 b",4.54060463,18.70000000,56.35850143000,419.00,5446.00,0.821000,0.824000
"Kepler-1408 b",0.89000000,0.64000000,2.99793191000,1616.00,6170.00,1.350000,1.210000
"HIP 54373 b",2.87000000,8.62000000,7.76000000000,580.66,4021.00,0.564998,0.570000
"Teegarden's Star b",1.05000000,1.16000000,4.90634000000,277.00,3034.00,0.120000,0.097000
"BD+60 1417 b",14.68376472,4767.42610500,,1303.00,4993.00,0.797000,1.000000
"TOI-1227 b",9.57246952,66.50000000,27.36397000000,243.77,3072.00,0.560000,0.170000
"CoRoT-7 d",4.31000000,17.14200000,8.96600000000,,5250.00,0.838900,0.915000
"TOI-1758 b",3.62000000,6.90000000,20.70507468500,551.44,5169.00,0.810000,0.880000
"TOI-2040 b",10.32347122,248.22398587,3.86085760000,1070.00,5132.00,0.870000,0.920000
"TOI-2567 b",10.92875618,63.88350981,5.98394400000,1352.00,5611.00,1.686000,1.130000
"Kepler-1410 b",1.78000000,3.82000000,60.86616800000,290.00,4092.00,0.600000,0.630000
"HD 24085 b",3.46000000,11.80000000,2.04550000000,1875.43,6034.00,1.412551,1.220000
"WASP-87 b",15.52446500,692.86940000,1.68279500000,2049.54,6450.00,1.627000,1.204000
"TOI-163 b",16.69020100,387.75260000,4.23130600000,1669.00,6495.00,1.648000,1.435200
"K2-315 b",0.95000000,0.80900000,3.14431890000,460.00,3300.00,0.196000,0.174000
"HD 216520 b",3.18000000,10.26000000,35.45000000000,482.10,5103.00,0.760000,0.820000
"TOI-1775 b",8.04728896,96.00000000,10.24055490000,707.89,5284.00,0.828800,0.921800
"DS Tuc A b",5.70000000,413.17900000,8.13826800000,850.00,5428.00,0.964000,1.010000
"Kepler-296 c",2.00000000,4.66000000,5.84163660000,606.00,3740.00,0.480000,0.498000
"WASP-187 b",18.38276000,254.26400000,5.14787800000,1760.00,6150.00,2.830000,1.540000
"HD 161178 b",14.10000000,181.16219199,279.30000000000,828.33,4786.00,10.950000,1.060000
"GJ 514 b",2.13000000,5.20000000,140.43000000000,202.00,3728.00,0.500000,0.510000
"HD 77946 b",2.89646124,10.90000000,6.52736300000,1128.86,6007.00,1.317400,1.197300
"TOI-2345 c",2.45100000,7.27000000,21.06430200000,544.00,4687.00,0.729000,0.727000
"Kepler-876 b",1.43000000,2.63000000,5.14438011000,923.00,5060.00,0.770000,0.810000
"Kepler-1894 c",1.21000000,1.92000000,5.05368985000,1007.00,5772.00,0.901000,0.999000
"HD 233832 b",13.50000000,565.73740000,2058.00000000000,117.80,4981.00,0.680000,0.710000
"GJ 687 c",4.14000000,16.00000000,727.56200000000,98.62,3413.00,0.418300,0.400000
"HIP 5763 b",14.20000000,162.09248757,30.01400000000,440.90,4352.00,0.750378,0.720000
"TOI-712 b",2.04900000,4.85000000,9.53136100000,650.00,4622.00,0.674000,0.732000
"TOI-1782.01",2.36800000,6.20000000,4.98764102800,697.84,4336.00,0.669000,0.680000
"TOI-2092 b",2.94892961,9.00000000,4.30325528074,1042.00,5842.06,1.051900,0.956000
"Kepler-303 b",0.89000000,0.64000000,1.93705500000,802.00,3944.00,0.485000,0.575000
"Kepler-271 c",0.95000000,0.80900000,7.41086267000,850.00,5555.00,0.870000,0.900000
"Kepler-82 f",4.84000000,20.90000000,75.73200000000,423.57,5401.00,0.898000,0.910000
"Qatar-6 b",11.90395800,212.31044000,3.50619500000,1006.00,5052.00,0.722000,0.822000
"GJ 9066 c",9.60000000,66.74396547,771.36000000000,65.66,3154.00,0.164000,0.150000
"K2-400 b",1.16300000,1.67000000,3.86505300000,,3578.00,0.382000,0.374000
"TOI-2094 b",1.90000000,4.27000000,18.79319300000,276.00,3435.00,0.384000,0.425000
"TOI-2714 b",13.72000000,228.00000000,2.49938700000,1603.00,5665.00,1.250000,1.070000
"HD 164922 d",1.83000000,4.00000000,12.45800000000,787.68,5390.00,0.946000,0.926000
"2MASS J01033563-5515561 AB b",12.30000000,4131.79000000,,,,,0.190000
"TOI-2382 b",12.25141591,235.19302118,4.66120610000,1426.00,6033.00,1.417000,1.260000
"Kepler-402 b",1.22000000,1.98000000,4.02875100000,1311.00,6090.00,1.264000,1.072000
"EPIC 201841433 b",1.04000000,1.12000000,4.16980000000,1032.49,5053.00,0.628461,0.802000
"USco1621 b",12.20000000,5085.28000000,,2270.00,3460.00,0.710071,0.360000
"K2-318 b",1.66000000,3.39000000,7.01000000000,456.00,3851.00,0.552000,0.561000
"K2-405 b",4.56900000,18.90000000,3.43547100000,969.00,4927.00,0.765000,1.034000
"TOI-784 b",1.93000000,9.67000000,2.79703650000,1256.00,5558.00,0.907000,0.910000
"TOI-1814 b",5.18536642,23.50000000,6.36861010462,977.83,4872.84,2.389500,
"Kepler-1419 b",2.86000000,8.55000000,42.52158950000,510.00,5796.00,1.010000,1.010000
"EPIC 206215704 b",1.00000000,0.97200000,2.25543600000,,3297.00,0.250000,0.407000
"Kepler-848 b",1.70000000,3.53000000,6.91134416000,1086.00,5695.00,1.200000,1.010000
"Kepler-819 b",2.76000000,8.05000000,33.19956480000,485.00,5279.00,0.810000,0.860000
"TOI-799 b",2.06631784,4.92000000,5.54519139676,958.69,5662.81,0.915519,1.000000
"K2-146 c",2.19000000,7.49000000,4.00498000000,518.53,3385.00,0.330000,0.331000
"K2-324 b",2.43000000,6.48000000,3.26200000000,707.00,3752.00,0.505000,0.517000
"Kepler-822 b",1.77000000,3.78000000,3.22296927300,1239.00,5928.00,1.080000,1.060000
"TOI-1181 b",17.02644168,374.71969185,2.10318900000,1942.12,6054.00,1.961000,1.467000
"TOI-808 b",2.20344362,5.49000000,9.73944854026,710.98,5078.20,0.833198,0.870000
"TOI-815 b",2.94000000,7.60000000,11.19725900000,686.00,4869.00,0.770000,0.776000
"TOI-1836 b",8.00321222,38.45723725,20.38079900000,966.00,6380.00,1.577000,1.307000
"TOI-1836 c",2.59987579,8.00000000,1.77274710000,2007.60,6237.00,1.645400,1.251800
"TOI-2141 b",3.14700000,20.10000000,18.26160800000,728.00,5635.00,0.950000,0.896000
"TOI-2447 b",9.60609646,124.90656395,69.33684000000,414.00,5730.00,1.006000,1.034000
"TOI-2818 b",15.27784069,225.65816897,4.03970900000,1376.00,5721.00,1.229000,0.977000
"Kepler-1371 c",0.64000000,0.19600000,2.00541269000,1216.00,5361.00,0.830000,0.870000
"EPIC 212587672 b",1.26000000,2.13000000,15.28078000000,756.00,6004.00,0.980000,0.990000
"Kepler-843 b",2.59000000,7.22000000,2.05387982100,1523.00,5830.00,1.030000,1.020000
"K2-408 b",1.67700000,3.45000000,20.97895900000,,5335.00,0.784000,0.813000
"TOI-1516 b",15.24421375,1004.33776612,2.05601400000,1839.00,6520.00,1.140000,1.140000
"TOI-2458 b",2.83000000,13.31000000,3.73659000000,1509.40,6005.00,1.310000,1.050000
"Kepler-1423 b",1.06000000,1.20000000,23.95537800000,741.00,4939.00,0.750000,0.790000
"HATS-57 b",12.76705100,1000.21101000,2.35062100000,1413.40,5587.00,0.960000,1.026000
"HATS-56 b",18.92079200,191.33366000,4.32479900000,1902.00,6536.00,2.201000,1.573000
"TOI-763 b",2.28000000,9.79000000,5.60570000000,1038.00,5450.00,0.897000,0.917000
"K2-409 b",2.48200000,6.72000000,1.90808400000,,5742.00,1.228000,0.886000
"TOI-1722 b",4.38298108,17.60000000,9.60523206943,952.00,5999.55,1.094140,1.162000
"TOI-1873 b",2.86356397,8.57000000,7.00572708834,923.50,5597.99,0.971675,1.015000
"TOI-2158 b",10.76062147,260.61929374,8.60077000000,1188.00,5673.00,1.410000,1.120000
"Kepler-1888 b",1.32578716,2.32000000,11.39169979000,886.00,5557.00,1.249000,0.897000
"Kepler-1901 b",1.47418907,2.77000000,3.48412990600,1132.00,5696.00,0.921000,1.022000
"GJ 433 c",6.27000000,32.42200000,5094.10500000000,53.76,3461.00,0.500000,0.480000
"K2-374 c",2.21300000,5.53000000,16.43445000000,,5789.00,0.907000,0.731000
"TOI-1860 b",1.31000000,2.27000000,1.06621070000,1885.00,5752.00,0.940000,0.990000
"TOI-1723 b",3.43500000,10.40000000,13.72701264300,782.98,5777.00,1.090000,1.040000
"TOI-1937 A b",13.97759893,638.83509807,0.94667944000,2097.00,5814.00,1.080000,1.072000
"Kepler-292 f",2.35000000,6.12000000,20.83423700000,563.00,5299.00,0.826000,0.865000
"Kepler-1395 b",0.80000000,0.43700000,3.78470649000,1311.00,6138.00,1.230000,1.170000
"Kepler-1905 b",1.44607340,2.69000000,3.42392993000,1212.00,5788.00,1.015000,1.038000
"Kepler-65 e",13.90000000,260.00000000,258.80000000000,389.08,6220.00,1.437000,1.248000
"GJ 682 b",1.93000000,4.40000000,17.47800000000,281.93,3028.00,0.298255,0.270000
"TOI-132 b",3.42000000,22.40000000,2.10970190000,1395.00,5397.00,0.900000,0.970000
"TOI-2000 c",8.14000000,81.70000000,9.12705500000,1038.00,5611.00,1.134000,1.082000
"TOI-2000 b",2.70000000,11.00000000,3.09833000000,1488.00,5611.00,1.134000,1.082000
"TOI-2194 b",1.98920000,4.61000000,15.33759700000,590.88,4756.00,0.690900,0.740000
"TOI-2498 b",6.06000000,34.62000000,3.73825200000,1443.00,5905.00,1.260000,1.120000
"Kepler-102 e",2.17000000,4.70000000,16.14569940000,590.00,4909.00,0.724000,0.803000
"HD 2685 b",16.14096000,371.86110000,4.12688000000,2061.00,6801.00,1.560000,1.430000
"Kepler-95 b",3.42000000,13.00000000,11.52310000000,927.00,5699.00,1.410000,1.080000
"Wendelstein-2 b",12.99347280,232.33373000,1.75222390000,2470.00,4591.00,0.660000,0.730000
"K2-384 b",1.07600000,1.26000000,2.23152700000,,3623.00,0.348000,0.330000
"HD 174205 b",13.00000000,1334.87930940,582.00000000000,821.72,4308.00,26.600000,1.800000
"TOI-2977 b",13.15934334,533.95172376,2.35056140000,1544.00,5691.00,1.073000,0.936000
"Kepler-430 c",1.75000000,3.71000000,110.97900000000,458.00,5884.00,1.485000,1.166000
"Kepler-1656 b",4.57400000,47.80000000,31.56200000000,651.00,5569.00,1.100000,1.030000
"Kepler-647 c",4.00135002,15.10000000,29.66630000000,644.00,5906.74,1.545710,1.070000
"Kepler-210 b",2.94000000,8.96000000,2.45323400000,737.00,4559.00,0.650000,0.770000
"OGLE-2006-BLG-109L c",11.10000000,86.00000000,4927.50000000000,59.00,,,0.510000
"KMT-2016-BLG-1397L b",12.70000000,2200.00000000,,,,,0.450000
"KMT-2019-BLG-0253L b",2.99000000,9.20000000,,,,,0.700000
"KMT-2023-BLG-0548L b",13.10000000,1086.97315194,,,,,0.720000
"Kepler-1963 b",0.74437023,0.33700000,1.96226000800,1448.00,5726.00,0.979000,0.915000
"Kepler-1517 b",9.76000000,68.70000000,5.54608366500,2336.00,7010.00,1.950000,1.580000
"Kepler-1711 b",1.92300000,4.36000000,21.06080055000,669.00,5706.00,1.034000,0.940000
"MOA-2010-BLG-328L b",2.99000000,9.20000000,,,,,0.110000
"MOA-2011-BLG-291L b",4.43000000,18.00000000,,,,,0.150000
"KMT-2018-BLG-1743L b",10.50000000,77.86795971,,,,,0.193000
"OGLE-2018-BLG-0516L b",4.73000000,20.10000000,,,,,0.470000
"KMT-2023-BLG-0949L b",12.80000000,1900.61387386,,,,,0.480000
"KMT-2024-BLG-2059L b",2.54000000,6.99222495,,,,,0.510000
"Kepler-146 b",3.71000000,13.30000000,31.15879900000,639.00,5948.00,1.208000,1.079000
"Kepler-1468 d",3.33187146,11.10000000,19.59059906000,819.00,5794.00,1.496000,1.072000
"Kepler-348 c",1.33000000,2.33000000,17.26542700000,888.00,6177.00,1.359000,1.189000
"Kepler-1641 c",2.95000000,9.01000000,32.65721200000,767.00,6152.00,1.190000,1.120000
"Kepler-1641 b",3.11000000,9.85000000,19.67226600000,908.00,6152.00,1.190000,1.120000
"Kepler-39 b",13.90000000,6388.10000000,21.08721000000,897.00,6350.00,1.400000,1.290000
"Kepler-174 c",1.49000000,2.83000000,44.00052900000,377.00,4880.00,0.622000,0.602000
"KMT-2023-BLG-1642L b",13.80000000,343.25467956,,,,,0.170000
"Kepler-1468 b",1.73000000,3.64000000,8.23984869000,1093.00,5893.00,1.050000,1.040000
"Kepler-203 b",2.57000000,7.13000000,3.16269700000,1308.00,5821.00,1.114000,1.060000
"Kepler-152 b",2.79000000,8.20000000,18.20797300000,551.00,5088.00,0.724000,0.779000
"OGLE-2015-BLG-0966L b",4.86000000,21.00000000,,,,,0.380000
"MOA-2011-BLG-028L b",5.99000000,30.00000000,,,,,0.750000
"OGLE-2018-BLG-0383L b",2.41000000,6.40000000,,,,,0.100000
"KMT-2021-BLG-1391L b",1.97000000,4.55000000,,,,,0.370000
"Kepler-195 c",1.55000000,3.02000000,34.09686300000,469.00,5329.00,0.775000,0.867000
"Kepler-880 c",2.87000000,8.60000000,11.80617370000,1407.00,6900.00,2.599000,1.714000
"Kepler-608 b",3.64000000,12.90000000,6.41251503700,1069.00,5820.00,1.010000,1.000000
"Kepler-1704 b",11.94877343,1322.16617312,988.88112000000,253.80,5746.00,1.697000,1.132000
"Kepler-561 c",2.68000000,7.65000000,5.35016198300,989.00,5646.00,0.940000,0.960000
"OGLE-2015-BLG-0051L b",14.00000000,230.00000000,,,,,0.100000
"OGLE-2018-BLG-0740L b",12.90000000,1500.00000000,5480.00000000000,,5912.00,,1.000000
"OGLE-2017-BLG-1099L b",13.10000000,959.84178914,,,,,0.450000
"KMT-2021-BLG-0748L b",14.30000000,143.02278315,,,,,0.360000
"TOI-2267 d",1.77000000,3.78000000,2.03446710000,422.00,3022.00,0.130000,0.098900
"Kepler-1719 b",3.95000623,14.80000000,6.14955997500,1287.00,5687.00,1.775000,1.080000
"Kepler-1254 c",1.30000000,2.24000000,3.60084276000,927.00,4985.00,0.750000,0.780000
"Kepler-639 b",2.38000000,6.26000000,10.21420496000,957.00,5896.00,1.290000,1.140000
"KMT-2016-BLG-0212L b",12.20000000,5700.00000000,,,,,0.480000
"KMT-2019-BLG-1552L b",13.00000000,1287.20504835,,,,,0.790000
"KMT-2024-BLG-0349L b",12.40000000,3769.44490702,,,,,0.680000
"Kepler-208 d",1.20000000,1.87000000,11.13178600000,999.00,6092.00,1.314000,1.082000
"Kepler-171 b",2.34000000,6.08000000,4.16697200000,1053.00,5642.00,0.839000,0.978000
"Kepler-1525 b",0.91000000,0.69300000,2.41660118300,1343.00,5748.00,1.040000,1.070000
"Kepler-1645 b",1.78000000,3.82000000,16.17795610000,754.00,5812.00,1.020000,1.020000
"KMT-2018-BLG-1990L b",12.90000000,111.00000000,,,,,0.094000
"KMT-2018-BLG-0247L b",13.40000000,670.61793877,,,,,0.290000
"Kepler-30 d",8.80000000,23.10000000,143.34394000000,308.00,5498.00,0.950000,0.990000
"PSR B1257+12 d",1.80000000,3.90000000,98.21140000000,,,,1.400000
"OGLE-2016-BLG-0263L b",13.00000000,1300.00000000,,,,,0.130000
"OGLE-2012-BLG-0026L c",13.90000000,270.00000000,,,,,1.060000
"KMT-2018-BLG-2602L b",13.70000000,365.50266805,,,,,0.660000
"KMT-2016-BLG-1337L b",11.40000000,88.99195396,,,,,0.540000
"Kepler-220 d",0.98000000,0.90400000,28.12239700000,401.00,4632.00,0.666000,0.729000
"Kepler-1949 b",2.21964541,5.56000000,2.20828008700,1709.00,6028.00,1.454000,1.194000
"Kepler-695 b",9.21000000,62.30000000,3.04033042400,1021.00,5181.00,0.800000,0.840000
"Kepler-529 d",2.79502603,8.22000000,35.86619949000,633.00,6078.00,1.189000,1.005000
"OGLE-2005-BLG-390L b",2.21000000,5.50000000,3285.00000000000,50.00,,,0.220000
"Kepler-220 b",0.81000000,0.45700000,4.15980700000,759.00,4632.00,0.666000,0.729000
"Kepler-1993 b",4.15000000,16.10000000,26.65657370000,903.00,5159.00,3.062000,1.373000
"Kepler-154 e",1.50000000,2.86000000,3.93276465000,1140.00,5769.00,0.980000,0.980000
"MOA-2009-BLG-387L b",13.20000000,830.00000000,1980.00000000000,,,,0.190000
"OGLE-2018-BLG-1647L b",13.80000000,308.29355479,,,,,0.092000
"Kepler-154 c",2.95000000,9.01000000,62.30327600000,454.00,5690.00,1.001000,0.933000
"Kepler-390 c",0.79000000,0.41800000,13.06002200000,630.00,5166.00,0.776000,0.787000
"Kepler-967 c",3.65000000,12.90000000,198.71125020000,258.00,5178.00,0.800000,0.840000
"Kepler-248 c",4.07000000,15.60000000,16.23949400000,598.00,5190.00,0.831000,0.838000
"Kepler-648 b",3.22000000,10.50000000,17.42117490000,674.00,5741.00,0.980000,1.050000
"OGLE-2017-BLG-0406L b",14.20000000,130.00000000,,,,,0.560000
"OGLE-2018-BLG-1367L b",13.80000000,301.93698665,,,,,0.280000
"OGLE-2018-BLG-0932L b",13.90000000,282.86728223,,,,,0.720000
"OGLE-2017-BLG-0364L b",10.30000000,75.80000000,,,,,0.490000
"Gaia23braL b",13.50000000,518.06030341,,129.20,5055.00,1.361810,0.774000
"Kepler-1814 c",1.76000000,3.75000000,0.62628176600,1711.00,4922.00,0.823000,0.790000
"Kepler-1588 b",0.76000000,0.36300000,7.84931739000,925.00,5817.00,0.990000,0.960000
"Kepler-436 b",2.73000000,7.90000000,64.00205000000,322.00,4651.00,0.697000,0.729000
"KOI-3503 c",1.21000000,10.36000000,31.82800000000,686.00,6001.00,1.255000,0.858000
"Kepler-1491 c",2.44000000,6.53000000,61.56976500000,530.00,5626.00,1.389000,0.991000
"Kepler-158 c",1.90000000,4.27000000,28.55138300000,418.00,4623.00,0.624000,0.655000
"MOA-2011-BLG-293L b",12.90000000,1500.00000000,3000.00000000000,,,,0.860000
"OGLE-2017-BLG-0173L b",1.62000000,3.26900000,,,,,0.396000
"OGLE-2018-BLG-1269L b",14.10000000,210.00000000,,,,,1.110000
"KMT-2021-BLG-0119L b",12.80000000,1754.41280664,,,,,0.560000
"Kepler-968 c",1.69000000,3.50000000,5.70940491800,644.00,4598.00,0.700000,0.760000
"Kepler-28 b",1.95900000,1.63000000,5.91000000000,585.00,4499.30,0.664000,0.684000
"Kepler-122 c",5.87000000,29.00000000,12.46598800000,897.00,6050.00,1.216000,0.982000
"MOA-2008-BLG-379L b",13.00000000,1300.00000000,,,,,0.560000
"MOA-2022-BLG-091L b",13.00000000,1141.00398113,,,,,0.750000
"KMT-2023-BLG-2209L b",13.90000000,254.26272560,,,,,0.730000
"Kepler-1533 b",3.46000000,11.80000000,308.54710000000,330.00,6431.00,1.510000,1.310000
"Kepler-558 b",2.37000000,6.21000000,29.00790538000,498.00,5242.00,0.810000,0.850000
"Kepler-177 c",8.73000000,14.70000000,49.40926000000,497.00,5732.00,1.324000,0.921000
"OGLE-2014-BLG-1722L b",8.59000000,55.30000000,,,,,0.400000
"OGLE-2015-BLG-1609L b",10.40000000,76.27881768,,,,,0.170000
"Kepler-690 b",5.95000000,29.60000000,7.74809437400,964.00,5913.00,1.160000,1.110000
"Kepler-46 b",9.05700000,1907.00000000,33.60134000000,543.00,5155.00,0.938000,0.902000
"Kepler-188 c",3.19000000,10.30000000,5.99655300000,1025.00,6021.00,1.141000,1.021000
"Kepler-586 b",2.79000000,8.20000000,2.10472218400,1365.00,5575.00,0.920000,0.940000
"Kepler-245 d",3.03000000,21.60000000,36.27710800000,445.00,5100.00,0.795000,0.856000
"OGLE-2013-BLG-0341L B b",1.16000000,1.66000000,,,,,0.112700
"KMT-2018-BLG-1976L b",13.30000000,705.57906354,,,,,0.650000
"KMT-2017-BLG-0428L b",2.23000000,5.59000000,,,,,0.340000
"KMT-2019-BLG-1806L b",2.00000000,4.67000000,,,,,0.740000
"OGLE-2014-BLG-0124L b",14.10000000,206.58846455,,,,,0.900000
"Kepler-1616 b",1.02000000,1.04000000,6.76284377000,1337.00,6266.00,1.340000,1.210000
"Kepler-362 b",0.88000000,0.61500000,10.32718600000,838.00,5788.00,0.722000,0.904000
"Kepler-612 b",2.84000000,8.45000000,3.72215641300,1046.00,5693.00,0.960000,0.980000
"Kepler-81 c",2.37000000,4.30000000,12.04000000000,502.00,4385.00,0.590000,0.640000
"OGLE-2013-BLG-1761L b",13.20000000,860.00000000,,,,,0.330000
"KMT-2016-BLG-1105L b",1.33000000,2.32000000,,,,,0.410000
"TOI-5573 b",9.75000000,112.00000000,8.79758977000,528.00,3790.00,0.594000,0.619000
"Kepler-1144 b",1.99000000,4.62000000,17.14647302000,811.00,5753.00,0.960000,0.980000
"Kepler-172 e",2.76000000,8.05000000,35.11873600000,550.00,5526.00,1.085000,1.081000
"Kepler-694 b",2.80000000,8.25000000,6.36584161200,914.00,5700.00,0.950000,0.970000
"K2-108 b",5.33000000,59.40000000,4.73399900000,1360.00,5599.00,1.760000,1.170000
"TOI-201 d",1.39000000,5.80000000,5.84889000000,1237.00,6423.00,1.310000,1.320000
"Kepler-373 b",1.36000000,2.42000000,5.53530900000,1054.00,5787.00,0.845000,0.981000
"Kepler-377 c",2.06000000,4.90000000,27.01497600000,677.00,5949.00,1.224000,1.043000
"Kepler-444 d",0.53000000,0.20000000,6.18939200000,783.00,5046.00,0.752000,0.758000
"Kepler-1649 b",1.01700000,1.03000000,8.68909900000,307.00,3240.00,0.231700,0.197700
"Kepler-179 c",2.00000000,4.66000000,6.40013000000,810.00,5302.00,0.759000,0.893000
"K2-179 b",2.51267885,6.86000000,5.17219100000,,5015.00,0.768067,0.824345
"Kepler-219 d",2.81000000,19.10000000,47.90364500000,598.00,5786.00,1.491000,1.164000
"Kepler-50 b",1.71000000,8.90000000,7.81254000000,1196.00,6225.00,1.580000,1.240000
"Kepler-1787 b",2.31898181,5.99000000,39.31370163000,540.00,6060.00,0.925000,1.008000
"Kepler-1542 b",0.76000000,0.36300000,3.95116882000,1160.00,5564.00,0.990000,0.940000
"Kepler-1444 b",2.18000000,5.39000000,33.42035034000,581.00,5810.00,1.050000,1.030000
"Kepler-1997 b",2.28000000,5.82000000,26.75758660000,660.00,6215.00,1.052000,1.111000
"Kepler-241 b",2.33000000,6.04000000,12.71809200000,562.00,4699.00,0.668000,0.671000
"Kepler-1624 b",6.59000000,35.30000000,3.29031400000,540.00,3768.00,0.552000,0.541000
"K2-168 b",1.86000000,4.12000000,15.85230000000,766.35,5502.70,0.830000,0.877000
"K2-119 b",2.53000000,6.94000000,7.72728300000,666.00,4740.00,0.710000,0.760000
"Kepler-730 c",1.56926000,3.09000000,2.85188338000,1607.00,5620.00,1.411000,1.047000
"TOI-5319 b",2.83000000,8.40000000,4.07853000000,695.00,3580.00,0.485000,0.500000
"HD 80883 b",12.80000000,1748.05623850,6383.78352000000,88.66,5177.91,0.814842,0.880000
"Kepler-1585 b",1.79000000,3.86000000,3.58274630000,1064.00,5538.00,0.910000,0.940000
"Kepler-1961 b",1.61878080,3.25000000,5.60471010200,866.00,5401.00,0.777000,0.871000
"Kepler-1446 b",0.82000000,0.47700000,0.68996783200,1539.00,4865.00,0.750000,0.810000
"Kepler-342 c",1.96000000,4.50000000,26.23413800000,754.00,6175.00,1.472000,1.213000
"K2-121 b",7.16000000,51.00000000,5.18573800000,716.00,4526.00,0.675000,0.710000
"Kepler-279 e",4.13000000,56.00000000,98.35310000000,552.00,6689.45,1.430000,1.164000
"KOI-3680 b",11.09691000,613.41190000,141.24167100000,347.00,5830.00,0.960000,1.010000
"Kepler-1638 b",1.87000000,4.16000000,259.33683000000,304.00,5710.00,0.950000,0.970000
"K2-146 b",2.05000000,5.77000000,2.64460000000,534.00,3385.00,0.330000,0.331000
"Kepler-677 b",5.38000000,25.00000000,6.57531678000,1015.00,5723.00,0.990000,1.000000
"TOI-5344 b",10.60369574,130.94530368,3.79262200000,689.00,3747.00,0.588000,0.612000
"Kepler-1811 b",3.84829873,14.10000000,76.42230225000,455.00,5561.00,1.190000,0.946000
"Kepler-481 b",2.50000000,6.80000000,10.06082567000,899.00,5802.00,1.090000,1.010000
"Kepler-375 c",2.65000000,7.51000000,19.98632600000,720.00,5826.00,0.837000,0.891000
"Kepler-113 c",2.18000000,8.70000000,8.92507000000,628.00,4725.00,0.690000,0.750000
"Kepler-9 b",8.29000000,43.40000000,19.23891000000,661.00,5774.00,0.958000,1.022000
"Kepler-1590 b",1.14000000,1.55000000,7.61760804000,1020.00,6053.00,1.160000,1.110000
"Kepler-1514 b",12.41957200,1678.14240000,217.83184000000,387.90,6145.00,1.289000,1.196000
"Kepler-175 b",2.56000000,7.08000000,11.90351500000,827.00,6064.00,1.010000,0.969000
"K2-83 b",1.24400000,2.08000000,2.74697000000,707.17,3910.00,0.424000,0.484000
"Kepler-231 c",1.93000000,24.10000000,19.27156600000,393.00,3767.00,0.490000,0.580000
"Kepler-1683 b",1.87477762,4.17000000,15.03370000000,669.00,5429.00,0.900327,0.950000
"Kepler-1653 b",2.17000000,5.35000000,140.25240000000,284.00,4807.00,0.693000,0.719000
"Kepler-150 c",3.69000000,13.20000000,7.38199800000,876.00,5560.00,0.939000,0.956000
"Kepler-239 b",2.33000000,6.04000000,11.76305100000,616.00,4914.00,0.763000,0.757000
"Kepler-343 c",2.02000000,4.74000000,23.22182000000,746.00,5807.00,1.433000,1.055000
"TOI-5380 b",3.48093238,11.90000000,3.77229247873,1479.00,6400.78,1.562100,1.343000
"Kepler-1022 b",2.36000000,6.17000000,10.99469878000,512.00,4445.00,0.680000,0.710000
"Kepler-354 b",1.84000000,4.04000000,5.47666000000,741.00,4648.00,0.674000,0.652000
"Kepler-1434 b",1.11000000,1.41000000,8.05333618000,1320.00,6291.00,2.040000,1.470000
"Kepler-1593 b",3.17000000,10.20000000,174.50983500000,260.00,4995.00,0.770000,0.810000
"Kepler-1453 b",2.67000000,7.61000000,47.16116960000,503.00,5665.00,0.940000,0.970000
"Kepler-1989 b",4.62000000,19.30000000,10.16102352800,904.00,6032.00,1.060000,0.999000
"K2-122 b",1.16000000,1.65000000,2.21930230000,769.00,4009.00,0.590000,0.630000
"Kepler-1046 b",1.71000000,3.57000000,14.37508035000,786.00,5913.00,1.040000,1.040000
"Kepler-122 b",2.34000000,6.08000000,5.76619300000,1159.00,6050.00,1.216000,0.982000
"Kepler-1907 c",1.15547044,1.63000000,14.86390018000,620.00,5159.00,0.800000,0.752000
"Kepler-1594 b",1.06000000,1.20000000,2.71603809000,1360.00,5946.00,1.080000,1.060000
"Kepler-80 b",2.67000000,6.93000000,7.05246000000,547.00,4540.00,0.678000,0.730000
"Kepler-438 b",1.12000000,1.46000000,35.23319000000,288.00,3748.00,0.520000,0.544000
"Kepler-1455 b",2.16000000,5.31000000,49.27676400000,298.00,4075.00,0.600000,0.620000
"Kepler-1490 b",3.04000000,9.48000000,92.43629730000,348.00,5515.00,0.870000,0.900000
"Kepler-700 b",5.99000000,30.00000000,80.87206390000,452.00,5692.00,0.960000,0.980000
"K2-345 b",2.11000000,5.10000000,10.36743700000,437.00,3779.00,0.520000,0.560000
"Kepler-1133 b",1.97000000,4.54000000,11.55562343000,703.00,5569.00,0.900000,0.930000
"Kepler-1953 b",1.28574667,2.20000000,6.24565982800,731.00,4858.00,0.707000,0.786000
"Kepler-53 b",2.89000000,111.00000000,18.64895250000,701.00,5858.00,0.890000,0.980000
"Kepler-1518 b",3.05000000,9.53000000,5.11177904000,1351.00,6846.00,1.880000,1.540000
"Kepler-251 b",1.33000000,2.33000000,4.79093600000,990.00,5526.00,0.890000,0.891000
"Kepler-370 c",1.91000000,4.31000000,19.02293000000,647.00,5852.00,0.900000,0.982000
"Kepler-1161 b",2.13000000,5.18000000,10.71252541000,485.00,4253.00,0.570000,0.590000
"Kepler-1184 b",2.68000000,7.65000000,53.59910440000,529.00,5983.00,1.070000,1.050000
"Kepler-1181 c",1.83000000,4.01000000,8.93484887000,1124.00,6688.00,1.347000,1.336000
"Kepler-1599 b",1.62000000,3.26000000,122.36355300000,407.00,5767.00,0.990000,0.990000
"Kepler-442 b",1.34000000,2.36000000,112.30530000000,241.00,4402.00,0.598000,0.609000
"Kepler-1185 b",1.33000000,2.33000000,104.35189760000,355.00,5622.00,0.870000,0.960000
"K2-181 b",2.69000000,7.70000000,6.89410000000,949.00,5528.00,1.060000,0.960000
"Kepler-31 d",3.90000000,2161.24400000,87.64510000000,484.00,6340.00,1.220000,1.210000
"Kepler-1070 b",1.73000000,3.64000000,6.22161470000,1101.00,6261.00,1.320000,1.210000
"Kepler-1162 b",2.21000000,5.52000000,32.56370690000,490.00,5390.00,0.840000,0.890000
"Kepler-1560 b",0.89000000,0.64000000,3.03195744000,1269.00,5815.00,1.020000,1.020000
"Kepler-1702 b",1.60190793,3.20000000,18.50120000000,555.00,5093.00,0.725742,0.850000
"Kepler-1621 b",2.16000000,5.31000000,92.26371400000,469.00,6158.00,1.240000,1.150000
"Kepler-240 c",2.20000000,102.30000000,7.95352800000,696.00,4985.00,0.739000,0.868000
"Kepler-1972 c",0.86800000,2.11000000,11.32950000000,1215.00,5818.00,1.384000,1.120000
"K2-278 b",2.98000000,9.17000000,3.33496600000,1711.00,6747.00,1.610000,1.400000
"Kepler-42 d",0.57000000,0.35778500,1.86516900000,450.00,3068.00,0.170000,0.130000
"Kepler-1050 b",1.60000000,3.19000000,15.37875460000,1039.00,6010.00,1.130000,1.090000
"Kepler-1001 b",3.15000000,10.10000000,14.30511983000,693.00,5491.00,0.880000,0.900000
"Kepler-478 b",2.71000000,7.80000000,13.22175760000,640.00,5210.00,0.800000,0.850000
"Kepler-1164 b",1.12000000,1.46000000,3.97599768000,936.00,5183.00,0.790000,0.850000
"Kepler-692 b",3.11000000,9.85000000,21.81293494000,639.00,5440.00,0.860000,0.900000
"Kepler-1464 c",1.00000000,0.97200000,5.32786292000,1023.00,5828.00,1.010000,1.020000
"K2-268 c",2.69000000,7.70000000,9.32752700000,696.00,5106.00,0.780000,0.840000
"Kepler-594 b",2.18000000,5.39000000,13.64618192000,678.00,5485.00,0.870000,0.910000
"Kepler-23 c",3.00500000,7.81000000,10.74000000000,1008.00,5828.00,1.548000,1.078000
"Kepler-150 b",1.25000000,2.10000000,3.42805400000,1131.00,5560.00,0.939000,0.956000
"Kepler-199 b",3.11000000,9.85000000,23.63760400000,595.00,5644.00,0.967000,0.960000
"Kepler-1499 b",1.19000000,1.81000000,44.20080000000,409.00,5097.00,0.780000,0.820000
"Kepler-1498 b",1.33000000,2.33000000,48.05140500000,564.00,5256.00,0.810000,0.860000
"Kepler-611 b",1.65000000,3.36000000,2.43703330200,1513.00,5761.00,1.010000,1.010000
"TOI-5502 b",4.12873780,15.90000000,11.62592988285,870.00,6088.71,1.323750,1.244000
"Kepler-1141 b",0.82000000,0.47700000,2.34451194400,1471.00,5791.00,1.070000,1.010000
"Kepler-1073 b",2.30000000,5.90000000,8.67888593000,905.00,5792.00,1.000000,1.000000
"Kepler-1170 b",2.41000000,6.39000000,9.98969327000,705.00,5069.00,0.760000,0.800000
"Kepler-157 d",1.46000000,2.73000000,7.02573474000,969.00,5866.00,1.030000,1.020000
"Kepler-549 c",2.93000000,8.91000000,117.04049800000,349.00,5360.00,0.840000,0.880000
"Kepler-688 b",9.76000000,68.70000000,3.89593684400,1005.00,5715.00,0.960000,0.980000
"Kepler-632 b",2.21000000,5.52000000,30.99660733000,500.00,5322.00,0.840000,0.910000
"Kepler-1502 b",3.18000000,10.20000000,41.70836290000,608.00,6666.00,1.720000,1.440000
"Kepler-253 b",1.63000000,3.29000000,3.78398600000,949.00,5208.00,0.786000,0.860000
"Kepler-1119 b",1.92000000,4.35000000,8.32651530000,938.00,6083.00,1.170000,1.110000
"Kepler-543 b",2.50000000,6.80000000,13.89961966000,521.00,4671.00,0.670000,0.700000
"Kepler-693 b",10.18000000,73.80000000,15.37563332000,600.00,4881.00,0.720000,0.760000
"Kepler-1710 b",3.19744103,3.49494179,14.91110039000,694.00,5650.00,0.899000,0.932000
"Kepler-1928 b",1.99200000,4.63000000,19.57783000000,621.00,5720.00,0.920000,1.010000
"Kepler-1999 b",3.29000000,10.80000000,8.73967580000,577.00,4406.00,0.628000,0.632000
"KOI-7368 b",2.22000000,5.56000000,6.84303440000,805.00,5241.00,0.874000,0.879000
"K2-198 b",4.18900000,16.30000000,17.04286830000,715.80,5212.90,0.757000,0.799000
"Kepler-227 c",3.04000000,9.48000000,54.41869400000,443.00,5854.00,1.091000,0.954000
"Kepler-26 d",1.07000000,1.24000000,3.54391900000,652.00,4486.00,0.571000,0.593000
"KELT-17 b",17.09372500,416.35730000,3.08017160000,2087.00,7454.00,1.645000,1.635000
"IC 4651 9122 b",12.70000000,2002.32900000,734.00000000000,513.04,4740.10,10.267424,2.100000
"GJ 229 b",3.97000000,14.93793513,579.47495000000,111.85,3564.00,0.460000,0.509000
"GJ 180 c",2.41000000,6.40000000,24.32900000000,290.87,3371.00,0.413049,0.430000
"HD 68988 c",12.20000000,4776.96095721,16000.00000000000,87.50,5883.41,1.255733,1.171665
"KIC 5479689 b",14.20000000,158.91420350,1.70153100000,,5459.10,0.894000,0.966000
"HD 93385 b",1.88000000,4.20000000,7.34260000000,1141.00,5977.00,1.184840,1.040000
"Kepler-294 c",2.71000000,7.80000000,6.62640000000,895.00,5913.00,0.976000,0.947000
"TOI-4311 c",2.47000000,13.58000000,15.07042500000,671.00,5063.00,0.844100,0.816000
"WASP-118 b",16.14096000,163.36462000,4.04604350000,1729.00,6410.00,1.696000,1.320000
"TAP 26 b",13.50000000,527.59780000,10.79000000000,774.52,4620.00,1.170000,1.040000
"HD 92788 c",13.00000000,1166.43610000,11611.29750000000,91.27,5744.00,1.140000,1.150000
"GJ 422 b",3.33000000,11.07000000,20.12900000000,292.68,3323.00,0.370328,0.350000
"GJ 414 A c",8.40000000,53.83000000,749.83000000000,124.70,4120.00,0.680000,0.650000
"TOI-3593 b",11.02963701,565.73456446,3.82128670000,1170.00,5550.00,0.918000,1.015000
"WASP-195 b",10.31226224,33.05415433,5.05192800000,1522.00,6300.00,1.578000,1.300000
"TOI-4529 b",1.77000000,4.90000000,5.87957700000,511.00,3697.00,0.480000,0.482000
"HD 27631 b",13.50000000,495.81231492,2198.14000000000,147.61,5737.00,0.923000,0.944000
"Wolf 503 b",2.04300000,6.26000000,6.00127000000,790.00,4716.00,0.689000,0.688000
"WASP-183 b",16.47723000,159.55066000,4.11177710000,1111.00,5313.00,0.871000,0.784000
"Kepler-1747 b",4.26508000,16.80000000,6.23031997700,875.00,5477.00,0.865000,0.983000
"Kepler-906 b",2.11000000,5.10000000,41.69799760000,537.00,6035.00,1.020000,1.060000
"TOI-4551 b",11.85910158,473.56432643,9.95581000000,1655.00,4896.00,3.550000,1.310000
"HD 98649 b",12.50000000,3082.93554790,5384.00000000000,114.22,5759.00,1.010000,0.970000
"Kepler-780 b",0.89000000,0.64000000,0.67737516400,2099.00,5769.00,1.020000,1.010000
"NGTS-16 b",14.57167491,211.99154747,4.84532000000,1177.00,5550.00,1.213000,1.002000
"TOI-1634 b",1.75900000,4.90000000,0.98934551000,900.00,3550.00,0.450000,0.502000
"Kepler-275 b",2.34000000,6.08000000,10.30068200000,1015.00,6165.00,1.383000,1.189000
"Kepler-121 c",2.27000000,5.77000000,41.00801100000,425.00,5311.00,0.701000,0.859000
"TOI-4342 c",2.34900000,4.80000000,10.68866200000,514.00,3866.00,0.598000,0.587000
"Kepler-168 b",1.46000000,2.73000000,4.42539100000,1240.00,6282.00,1.107000,1.113000
"Kepler-471 b",14.96000000,,5.01423457500,1308.00,6733.00,1.800000,1.490000
"HD 42012 b",13.50000000,508.52800000,857.50000000000,182.63,5405.00,0.820000,0.830000
"Qatar-10 b",17.29548700,233.92288000,1.64532100000,1955.00,6124.00,1.254000,1.156000
"GJ 720 A b",3.77000000,13.64000000,19.46600000000,401.00,3837.00,0.560000,0.570000
"HD 137496 b",1.31000000,4.04000000,1.62116000000,2130.00,5799.00,1.590000,1.040000
"K2-389 b",2.33000000,6.04000000,8.58289000000,932.00,5773.00,1.094000,0.990000
"Kepler-17 b",14.68000000,778.65000000,1.48571080000,1570.00,5781.00,1.010340,1.040000
"Kepler-176 b",1.43000000,290.53700000,5.43307400000,841.00,5232.00,0.891000,0.860000
"NN Ser d",13.30000000,724.62200000,2880.00000000000,,57000.00,,0.535000
"HD 214823 b",12.10000000,5914.78665427,1854.84424000000,243.90,6215.00,2.040000,1.115000
"Kepler-761 b",2.03000000,4.78000000,10.12804789000,767.00,5706.00,0.930000,0.950000
"TOI-216.01",10.10000000,177.98390792,34.52552800000,497.00,5026.00,0.748000,0.770000
"TOI-1259 A b",11.60000000,141.00000000,3.47797920000,963.00,4775.00,0.715000,0.746000
"Kepler-107 e",2.90300000,14.10000000,14.74914300000,955.00,5854.00,1.447000,1.238000
"Kepler-450 c",2.62000000,12.50000000,15.41313500000,944.00,6197.21,1.641620,1.190000
"TOI-4578 b",2.26974262,5.77000000,8.62392630369,842.42,5951.32,0.878735,1.077000
"HD 1605 b",13.80000000,296.85322000,577.20000000000,362.48,4915.00,3.490000,1.330000
"HD 210193 b",14.30000000,153.10000000,649.91800000000,235.69,5790.00,1.059710,1.040000
"HD 108236 c",2.07100000,4.94000000,6.20344900000,932.00,5660.00,0.877000,0.869000
"K2-392 b",1.85000000,4.08000000,15.39872300000,,5726.00,1.058000,0.841000
"TOI-4145 A b",13.30506009,136.66621501,4.06644280000,1074.00,5281.00,0.859000,0.905000
"TOI-4379 b",16.69017226,353.74301699,3.25352000000,1869.38,6020.00,1.976000,1.372000
"Kepler-1663 b",3.30395896,10.90000000,17.60460000000,362.00,3844.00,0.628590,0.610816
"Kepler-273 c",1.98000000,4.58000000,8.01492700000,865.00,5626.00,0.815000,0.756000
"GJ 3138 c",1.88000000,4.18000000,5.97400000000,530.85,3717.00,0.500000,0.681000
"K2-291 b",1.58900000,6.49000000,2.22517700000,1278.00,5520.00,0.899000,0.934000
"HD 39855 b",2.85000000,8.50000000,3.24980000000,1145.89,5576.00,0.744665,0.870000
"HIP 90988 b",13.40000000,668.07531151,455.73816000000,400.77,4883.00,3.940000,1.613000
"TOI-558 b",12.17295304,1147.36054927,14.57407100000,1061.00,6466.00,1.496000,1.349000
"GPX-1 b",16.47720163,6261.21961790,1.74457900000,2300.00,7000.00,1.560000,1.680000
"TOI-3819 b",13.13692538,352.78953177,3.24431410000,1633.00,5859.00,1.538000,1.242000
"Kepler-181 b",1.27000000,2.15000000,3.13787300000,1041.00,5333.00,0.749000,0.810000
"K2-38 c",2.29000000,8.30000000,10.56103000000,916.00,5731.00,1.060000,1.030000
"HD 224538 b",12.70000000,2075.73732612,1202.05199000000,236.74,6097.00,1.540000,1.230000
"GJ 273 b",1.51000000,2.89000000,18.64980000000,292.47,3382.00,0.293000,0.290000
"K2-292 b",2.63000000,24.50000000,16.98410000000,795.00,5725.00,1.090000,1.000000
"GJ 4276 b",4.22000000,16.57000000,13.35200000000,363.86,3387.00,0.407000,0.406000
"HD 102843 b",13.10000000,113.90000000,3090.94200000000,127.34,5436.00,0.961488,0.950000
"Kepler-271 b",1.23000000,2.04000000,10.43547805000,759.00,5555.00,0.870000,0.900000
"CFHTWIR-Oph 98 b",20.84870410,2479.06157460,8040000.00000000000,1800.00,2320.00,0.245000,0.014700
"TOI-1431 b",16.70138124,991.62462984,2.65023700000,2370.00,7690.00,1.920000,1.900000
"K2-395 c",3.39500000,11.40000000,8.49128200000,,5007.00,0.783000,0.952000
"TOI-4406 b",11.20898070,95.34852210,30.08364000000,904.00,6219.00,1.290000,1.190000
"Kepler-149 d",3.96000000,14.90000000,160.01803200000,306.00,5381.00,0.953000,1.013000
"TOI-4405 b",2.55505441,7.06000000,5.92143995316,671.87,4467.38,0.687025,0.680000
"TOI-5027 b",10.76062147,642.01338214,10.24368000000,1056.00,5909.00,0.920000,1.020000
"GJ 273 c",1.06000000,1.18000000,4.72340000000,462.26,3382.00,0.293000,0.290000
"HD 20781 d",3.25000000,10.61000000,29.15800000000,570.19,5256.00,0.833609,0.700000
"HD 110113 b",2.05000000,4.55000000,2.54100000000,1371.00,5732.00,0.968000,0.997000
"HAT-P-63 b",12.54284940,195.14664190,3.37772800000,1237.00,5400.00,0.966100,0.925000
"K2-398 b",2.27400000,5.79000000,6.39302500000,,5946.00,1.239000,0.945000
"TOI-3862 b",5.53000000,53.70000000,1.55745774000,1539.00,5300.00,0.920000,0.900000
"Kepler-284 c",2.61000000,7.32000000,37.51445600000,478.00,5615.00,0.814000,0.766000
"TOI-4662 b",2.87998299,8.65000000,4.70343764575,741.00,4520.41,0.693750,0.703000
"HD 7924 c",,1762.67634522,15.29900000000,583.60,5075.00,0.782100,0.832000
"NGC 2682 YBP 401 b",14.30000000,146.20180000,4.08700000000,,6165.00,1.215821,1.140000
"WASP-142 b",17.14977000,266.97720000,2.05286800000,2000.00,6010.00,1.640000,1.330000
"WASP-171 b",10.98482000,344.52772000,3.81862440000,1642.00,5965.00,1.637000,1.171000
"TOI-1789 b",16.14093221,222.47988490,3.20866400000,1927.00,5991.00,2.168000,1.507000
"HD 35843 c",2.54000000,11.32000000,46.96220000000,479.00,5666.00,0.897000,0.940000
"TOI-4666 b",12.53164042,155.41809102,2.90891650000,695.00,3793.00,0.585000,0.576000
"BD+20 594 b",2.57807000,22.24810000,41.68550000000,546.00,5766.00,1.080000,1.670000
"Kepler-19 d",5.06000000,22.50000000,62.95000000000,,5544.00,0.859000,0.936000
"GJ 143 b",2.61000000,22.70000000,35.61253000000,422.00,4640.00,0.695000,0.730000
"WASP-182 b",9.52765000,47.03884000,3.37698480000,1479.00,5638.00,1.340000,1.076000
"HD 107148 c",4.70000000,19.89605828,18.32670000000,799.68,5752.92,1.169193,1.105215
"Kepler-833 b",2.02000000,4.74000000,18.75469980000,382.00,4339.00,0.620000,0.640000
"Kepler-94 b",3.51000000,10.84000000,2.50806000000,997.00,4781.00,0.760000,0.810000
"TOI-4463 A b",13.26022417,252.35575516,2.88071980000,1395.00,5640.00,1.062000,1.056000
"HATS-9 b",13.85000000,266.02371000,1.91529100000,1746.00,5599.00,1.560000,1.100000
"TYC 0434-04538-1 b",12.70000000,1938.76300000,193.20000000000,877.80,4679.00,9.990000,1.040000
"Kepler-839 b",2.57000000,7.13000000,37.81445140000,626.00,6058.00,1.310000,1.220000
"HD 27969 b",12.90000000,1525.57635360,654.50000000000,261.00,5966.00,1.270000,1.160000
"TOI-3912 b",14.28024141,129.03833324,3.49362640000,1512.00,5725.00,1.392000,1.088000
"Kepler-294 b",1.77000000,3.78000000,3.70121200000,1087.00,5913.00,0.976000,0.947000
"TOI-4487 A b",14.60530185,397.28550875,3.95407090000,1639.00,6206.00,1.634000,1.378000
"K2-251 b",2.35000000,6.12000000,9.30075000000,437.00,3717.00,0.490000,0.520000
"GJ 3512 b",14.30000000,146.51889563,203.10900000000,97.19,3141.00,0.139000,0.123000
"HD 145675 c",12.60000000,2510.84441530,15732.45889000000,55.51,5338.00,0.930000,0.970000
"HD 95544 b",12.80000000,1913.64483855,2041.54152000000,156.50,5722.00,1.088000,1.010000
"Kepler-309 b",1.56000000,3.05000000,5.92365300000,531.00,4713.00,0.721000,0.816000
"WASP-74 b",15.24424000,228.83760000,2.13775000000,1865.00,5990.00,1.420000,0.980000
"Qatar-7 b",19.05530000,597.52040000,2.03204600000,2053.00,6387.00,1.564000,1.409000
"Kepler-270 b",2.01000000,4.70000000,11.47609400000,984.00,6067.00,1.461000,1.170000
"TOI-628 b",11.88154000,2011.86390000,3.40956750000,1586.00,6250.00,1.345000,1.311000
"HD 168009 b",3.05000000,9.53485221,15.14790000000,887.57,5778.33,1.209505,0.986073
"HD 164922 e",3.23000000,10.52012027,41.76300000000,543.73,5393.43,1.001813,0.921146
"HD 115954 b",12.60000000,2685.65003915,3700.00000000000,144.90,5957.00,1.213000,1.180000
"TOI-1278 b",12.21778896,5879.82552950,14.47567000000,407.87,3799.00,0.573000,0.540000
"LHS 1678 b",0.68500000,0.35000000,0.86023250000,830.44,3490.00,0.329000,0.345000
"TOI-3980 b",14.45958510,187.51876013,3.60892540000,1621.00,5840.00,1.626000,1.240000
"Kepler-903 b",2.01000000,4.70000000,10.35077210000,842.00,5682.00,0.970000,0.980000
"Kepler-84 c",2.36000000,20.20000000,12.88300000000,865.00,6039.00,1.430000,1.000000
"TOI-4507 b",8.20000000,20.00000000,104.61611000000,464.80,6260.00,1.040000,1.110000
"TOI-5160 b",2.39729851,6.33000000,4.28077325600,1016.00,5622.14,1.033150,1.003000
"EPIC 211822797 b",1.92000000,4.35000000,21.17019630000,431.00,4057.00,0.580000,0.620000
"K2-254 c",2.19000000,5.43000000,12.11839000000,551.00,4629.00,0.670000,0.710000
"GJ 160.2 b",3.17000000,10.20000000,5.23540000000,736.99,4347.00,0.655173,0.690000
"HD 39194 d",2.12000000,5.16000000,33.87400000000,503.31,5205.00,0.783742,0.860000
"Kepler-304 b",2.86000000,8.55000000,3.29570900000,875.00,4731.00,0.687000,0.737000
"Kepler-1756 b",1.47199944,2.77000000,2.35575008400,1093.00,4915.00,0.812000,0.781000
"EPIC 206317286 c",2.09400000,5.03000000,17.51547200000,,4752.00,0.758000,0.832000
"Kepler-195 b",2.03000000,4.78000000,8.30787200000,751.00,5329.00,0.775000,0.867000
"K2-28 b",2.32000000,5.99000000,2.26045500000,568.00,3214.00,0.288000,0.257000
"Kepler-1724 b",2.83677238,8.43000000,6.45442009000,999.00,6092.00,0.943000,1.016000
"HAT-P-7 b",16.92559000,584.80720000,2.20474000000,2733.00,6389.00,2.000000,1.560000
"Kepler-551 b",2.73000000,7.90000000,12.37646610000,483.00,4286.00,0.630000,0.650000
"K2-44 b",2.43300000,6.50000000,5.65700000000,1211.00,5912.00,1.580000,1.150000
"K2-27 b",4.74000000,30.20000000,6.77134700000,836.00,5246.00,0.876000,0.880000
"K2-378 b",2.88000000,8.65000000,2.06043800000,,4823.00,0.732000,0.923000
"K2-42 b",2.15000000,5.27000000,6.68796000000,718.09,4613.00,0.643000,0.702000
"K2-193 b",3.95000000,14.80000000,14.78688900000,739.00,5817.00,0.980000,1.010000
"Kepler-452 b",1.63000000,3.29000000,384.84300000000,265.00,5757.00,1.110000,1.037000
"Kepler-220 c",1.57000000,3.09000000,9.03419900000,586.00,4632.00,0.666000,0.729000
"Kepler-228 d",4.04000000,15.40000000,11.09428600000,835.00,6043.00,1.014000,1.006000
"Kepler-565 b",3.64000000,12.90000000,4.24374722600,1063.00,5735.00,0.950000,0.980000
"K2-35 b",1.32000000,2.30000000,2.39996400000,979.00,4402.71,0.619575,0.701968
"Kepler-1720 b",3.21585295,10.40000000,12.70639992000,697.00,5573.00,0.839000,0.939000
"K2-368 b",1.33200000,2.34000000,5.02559800000,,4663.00,0.663000,0.746000
